date,symbol,name,open,high,low,close,change_percent,volume,amount,source
2024-07-22,000001,上证指数,2978.19,2978.6,2946.56,2964.22,-0.61,27874955900.0,316415000000.0,csindex
2024-07-22,000300,沪深300,3538.4,3540.19,3494.01,3514.92,-0.68,13212633700.0,217457000000.00003,csindex
2024-07-22,000688,科创50,749.32,756.68,747.38,752.0,0.34,480597561.0,20925000000.0,csindex
2024-07-22,000852,中证1000,4822.64,4848.31,4798.12,4826.87,0.11,11073212100.0,117656000000.0,csindex
2024-07-22,399001,深证成指,8908.21,8925.44,8823.78,8869.82,-0.3753,317628061.36,340102151200.0,tencent
2024-07-22,399006,创业板指,1729.28,1735.6,1713.37,1723.91,-0.0916,116734816.0,159536486000.0,tencent
2024-07-22,899050,北证50,724.34,732.39,720.14,724.53,0.03,521659550.0,4924000000.0,csindex
2024-07-23,000001,上证指数,2960.5,2960.5,2915.37,2915.37,-1.65,29629599400.0,307194000000.0,csindex
2024-07-23,000300,沪深300,3509.79,3509.79,3439.88,3439.88,-2.14,12889766000.0,202858000000.0,csindex
2024-07-23,000688,科创50,750.13,750.13,720.88,721.11,-4.11,428081633.0,19261000000.0,csindex
2024-07-23,000852,中证1000,4825.75,4825.75,4694.95,4694.95,-2.73,12049520100.0,121482000000.0,csindex
2024-07-23,399001,深证成指,8862.94,8862.94,8606.58,8606.58,-2.9678,352207187.4,354993771599.99994,tencent
2024-07-23,399006,创业板指,1721.93,1722.08,1671.44,1671.44,-3.0437,129222829.0,166042040500.0,tencent
2024-07-23,899050,北证50,725.05,734.12,711.46,711.46,-1.8,493686054.0,4679000000.0,csindex
2024-07-24,000001,上证指数,2909.15,2922.03,2894.29,2901.95,-0.46,30611885300.0,288660000000.0,csindex
2024-07-24,000300,沪深300,3432.35,3451.42,3408.41,3418.17,-0.63,12703626300.0,184884000000.0,csindex
2024-07-24,000688,科创50,720.47,726.31,712.33,713.32,-1.08,373510287.0,16207000000.0,csindex
2024-07-24,000852,中证1000,4682.06,4713.07,4625.42,4631.01,-1.36,12109198000.0,118859999999.99998,csindex
2024-07-24,399001,深证成指,8582.63,8640.33,8469.88,8493.1,-1.3185,343869450.32,338552788300.0,tencent
2024-07-24,399006,创业板指,1666.62,1682.96,1645.75,1650.91,-1.2283,125619573.0,160531751100.0,tencent
2024-07-24,899050,北证50,709.5,713.2,693.48,693.92,-2.46,480562649.0,4392000000.0,csindex
2024-07-25,000001,上证指数,2891.89,2897.77,2872.85,2886.74,-0.52,27463950000.0,273282000000.00003,csindex
2024-07-25,000300,沪深300,3404.61,3415.86,3383.8,3399.27,-0.55,13102224200.0,190131000000.0,csindex
2024-07-25,000688,科创50,708.94,722.6,708.94,713.88,0.08,382218573.0,13951000000.0,csindex
2024-07-25,000852,中证1000,4602.63,4678.66,4587.71,4632.57,0.03,10853045800.0,105863000000.00002,csindex
2024-07-25,399001,深证成指,8443.44,8524.81,8428.75,8474.7,-0.2166,309849711.18,315353159200.0,tencent
2024-07-25,399006,创业板指,1641.68,1658.13,1638.54,1644.45,-0.3913,113167757.0,149046343400.0,tencent
2024-07-25,899050,北证50,690.94,705.87,690.94,697.31,0.49,478671814.0,4390000000.0,csindex
2024-07-26,000001,上证指数,2886.0,2899.12,2875.4,2890.9,0.14,27838753600.0,275443000000.0,csindex
2024-07-26,000300,沪深300,3403.71,3420.82,3388.66,3409.29,0.29,12419555800.0,187853000000.0,csindex
2024-07-26,000688,科创50,713.89,723.49,710.33,719.87,0.84,323530900.0,13061000000.000002,csindex
2024-07-26,000852,中证1000,4638.31,4710.57,4638.31,4702.08,1.5,11069103300.0,108478000000.0,csindex
2024-07-26,399001,深证成指,8512.79,8617.65,8512.79,8597.17,1.4451,329209892.3,330665818700.0,tencent
2024-07-26,399006,创业板指,1649.34,1670.21,1646.63,1659.53,0.917,120601899.0,152753057900.0,tencent
2024-07-26,899050,北证50,697.69,703.91,695.23,701.5,0.6,479597756.0,4408000000.0,csindex
2024-07-29,000001,上证指数,2889.47,2898.95,2878.58,2891.85,0.03,25689972700.0,260094999999.99997,csindex
2024-07-29,000300,沪深300,3404.37,3408.5,3388.84,3390.74,-0.54,10978778600.0,166697000000.0,csindex
2024-07-29,000688,科创50,719.55,721.22,707.6,707.6,-1.7,342202855.0,13072000000.0,csindex
2024-07-29,000852,中证1000,4707.28,4707.28,4670.8,4685.65,-0.35,10931960500.0,108823000000.0,csindex
2024-07-29,399001,深证成指,8589.28,8589.28,8510.49,8514.65,-0.9599,324846417.67,325844608500.0,tencent
2024-07-29,399006,创业板指,1653.39,1653.39,1634.51,1635.67,-1.4378,125779956.0,157247434300.0,tencent
2024-07-29,899050,北证50,703.03,703.03,694.14,694.8,-0.95,426802332.0,3922999999.9999995,csindex
2024-07-30,000001,上证指数,2885.22,2885.22,2865.15,2879.3,-0.43,26247883700.0,269477000000.0,csindex
2024-07-30,000300,沪深300,3380.69,3380.69,3352.8,3369.38,-0.63,10495216400.0,165443000000.0,csindex
2024-07-30,000688,科创50,706.86,712.15,699.9,710.01,0.34,324773241.0,12348000000.0,csindex
2024-07-30,000852,中证1000,4674.92,4716.21,4637.41,4702.49,0.36,11231559400.0,112128000000.0,csindex
2024-07-30,399001,深证成指,8482.17,8488.52,8416.6,8468.58,-0.5411,342191574.53,329999501700.0,tencent
2024-07-30,399006,创业板指,1629.18,1637.21,1621.94,1630.95,-0.2886,127732992.0,155469912800.0,tencent
2024-07-30,899050,北证50,694.24,705.86,690.7,700.61,0.84,460801782.0,4239000000.0,csindex
2024-07-31,000001,上证指数,2877.54,2940.59,2876.3,2938.75,2.06,41272341700.0,418872000000.0,csindex
2024-07-31,000300,沪深300,3364.03,3445.0,3364.03,3442.08,2.16,17195917700.0,258248999999.99997,csindex
2024-07-31,000688,科创50,707.66,744.0,707.2,743.37,4.7,498492235.0,20130000000.0,csindex
2024-07-31,000852,中证1000,4698.73,4889.77,4690.0,4889.08,3.97,17376194200.0,168966000000.0,csindex
2024-07-31,399001,深证成指,8446.5,8754.93,8444.15,8754.09,3.3714,490100421.8,484430145900.00006,tencent
2024-07-31,399006,创业板指,1623.04,1689.49,1623.04,1688.14,3.5065,176722511.0,223936183299.99997,tencent
2024-07-31,899050,北证50,699.06,719.13,698.16,717.93,2.47,541288671.0,5145000000.0,csindex
2024-08-01,000001,上证指数,2940.12,2947.88,2928.83,2932.39,-0.22,34662113700.0,352586000000.0,csindex
2024-08-01,000300,沪深300,3443.14,3448.34,3419.19,3419.27,-0.66,13632346400.0,206038000000.0,csindex
2024-08-01,000688,科创50,745.96,748.77,735.58,738.87,-0.61,427619129.0,17678000000.0,csindex
2024-08-01,000852,中证1000,4894.81,4933.06,4850.63,4878.29,-0.22,14642142100.0,150211000000.0,csindex
2024-08-01,399001,深证成指,8767.33,8799.09,8656.95,8673.58,-0.9197,428500083.25,429663281000.0,tencent
2024-08-01,399006,创业板指,1690.22,1694.59,1663.08,1665.97,-1.3133,152988021.0,199016642500.0,tencent
2024-08-01,899050,北证50,718.65,723.79,714.62,716.12,-0.25,463064836.0,4454000000.0,csindex
2024-08-02,000001,上证指数,2913.02,2931.26,2902.72,2905.34,-0.92,31220503900.0,314918000000.0,csindex
2024-08-02,000300,沪深300,3393.92,3419.1,3380.96,3384.39,-1.02,11661525500.0,179671000000.0,csindex
2024-08-02,000688,科创50,730.65,742.23,723.56,725.66,-1.79,368161876.0,15954000000.0,csindex
2024-08-02,000852,中证1000,4844.78,4902.94,4802.02,4809.89,-1.4,13798976700.0,141717000000.0,csindex
2024-08-02,399001,深证成指,8599.06,8697.49,8542.39,8553.55,-1.3839,419216271.49,407442285300.0,tencent
2024-08-02,399006,创业板指,1649.84,1671.36,1635.44,1638.3,-1.6609,152571434.0,192044651300.0,tencent
2024-08-02,899050,北证50,710.98,717.36,702.2,703.58,-1.75,431481285.0,3982000000.0,csindex
2024-08-05,000001,上证指数,2889.36,2919.03,2860.7,2860.7,-1.54,35554057200.0,356863000000.0,csindex
2024-08-05,000300,沪深300,3362.11,3409.03,3343.32,3343.32,-1.21,14281251600.0,223631000000.0,csindex
2024-08-05,000688,科创50,719.16,730.29,704.26,704.3,-2.94,455944896.0,18303000000.0,csindex
2024-08-05,000852,中证1000,4776.18,4854.59,4678.74,4678.78,-2.73,15284748500.0,147490000000.0,csindex
2024-08-05,399001,深证成指,8475.45,8646.86,8395.04,8395.05,-1.853,457625392.27,433619549500.0,tencent
2024-08-05,399006,创业板指,1621.19,1656.09,1607.24,1607.29,-1.8928,160975517.0,191997161500.0,tencent
2024-08-05,899050,北证50,701.27,706.74,682.25,682.25,-3.03,382973287.0,3428000000.0,csindex
2024-08-06,000001,上证指数,2878.65,2888.2,2845.34,2867.28,0.23,29730080300.0,295836000000.0,csindex
2024-08-06,000300,沪深300,3367.35,3376.8,3318.63,3342.98,-0.01,11934027900.0,181725000000.0,csindex
2024-08-06,000688,科创50,714.49,717.19,705.02,713.86,1.36,380670597.0,13686000000.000002,csindex
2024-08-06,000852,中证1000,4731.2,4766.27,4695.64,4749.95,1.52,12709764100.0,119129000000.0,csindex
2024-08-06,399001,深证成指,8481.73,8525.72,8388.26,8463.86,0.8196,400614561.3,358354485200.00006,tencent
2024-08-06,399006,创业板指,1628.12,1638.48,1612.0,1627.36,1.2487,135072729.0,156066994000.0,tencent
2024-08-06,899050,北证50,686.6,694.84,686.6,692.53,1.51,328168809.0,2871000000.0,csindex
2024-08-07,000001,上证指数,2864.01,2886.94,2857.72,2869.83,0.09,26309715000.0,263794000000.0,csindex
2024-08-07,000300,沪深300,3338.59,3362.38,3329.97,3341.49,-0.04,9508437700.0,145079000000.0,csindex
2024-08-07,000688,科创50,712.74,716.26,706.83,707.59,-0.88,272349975.0,10994000000.0,csindex
2024-08-07,000852,中证1000,4741.65,4772.21,4715.53,4743.41,-0.14,11261928400.0,108824000000.0,csindex
2024-08-07,399001,深证成指,8450.49,8505.13,8416.25,8449.58,-0.1687,355476030.12,328241148400.0,tencent
2024-08-07,399006,创业板指,1624.06,1632.64,1618.39,1620.33,-0.432,127274048.0,149033939600.0,tencent
2024-08-07,899050,北证50,692.91,695.2,689.95,691.53,-0.14,304155810.0,2704000000.0,csindex
2024-08-08,000001,上证指数,2864.76,2886.4,2850.87,2869.9,0.0,28912863200.0,271108000000.0,csindex
2024-08-08,000300,沪深300,3332.43,3364.79,3320.84,3342.94,0.04,9249569500.0,149483000000.0,csindex
2024-08-08,000688,科创50,703.06,716.6,699.7,708.92,0.19,315469287.0,11846000000.0,csindex
2024-08-08,000852,中证1000,4728.33,4776.49,4677.43,4739.49,-0.08,12674657200.0,118155000000.0,csindex
2024-08-08,399001,深证成指,8415.08,8514.67,8361.58,8446.21,-0.0399,389688600.37,348767350400.0,tencent
2024-08-08,399006,创业板指,1611.26,1628.66,1598.68,1611.51,-0.5443,140737680.0,155754578500.0,tencent
2024-08-08,899050,北证50,691.2,692.35,683.93,688.44,-0.45,368603372.0,3276000000.0,csindex
2024-08-09,000001,上证指数,2879.87,2887.85,2862.19,2862.19,-0.27,28425391600.0,252884000000.0,csindex
2024-08-09,000300,沪深300,3358.13,3366.67,3331.63,3331.63,-0.34,9151162600.0,142852000000.0,csindex
2024-08-09,000688,科创50,717.14,719.43,705.55,705.55,-0.48,292571529.0,12686000000.0,csindex
2024-08-09,000852,中证1000,4760.13,4789.17,4702.75,4702.75,-0.78,11566533800.0,101904000000.0,csindex
2024-08-09,399001,深证成指,8486.42,8527.64,8393.7,8393.7,-0.6217,371027039.41,310192845500.0,tencent
2024-08-09,399006,创业板指,1621.84,1628.53,1595.64,1595.64,-0.9848,125398160.0,138758650300.0,tencent
2024-08-09,899050,北证50,690.49,696.3,688.88,689.4,0.14,306682739.0,2975000000.0,csindex
2024-08-12,000001,上证指数,2858.89,2869.27,2851.3,2858.2,-0.14,24424137100.0,217627000000.0,csindex
2024-08-12,000300,沪深300,3327.56,3338.08,3319.89,3325.86,-0.17,7993875400.0,117545000000.0,csindex
2024-08-12,000688,科创50,704.37,709.21,702.95,707.33,0.25,268666617.0,10072000000.0,csindex
2024-08-12,000852,中证1000,4696.36,4707.22,4657.33,4674.1,-0.61,10766524500.0,93580000000.0,csindex
2024-08-12,399001,深证成指,8386.83,8419.7,8354.42,8373.47,-0.241,338336031.9,278254690500.0,tencent
2024-08-12,399006,创业板指,1596.41,1601.85,1589.09,1592.39,-0.2037,124201843.0,129209226000.0,tencent
2024-08-12,899050,北证50,689.86,695.18,683.35,685.69,-0.54,324164874.0,2878000000.0,csindex
2024-08-13,000001,上证指数,2860.41,2867.95,2845.31,2867.95,0.34,23167460100.0,210909000000.0,csindex
2024-08-13,000300,沪深300,3328.01,3335.01,3310.19,3334.39,0.26,8448967900.0,125258999999.99998,csindex
2024-08-13,000688,科创50,707.7,710.89,702.91,710.75,0.48,262761072.0,9443000000.0,csindex
2024-08-13,000852,中证1000,4671.2,4698.34,4642.67,4697.59,0.5,10020724800.0,89086000000.0,csindex
2024-08-13,399001,深证成指,8372.71,8409.24,8327.35,8409.22,0.4269,309201590.22,266414003800.0,tencent
2024-08-13,399006,创业板指,1592.04,1607.26,1587.52,1607.19,0.9294,112275494.0,121896298100.0,tencent
2024-08-13,899050,北证50,685.35,689.28,680.98,689.28,0.52,292598375.0,2671000000.0,csindex
2024-08-14,000001,上证指数,2866.24,2866.24,2850.4,2850.65,-0.6,21788517000.0,207458000000.0,csindex
2024-08-14,000300,沪深300,3332.79,3332.79,3309.1,3309.24,-0.75,7874240700.0,118182000000.0,csindex
2024-08-14,000688,科创50,711.66,711.94,700.85,700.93,-1.38,244018595.0,10016000000.0,csindex
2024-08-14,000852,中证1000,4698.0,4698.15,4649.28,4649.28,-1.03,9991137300.0,88773000000.0,csindex
2024-08-14,399001,深证成指,8403.48,8403.48,8311.0,8311.0,-1.168,311360593.27,269995914300.0,tencent
2024-08-14,399006,创业板指,1606.44,1606.44,1584.33,1584.33,-1.4224,123258597.0,129270008200.0,tencent
2024-08-14,899050,北证50,692.22,692.22,680.12,682.18,-1.03,315770046.0,2853000000.0,csindex
2024-08-15,000001,上证指数,2844.2,2889.09,2839.39,2877.36,0.94,27190000000.0,254987000000.0,csindex
2024-08-15,000300,沪深300,3301.45,3356.76,3297.97,3341.95,0.99,10476639900.0,149249000000.0,csindex
2024-08-15,000688,科创50,699.09,714.46,697.86,707.55,0.94,343648840.0,12203000000.0,csindex
2024-08-15,000852,中证1000,4639.08,4743.73,4620.56,4691.85,0.92,12990065000.0,111783000000.0,csindex
2024-08-15,399001,深证成指,8292.2,8439.69,8288.71,8370.12,0.7113,402346456.66,336535483500.0,tencent
2024-08-15,399006,创业板指,1581.15,1608.95,1581.05,1592.71,0.5289,161888002.0,159307585800.0,tencent
2024-08-15,899050,北证50,679.58,686.71,677.06,679.54,-0.39,333844167.0,2967000000.0,csindex
2024-08-16,000001,上证指数,2877.94,2888.68,2873.06,2879.43,0.07,26365344100.0,243608000000.0,csindex
2024-08-16,000300,沪深300,3342.03,3356.91,3335.62,3345.63,0.11,9651908300.0,135884999999.99998,csindex
2024-08-16,000688,科创50,707.39,710.99,703.58,705.22,-0.33,270107800.0,10405000000.0,csindex
2024-08-16,000852,中证1000,4696.72,4703.03,4654.46,4655.65,-0.77,12261254100.0,108414000000.00002,csindex
2024-08-16,399001,深证成指,8377.95,8408.39,8339.58,8349.87,-0.2419,397382324.56,347548660600.0,tencent
2024-08-16,399006,创业板指,1594.51,1603.43,1587.41,1591.46,-0.0785,172590183.0,175681165200.0,tencent
2024-08-16,899050,北证50,680.57,682.85,675.27,675.74,-0.56,332325328.0,3074000000.0,csindex
2024-08-19,000001,上证指数,2877.95,2905.15,2877.77,2893.67,0.49,26168773000.0,242994999999.99997,csindex
2024-08-19,000300,沪深300,3344.26,3375.96,3343.71,3356.97,0.34,10557111000.0,143422000000.0,csindex
2024-08-19,000688,科创50,705.04,712.01,703.0,703.32,-0.27,273288747.0,11421000000.0,csindex
2024-08-19,000852,中证1000,4651.3,4714.06,4644.6,4663.61,0.17,11994224400.0,104905000000.0,csindex
2024-08-19,399001,深证成指,8341.83,8437.88,8341.1,8356.9,0.0842,373962413.11,327622468200.0,tencent
2024-08-19,399006,创业板指,1589.21,1608.27,1588.22,1589.29,-0.1364,163609101.0,167349091100.0,tencent
2024-08-19,899050,北证50,676.08,678.74,667.44,668.55,-1.06,306182923.0,2794000000.0,csindex
2024-08-20,000001,上证指数,2895.55,2896.52,2855.33,2866.66,-0.93,26365800200.0,237308000000.0,csindex
2024-08-20,000300,沪深300,3361.64,3362.33,3321.64,3332.7,-0.72,10166833100.0,137911000000.0,csindex
2024-08-20,000688,科创50,704.12,705.01,691.65,693.52,-1.39,251764630.0,10089000000.0,csindex
2024-08-20,000852,中证1000,4663.78,4665.63,4563.86,4579.3,-1.81,12997965500.0,107872000000.0,csindex
2024-08-20,399001,深证成指,8363.87,8367.38,8233.07,8252.87,-1.2448,384352365.88,320474631200.0,tencent
2024-08-20,399006,创业板指,1590.17,1591.88,1565.43,1567.97,-1.3415,163251088.0,156885838500.0,tencent
2024-08-20,899050,北证50,667.71,680.67,664.32,670.15,0.24,381004124.0,3615000000.0,csindex
2024-08-21,000001,上证指数,2858.94,2863.89,2848.15,2856.58,-0.35,22920002700.0,209909000000.0,csindex
2024-08-21,000300,沪深300,3322.91,3339.44,3307.99,3321.64,-0.33,8995475100.0,130006000000.0,csindex
2024-08-21,000688,科创50,691.13,698.52,689.38,691.64,-0.27,227915781.0,10696000000.0,csindex
2024-08-21,000852,中证1000,4564.38,4590.2,4543.88,4548.26,-0.68,10816431500.0,92276000000.0,csindex
2024-08-21,399001,深证成指,8221.35,8297.1,8213.09,8229.75,-0.2801,344005680.21,299645618300.0,tencent
2024-08-21,399006,创业板指,1561.24,1572.47,1556.93,1558.51,-0.6033,146118100.0,148705212700.0,tencent
2024-08-21,899050,北证50,667.86,674.25,665.8,668.7,-0.22,326210825.0,3256000000.0,csindex
2024-08-22,000001,上证指数,2856.2,2861.61,2845.5,2848.77,-0.27,24539941500.0,230123999999.99997,csindex
2024-08-22,000300,沪深300,3322.87,3327.7,3305.25,3313.14,-0.26,10036650400.0,147703000000.0,csindex
2024-08-22,000688,科创50,692.19,695.48,683.88,685.53,-0.88,281461016.0,10755000000.0,csindex
2024-08-22,000852,中证1000,4549.3,4562.98,4484.56,4491.84,-1.24,11346933000.0,97994000000.0,csindex
2024-08-22,399001,深证成指,8234.28,8247.95,8151.63,8162.17,-0.8212,361758836.26,319029043100.0,tencent
2024-08-22,399006,创业板指,1559.68,1563.37,1544.91,1546.63,-0.7623,149584982.0,154461678800.0,tencent
2024-08-22,899050,北证50,668.54,669.29,652.08,652.98,-2.35,312218309.0,3033000000.0,csindex
2024-08-23,000001,上证指数,2844.77,2860.73,2839.34,2854.37,0.2,22669256500.0,214582000000.00003,csindex
2024-08-23,000300,沪深300,3305.93,3336.24,3305.64,3327.19,0.42,8952577400.0,132681000000.0,csindex
2024-08-23,000688,科创50,683.59,688.33,676.23,685.76,0.03,250224373.0,11695000000.0,csindex
2024-08-23,000852,中证1000,4482.65,4510.6,4462.76,4495.34,0.08,11025472000.0,94849000000.0,csindex
2024-08-23,399001,深证成指,8134.4,8207.59,8133.57,8181.92,0.242,343813744.53,295643540700.0,tencent
2024-08-23,399006,创业板指,1540.52,1555.01,1537.78,1546.9,0.0175,140019731.0,144714752600.0,tencent
2024-08-23,899050,北证50,652.0,654.44,647.36,648.39,-0.7,280761407.0,2756000000.0,csindex
2024-08-26,000001,上证指数,2855.47,2860.65,2844.38,2855.52,0.04,22735152300.0,216807000000.00003,csindex
2024-08-26,000300,沪深300,3330.72,3336.53,3311.57,3324.22,-0.09,9399077200.0,139071000000.0,csindex
2024-08-26,000688,科创50,684.77,688.92,679.61,682.5,-0.48,264956970.0,10224000000.0,csindex
2024-08-26,000852,中证1000,4492.71,4531.17,4476.24,4512.89,0.39,11227184300.0,97519000000.0,csindex
2024-08-26,399001,深证成指,8194.94,8225.99,8163.88,8194.65,0.1556,342678353.06,309718933600.0,tencent
2024-08-26,399006,创业板指,1550.04,1557.91,1540.52,1545.31,-0.1028,136719345.0,149063972300.0,tencent
2024-08-26,899050,北证50,648.5,658.98,648.26,651.58,0.49,263360631.0,2538000000.0,csindex
2024-08-27,000001,上证指数,2850.88,2853.78,2843.16,2848.73,-0.24,23069300600.0,215686000000.0,csindex
2024-08-27,000300,沪深300,3315.69,3320.57,3299.56,3305.33,-0.57,9580815700.0,129756000000.0,csindex
2024-08-27,000688,科创50,679.75,679.75,672.46,674.35,-1.19,274112198.0,9271000000.0,csindex
2024-08-27,000852,中证1000,4500.74,4501.08,4449.21,4459.68,-1.18,11393952000.0,100127000000.0,csindex
2024-08-27,399001,深证成指,8161.68,8168.04,8084.04,8103.76,-1.1091,336850151.73,295770774400.0,tencent
2024-08-27,399006,创业板指,1537.81,1541.93,1526.61,1530.74,-0.9429,133754749.0,139798364300.0,tencent
2024-08-27,899050,北证50,650.91,650.95,638.06,639.28,-1.89,307308211.0,2682000000.0,csindex
2024-08-28,000001,上证指数,2844.33,2852.56,2830.96,2837.43,-0.4,22873062300.0,213862000000.0,csindex
2024-08-28,000300,沪深300,3298.91,3305.35,3274.59,3286.5,-0.57,9269665000.0,135982000000.0,csindex
2024-08-28,000688,科创50,672.97,675.11,669.13,671.22,-0.46,242983203.0,8845000000.0,csindex
2024-08-28,000852,中证1000,4449.71,4506.31,4437.52,4470.55,0.24,10790317700.0,92368000000.0,csindex
2024-08-28,399001,深证成指,8071.86,8098.31,8036.4,8078.82,-0.3078,328858698.24,282744362200.0,tencent
2024-08-28,399006,创业板指,1526.67,1534.54,1522.48,1531.45,0.0464,123543084.0,129238024100.0,tencent
2024-08-28,899050,北证50,638.43,648.42,635.6,640.74,0.23,282653048.0,2492000000.0,csindex
2024-08-29,000001,上证指数,2829.45,2831.43,2815.38,2823.11,-0.5,27751053400.0,257644000000.0,csindex
2024-08-29,000300,沪深300,3273.54,3290.79,3269.53,3277.68,-0.27,13070233300.0,174340000000.0,csindex
2024-08-29,000688,科创50,667.88,683.33,666.41,679.59,1.25,296257423.0,10095000000.0,csindex
2024-08-29,000852,中证1000,4453.43,4558.95,4443.9,4542.46,1.61,12978875300.0,118135999999.99998,csindex
2024-08-29,399001,深证成指,8030.74,8191.37,8028.37,8154.44,0.936,376828401.26,349603402000.0,tencent
2024-08-29,399006,创业板指,1512.37,1551.54,1512.17,1541.4,0.6497,143849682.0,165397084100.0,tencent
2024-08-29,899050,北证50,639.74,646.68,633.52,643.54,0.44,291754157.0,2816000000.0,csindex
2024-08-30,000001,上证指数,2819.65,2867.96,2817.01,2842.21,0.68,39751697500.0,384093000000.0,csindex
2024-08-30,000300,沪深300,3273.75,3351.63,3273.65,3321.43,1.33,18869544300.0,268376000000.00003,csindex
2024-08-30,000688,科创50,678.61,700.03,677.54,694.16,2.14,466204547.0,17284000000.0,csindex
2024-08-30,000852,中证1000,4539.93,4691.01,4534.04,4629.32,1.91,17783861600.0,163028000000.0,csindex
2024-08-30,399001,深证成指,8152.81,8453.66,8152.81,8348.48,2.3796,521026373.54,492495772900.0,tencent
2024-08-30,399006,创业板指,1543.89,1601.16,1543.89,1580.46,2.5341,201726850.0,227965941300.0,tencent
2024-08-30,899050,北证50,643.35,661.73,642.45,654.39,1.69,410410470.0,3827000000.0000005,csindex
2024-09-02,000001,上证指数,2832.35,2839.28,2810.37,2811.04,-1.1,34071419300.0,314813000000.0,csindex
2024-09-02,000300,沪深300,3307.54,3307.76,3264.76,3265.01,-1.7,14761235300.0,194410000000.0,csindex
2024-09-02,000688,科创50,693.67,694.42,670.01,670.01,-3.48,408179847.0,14200000000.0,csindex
2024-09-02,000852,中证1000,4627.18,4635.77,4529.83,4532.51,-2.09,15592727400.0,139934000000.0,csindex
2024-09-02,399001,深证成指,8331.46,8340.38,8172.21,8172.21,-2.1114,433096102.81,390919821400.0,tencent
2024-09-02,399006,创业板指,1577.44,1581.87,1536.53,1536.95,-2.753,161414596.0,176805149000.0,tencent
2024-09-02,899050,北证50,653.98,654.05,636.1,636.41,-2.75,295664522.0,2736000000.0,csindex
2024-09-03,000001,上证指数,2809.17,2814.9,2794.91,2802.98,-0.29,27573613900.0,252782000000.00003,csindex
2024-09-03,000300,沪深300,3261.74,3281.59,3261.19,3273.43,0.26,12289730600.0,155089000000.0,csindex
2024-09-03,000688,科创50,670.06,681.48,670.06,674.96,0.74,306555868.0,11517000000.0,csindex
2024-09-03,000852,中证1000,4529.94,4598.63,4529.94,4572.4,0.88,12895246200.0,116580000000.0,csindex
2024-09-03,399001,深证成指,8157.44,8294.77,8157.44,8268.05,1.1728,370283733.27,327818301700.0,tencent
2024-09-03,399006,创业板指,1533.57,1561.86,1533.46,1556.32,1.2603,138750336.0,148965411900.0,tencent
2024-09-03,899050,北证50,636.85,643.9,636.03,641.26,0.76,235370145.0,2182000000.0,csindex
2024-09-04,000001,上证指数,2786.5,2800.61,2781.94,2784.28,-0.67,25745350000.0,234712000000.0,csindex
2024-09-04,000300,沪深300,3253.9,3272.99,3249.98,3252.16,-0.65,10483248200.0,140070000000.0,csindex
2024-09-04,000688,科创50,668.93,679.17,666.9,672.28,-0.4,241035793.0,9081000000.0,csindex
2024-09-04,000852,中证1000,4542.9,4594.44,4529.34,4550.77,-0.47,12287165700.0,113470000000.0,csindex
2024-09-04,399001,深证成指,8207.28,8297.82,8189.53,8226.24,-0.5057,362368388.05,324668079600.0,tencent
2024-09-04,399006,创业板指,1541.9,1569.89,1540.17,1554.64,-0.1079,137451388.0,154054141000.0,tencent
2024-09-04,899050,北证50,637.98,639.24,631.86,632.74,-1.33,254766582.0,2335000000.0,csindex
2024-09-05,000001,上证指数,2785.26,2796.02,2777.47,2788.31,0.14,24204094800.0,227515000000.0,csindex
2024-09-05,000300,沪深300,3252.96,3266.88,3247.17,3257.76,0.17,9710945000.0,134618000000.0,csindex
2024-09-05,000688,科创50,673.0,680.79,668.46,671.26,-0.15,242829293.0,11149000000.0,csindex
2024-09-05,000852,中证1000,4554.52,4614.75,4554.52,4586.78,0.79,12120919400.0,108293000000.0,csindex
2024-09-05,399001,深证成指,8224.51,8297.94,8220.55,8249.66,0.2847,347575087.55,307323902500.0,tencent
2024-09-05,399006,创业板指,1554.88,1576.03,1554.88,1564.72,0.6484,137123466.0,147944473000.0,tencent
2024-09-05,899050,北证50,632.21,637.13,629.81,630.95,-0.28,235454007.0,2182000000.0,csindex
2024-09-06,000001,上证指数,2791.76,2804.09,2765.64,2765.81,-0.81,25364537500.0,228569999999.99997,csindex
2024-09-06,000300,沪深300,3261.15,3274.81,3231.07,3231.35,-0.81,8840041700.0,121542000000.0,csindex
2024-09-06,000688,科创50,672.62,673.97,662.34,662.34,-1.33,246938906.0,9605000000.0,csindex
2024-09-06,000852,中证1000,4588.93,4595.7,4506.39,4508.23,-1.71,12721773300.0,115580000000.0,csindex
2024-09-06,399001,深证成指,8252.01,8260.69,8128.77,8130.77,-1.4412,363787771.79,314062277000.0,tencent
2024-09-06,399006,创业板指,1564.33,1566.57,1537.38,1538.07,-1.7032,139270896.0,146294611300.0,tencent
2024-09-06,899050,北证50,631.82,632.81,618.66,619.17,-1.87,254580000.0,2366000000.0,csindex
2024-09-09,000001,上证指数,2754.72,2756.56,2726.97,2736.49,-1.06,26146884700.0,236606000000.0,csindex
2024-09-09,000300,沪深300,3214.8,3222.93,3180.93,3192.95,-1.19,10867306900.0,146516000000.0,csindex
2024-09-09,000688,科创50,659.5,665.67,652.93,654.94,-1.12,249732704.0,9561000000.0,csindex
2024-09-09,000852,中证1000,4490.99,4523.37,4459.13,4475.53,-0.73,11328492700.0,100228000000.0,csindex
2024-09-09,399001,深证成指,8086.28,8129.54,8023.37,8063.27,-0.8302,331119432.24,282030698200.0,tencent
2024-09-09,399006,创业板指,1528.65,1547.73,1526.24,1539.04,0.0631,117873664.0,123532845600.0,tencent
2024-09-09,899050,北证50,618.22,623.65,610.44,611.17,-1.29,201611638.0,2001000000.0000002,csindex
2024-09-10,000001,上证指数,2737.88,2750.12,2718.63,2744.19,0.28,26215901500.0,226408000000.0,csindex
2024-09-10,000300,沪深300,3193.46,3205.1,3171.79,3195.76,0.09,9729007800.0,133609999999.99998,csindex
2024-09-10,000688,科创50,656.04,663.83,648.62,660.01,0.77,249426507.0,9391000000.0,csindex
2024-09-10,000852,中证1000,4481.49,4507.15,4400.78,4487.58,0.27,13235158500.0,114555000000.0,csindex
2024-09-10,399001,深证成指,8064.4,8113.69,7973.79,8073.83,0.131,347495377.62,301239632000.0,tencent
2024-09-10,399006,创业板指,1540.21,1551.61,1522.88,1539.98,0.0611,126680539.0,135542269100.0,tencent
2024-09-10,899050,北证50,612.2,612.83,601.6,609.32,-0.3,202642907.0,1909000000.0,csindex
2024-09-11,000001,上证指数,2732.73,2732.73,2710.62,2721.8,-0.82,24226490000.0,219756000000.0,csindex
2024-09-11,000300,沪深300,3187.05,3197.34,3174.03,3186.13,-0.3,10248211000.0,141514000000.0,csindex
2024-09-11,000688,科创50,657.39,665.77,656.82,664.33,0.65,292335092.0,10475000000.0,csindex
2024-09-11,000852,中证1000,4469.01,4500.68,4453.2,4486.01,-0.03,11395397200.0,101975000000.0,csindex
2024-09-11,399001,深证成指,8052.25,8139.7,8031.95,8105.38,0.3908,310017366.56,279800064100.0,tencent
2024-09-11,399006,创业板指,1539.85,1563.09,1535.62,1558.33,1.1916,112826588.0,126571389000.0,tencent
2024-09-11,899050,北证50,608.43,613.36,606.13,609.48,0.03,179146315.0,1693000000.0,csindex
2024-09-12,000001,上证指数,2722.14,2734.68,2716.56,2717.12,-0.17,24008431500.0,218571000000.0,csindex
2024-09-12,000300,沪深300,3189.43,3201.55,3171.88,3172.47,-0.43,9286865700.0,136386999999.99998,csindex
2024-09-12,000688,科创50,666.22,671.87,658.67,658.85,-0.82,300827653.0,9691000000.0,csindex
2024-09-12,000852,中证1000,4490.52,4542.28,4468.74,4468.74,-0.38,11873118700.0,106135999999.99998,csindex
2024-09-12,399001,深证成指,8122.77,8176.05,8053.88,8054.24,-0.6309,336517412.83,296996277100.0,tencent
2024-09-12,399006,创业板指,1566.4,1577.17,1551.03,1551.81,-0.4184,125330161.0,136809185700.0,tencent
2024-09-12,899050,北证50,609.37,615.28,603.17,603.21,-1.03,206335599.0,1864000000.0,csindex
2024-09-13,000001,上证指数,2718.99,2728.78,2703.37,2704.09,-0.48,25127003800.0,227819000000.0,csindex
2024-09-13,000300,沪深300,3174.03,3188.91,3159.25,3159.25,-0.42,8833667700.0,137449000000.0,csindex
2024-09-13,000688,科创50,658.98,662.89,650.7,655.05,-0.58,346360491.0,11787000000.0,csindex
2024-09-13,000852,中证1000,4471.98,4478.22,4413.19,4413.19,-1.24,11682728700.0,102975000000.0,csindex
2024-09-13,399001,深证成指,8054.43,8084.35,7983.55,7983.55,-0.8777,348220225.38,296940694500.0,tencent
2024-09-13,399006,创业板指,1552.28,1556.66,1535.17,1535.17,-1.0723,125952971.0,133804834400.0,tencent
2024-09-13,899050,北证50,603.61,619.2,593.92,606.78,0.59,421432014.0,3836000000.0,csindex
2024-09-18,000001,上证指数,2705.35,2724.11,2689.7,2717.28,0.49,24781713200.0,213091000000.0,csindex
2024-09-18,000300,沪深300,3158.82,3179.9,3145.79,3171.01,0.37,8472281400.0,123452000000.0,csindex
2024-09-18,000688,科创50,654.51,654.51,641.91,647.41,-1.17,299156433.0,10572000000.0,csindex
2024-09-18,000852,中证1000,4413.9,4425.79,4342.21,4399.13,-0.32,11355207800.0,94168000000.0,csindex
2024-09-18,399001,深证成指,7975.19,8017.38,7908.52,7992.25,0.109,333544740.83,266237690200.0,tencent
2024-09-18,399006,创业板指,1533.38,1540.08,1522.54,1533.47,-0.1107,114234684.0,113051133200.0,tencent
2024-09-18,899050,北证50,604.35,608.19,596.81,601.23,-0.91,267787441.0,2566000000.0,csindex
2024-09-19,000001,上证指数,2723.21,2747.74,2697.78,2736.02,0.69,31520838900.0,280536000000.0,csindex
2024-09-19,000300,沪深300,3178.4,3213.84,3149.79,3196.04,0.79,12543927200.0,181785000000.0,csindex
2024-09-19,000688,科创50,649.73,658.36,642.79,651.47,0.63,347059592.0,11148000000.0,csindex
2024-09-19,000852,中证1000,4418.78,4527.61,4385.49,4482.27,1.89,14574716000.0,122311999999.99998,csindex
2024-09-19,399001,深证成指,8015.39,8161.22,7950.7,8087.6,1.193,413701487.25,346464780200.00006,tencent
2024-09-19,399006,创业板指,1543.32,1565.21,1520.72,1546.47,0.8478,133867092.0,144147765900.0,tencent
2024-09-19,899050,北证50,602.23,613.99,600.0,608.67,1.24,291172900.0,2585000000.0,csindex
2024-09-20,000001,上证指数,2734.23,2741.16,2717.95,2736.81,0.03,28564462700.0,255433000000.0,csindex
2024-09-20,000300,沪深300,3192.43,3207.99,3173.22,3201.05,0.16,11806409800.0,163985000000.0,csindex
2024-09-20,000688,科创50,651.82,654.16,642.6,648.36,-0.48,286888778.0,9834000000.0,csindex
2024-09-20,000852,中证1000,4484.18,4487.08,4428.17,4463.36,-0.42,12748017700.0,110050000000.0,csindex
2024-09-20,399001,深证成指,8079.76,8092.5,8014.5,8075.14,-0.1541,383370727.43,319314897300.0,tencent
2024-09-20,399006,创业板指,1546.77,1546.77,1525.68,1536.6,-0.6382,130056811.0,138633349900.0,tencent
2024-09-20,899050,北证50,608.87,612.76,605.11,606.83,-0.3,241754318.0,2230000000.0,csindex
2024-09-23,000001,上证指数,2735.39,2760.48,2731.36,2748.92,0.44,25764215400.0,235215000000.0,csindex
2024-09-23,000300,沪深300,3200.87,3230.16,3198.02,3212.76,0.37,9534485500.0,143876000000.0,csindex
2024-09-23,000688,科创50,649.0,654.24,643.04,643.04,-0.82,275770620.0,10299000000.0,csindex
2024-09-23,000852,中证1000,4462.72,4513.97,4445.99,4469.13,0.13,12494506600.0,113678000000.0,csindex
2024-09-23,399001,深证成指,8071.99,8163.1,8054.59,8083.38,0.102,365656009.98,315787407900.0,tencent
2024-09-23,399006,创业板指,1538.05,1548.41,1528.94,1530.51,-0.3963,122125585.0,135566383500.0,tencent
2024-09-23,899050,北证50,605.84,608.82,599.61,599.76,-1.16,225697167.0,2041000000.0,csindex
2024-09-24,000001,上证指数,2770.75,2863.15,2761.37,2863.13,4.15,47761954500.0,442795000000.0,csindex
2024-09-24,000300,沪深300,3244.65,3351.97,3222.49,3351.91,4.33,20407221700.0,307880000000.0,csindex
2024-09-24,000688,科创50,648.13,667.27,640.35,667.05,3.73,511201020.0,17492000000.0,csindex
2024-09-24,000852,中证1000,4489.49,4642.56,4466.34,4642.56,3.88,21578253100.0,186154000000.0,csindex
2024-09-24,399001,深证成指,8148.17,8435.71,8083.3,8435.7,4.3586,586812555.19,528547322700.00006,tencent
2024-09-24,399006,创业板指,1545.9,1616.07,1532.52,1615.32,5.5413,195898358.0,230005047700.0,tencent
2024-09-24,899050,北证50,601.44,619.27,600.7,619.13,3.23,391758725.0,3419000000.0,csindex
2024-09-25,000001,上证指数,2901.42,2952.45,2889.05,2896.31,1.16,56825981600.0,516697999999.99994,csindex
2024-09-25,000300,沪深300,3403.7,3465.49,3393.44,3401.53,1.48,24156425500.0,356863000000.0,csindex
2024-09-25,000688,科创50,673.18,684.43,667.07,667.34,0.04,522622288.0,19037000000.0,csindex
2024-09-25,000852,中证1000,4688.39,4799.86,4681.85,4686.26,0.94,26424073100.0,228396000000.0,csindex
2024-09-25,399001,深证成指,8555.72,8738.41,8525.75,8537.73,1.2095,715847818.42,640673015500.0,tencent
2024-09-25,399006,创业板指,1652.83,1679.64,1639.68,1641.54,1.6232,237541061.0,277723518200.0,tencent
2024-09-25,899050,北证50,624.78,639.86,624.78,626.59,1.2,508413485.0,4690000000.0,csindex
2024-09-26,000001,上证指数,2893.75,3000.95,2889.01,3000.95,3.61,57631926100.0,524668999999.99994,csindex
2024-09-26,000300,沪深300,3399.32,3545.32,3391.68,3545.32,4.23,24313401000.0,373984000000.0,csindex
2024-09-26,000688,科创50,667.55,693.46,663.16,693.15,3.87,536397129.0,19260000000.0,csindex
2024-09-26,000852,中证1000,4675.94,4874.13,4672.87,4874.13,4.01,25397782900.0,222159000000.0,csindex
2024-09-26,399001,深证成指,8524.19,8916.8,8505.64,8916.65,4.4382,704842995.3,637766326700.0,tencent
2024-09-26,399006,创业板指,1638.53,1716.01,1625.66,1714.14,4.4227,226173043.0,270723822100.0,tencent
2024-09-26,899050,北证50,626.92,645.78,621.74,645.18,2.97,484574562.0,4290999999.9999995,csindex
2024-09-27,000001,上证指数,3049.1,3087.53,3017.45,3087.53,2.88,49228716300.0,480613000000.0,csindex
2024-09-27,000300,沪深300,3617.92,3708.5,3596.58,3703.68,4.47,26548777400.0,466693000000.0,csindex
2024-09-27,000688,科创50,704.52,742.96,704.29,740.02,6.76,500850183.0,17530000000.0,csindex
2024-09-27,000852,中证1000,4950.94,5164.54,4944.84,5136.44,5.38,29068169400.0,277756000000.0,csindex
2024-09-27,399001,深证成指,9100.77,9619.77,9100.77,9514.86,6.7089,948836540.0,965392384000.0,tencent
2024-09-27,399006,创业板指,1751.33,1919.79,1751.33,1885.49,9.9963,331881713.0,439464381900.0,tencent
2024-09-27,899050,北证50,655.13,729.13,655.13,717.02,11.14,1090363861.0,10196000000.0,csindex
2024-09-30,000001,上证指数,3194.72,3358.59,3153.7,3336.5,8.06,110233791700.0,1167773000000.0,csindex
2024-09-30,000300,沪深300,3846.65,4038.7,3796.5,4017.85,8.48,51021770700.0,862529000000.0001,csindex
2024-09-30,000688,科创50,782.31,872.37,776.45,872.37,17.88,1637527856.0,60096000000.0,csindex
2024-09-30,000852,中证1000,5375.57,5732.57,5307.55,5708.83,11.14,47143285200.0,484583000000.0,csindex
2024-09-30,399001,深证成指,9950.65,10556.93,9829.43,10529.76,10.6665,1324000530.35,1425264091600.0,tencent
2024-09-30,399006,创业板指,1994.26,2182.39,1966.34,2175.09,15.3594,478321402.0,674726242600.0,tencent
2024-09-30,899050,北证50,769.27,887.82,759.35,880.82,22.84,1878665803.0,19460000000.0,csindex
2024-10-08,000001,上证指数,3674.4,3674.4,3372.19,3489.78,4.59,131346019500.0,1510513000000.0,csindex
2024-10-08,000300,沪深300,4450.37,4450.37,4094.35,4256.1,5.93,58986789400.0,1130387000000.0,csindex
2024-10-08,000688,科创50,1045.05,1045.05,972.34,1023.97,17.38,2291390563.0,90565000000.0,csindex
2024-10-08,000852,中证1000,6437.11,6437.11,5861.32,6201.99,8.64,55059079200.0,637521000000.0,csindex
2024-10-08,399001,深证成指,11864.11,11864.11,10834.5,11495.1,9.1677,1587911799.57,1941425791399.9998,tencent
2024-10-08,399006,创业板指,2576.22,2576.22,2336.44,2550.28,17.2494,568395219.0,968726100900.0,tencent
2024-10-08,899050,北证50,1115.76,1115.76,966.28,1098.43,24.71,2502960494.0,33177000000.0,csindex
2024-10-09,000001,上证指数,3427.22,3437.16,3249.16,3258.86,-6.62,99275725600.0,1264311000000.0,csindex
2024-10-09,000300,沪深300,4168.84,4197.6,3942.51,3955.98,-7.05,48226929500.0,1029032000000.0,csindex
2024-10-09,000688,科创50,993.78,1084.68,958.46,997.85,-2.55,2367512512.0,129008999999.99998,csindex
2024-10-09,000852,中证1000,6052.67,6105.03,5706.05,5727.38,-7.65,45809421200.0,561179000000.0,csindex
2024-10-09,399001,深证成指,11158.99,11295.1,10516.67,10557.81,-8.1538,1274221569.98,1675510926500.0,tencent
2024-10-09,399006,创业板指,2426.75,2514.29,2278.82,2280.1,-10.5941,517017791.0,925417600000.0,tencent
2024-10-09,899050,北证50,1048.14,1086.72,965.37,965.37,-12.11,1947537398.0,27489999999.999996,csindex
2024-10-10,000001,上证指数,3277.69,3379.81,3228.12,3301.93,1.32,83450025700.0,947789000000.0,csindex
2024-10-10,000300,沪深300,3979.61,4098.5,3912.77,3997.79,1.06,39505309900.0,717952000000.0,csindex
2024-10-10,000688,科创50,1014.36,1016.57,940.09,954.17,-4.38,1541633947.0,78143000000.0,csindex
2024-10-10,000852,中证1000,5777.9,5881.33,5593.98,5654.53,-1.27,34962801200.0,422833000000.0,csindex
2024-10-10,399001,深证成指,10609.47,10823.37,10310.39,10471.08,-0.8215,963573284.62,1195200766200.0,tencent
2024-10-10,399006,创业板指,2291.22,2327.6,2181.08,2212.91,-2.9468,370748055.0,633252194800.0,tencent
2024-10-10,899050,北证50,973.33,1037.07,953.89,962.36,-0.31,1388515362.0,18555000000.0,csindex
2024-10-11,000001,上证指数,3287.87,3297.75,3187.99,3217.74,-2.55,60602743300.0,664333000000.0,csindex
2024-10-11,000300,沪深300,3969.76,3978.24,3847.12,3887.17,-2.77,27409650500.0,484997999999.99994,csindex
2024-10-11,000688,科创50,939.57,946.52,889.11,898.9,-5.79,1057682433.0,50177000000.0,csindex
2024-10-11,000852,中证1000,5610.95,5616.81,5349.32,5416.76,-4.2,27999264600.0,325514000000.0,csindex
2024-10-11,399001,深证成指,10366.57,10378.46,9935.82,10060.74,-3.9188,767945007.42,907687463400.0,tencent
2024-10-11,399006,创业板指,2173.71,2191.4,2066.58,2100.87,-5.063,308048402.0,489125606500.0,tencent
2024-10-11,899050,北证50,932.37,941.44,859.18,881.26,-8.43,1142338350.0,15188999999.999998,csindex
2024-10-14,000001,上证指数,3241.43,3294.62,3203.9,3284.32,2.07,63146685900.0,701499000000.0,csindex
2024-10-14,000300,沪深300,3915.22,3979.54,3868.78,3961.34,1.91,30757899300.0,534077000000.00006,csindex
2024-10-14,000688,科创50,904.14,931.81,873.52,925.96,3.01,1076626678.0,51675000000.0,csindex
2024-10-14,000852,中证1000,5451.62,5620.42,5346.42,5615.76,3.67,28114440500.0,332914000000.0,csindex
2024-10-14,399001,深证成指,10118.38,10361.69,9966.99,10327.4,2.6505,767864732.79,933486093600.0,tencent
2024-10-14,399006,创业板指,2119.39,2163.27,2062.45,2155.4,2.5956,304822028.0,501816953500.0,tencent
2024-10-14,899050,北证50,880.96,947.72,874.39,939.51,6.61,1132737341.0,14403000000.0,csindex
2024-10-15,000001,上证指数,3265.75,3285.21,3201.29,3201.29,-2.53,56605455800.0,619091000000.0,csindex
2024-10-15,000300,沪深300,3942.53,3967.87,3855.99,3855.99,-2.66,24248644800.0,434410999999.99994,csindex
2024-10-15,000688,科创50,920.99,942.25,898.83,898.83,-2.93,931997092.0,47309000000.0,csindex
2024-10-15,000852,中证1000,5585.69,5704.56,5505.81,5507.18,-1.93,29751709500.0,380974000000.0,csindex
2024-10-15,399001,深证成指,10286.24,10424.14,10066.52,10066.52,-2.5261,800992337.26,1015688650900.0,tencent
2024-10-15,399006,创业板指,2139.65,2175.95,2085.82,2085.99,-3.2203,340562162.0,580661564600.0,tencent
2024-10-15,899050,北证50,928.85,978.25,912.37,924.86,-1.56,1242728712.0,17054000000.0,csindex
2024-10-16,000001,上证指数,3169.17,3236.85,3167.74,3202.95,0.05,51581399700.0,533062000000.0,csindex
2024-10-16,000300,沪深300,3806.14,3877.75,3805.09,3831.59,-0.63,21886640700.0,377301000000.0,csindex
2024-10-16,000688,科创50,874.27,896.31,872.16,875.69,-2.57,733104696.0,33692000000.0,csindex
2024-10-16,000852,中证1000,5425.43,5598.84,5424.39,5524.25,0.31,24852031900.0,306602000000.0,csindex
2024-10-16,399001,深证成指,9898.13,10112.79,9890.9,9965.02,-1.0083,701238164.25,842310229800.0,tencent
2024-10-16,399006,创业板指,2037.74,2081.32,2026.52,2039.95,-2.2071,279261270.0,467443391599.99994,tencent
2024-10-16,899050,北证50,900.14,949.41,897.86,937.17,1.33,1128300666.0,14484000000.0,csindex
2024-10-17,000001,上证指数,3220.73,3241.57,3169.38,3169.38,-1.05,52861177200.0,557347000000.0,csindex
2024-10-17,000300,沪深300,3853.84,3882.07,3787.75,3788.22,-1.13,21231382000.0,369171000000.0,csindex
2024-10-17,000688,科创50,897.2,901.12,878.74,879.1,0.39,746998568.0,38181000000.0,csindex
2024-10-17,000852,中证1000,5563.46,5624.79,5504.49,5505.61,-0.34,27639748600.0,351914000000.0,csindex
2024-10-17,399001,深证成指,10034.41,10123.22,9887.94,9891.76,-0.7352,759583000.71,933912619599.9999,tencent
2024-10-17,399006,创业板指,2057.96,2081.09,2031.99,2033.48,-0.3172,311792011.0,525535954099.99994,tencent
2024-10-17,899050,北证50,952.78,1043.41,952.78,979.08,4.47,2050858141.0,28329000000.000004,csindex
2024-10-18,000001,上证指数,3165.97,3313.98,3152.82,3261.56,2.91,69301462300.0,827949000000.0,csindex
2024-10-18,000300,沪深300,3780.31,3998.21,3765.16,3925.23,3.62,31295883400.0,620674000000.0,csindex
2024-10-18,000688,科创50,879.95,1008.07,876.68,978.66,11.33,1526347034.0,78441000000.0,csindex
2024-10-18,000852,中证1000,5495.2,5880.9,5484.24,5749.43,4.43,35971903900.0,468007000000.0,csindex
2024-10-18,399001,深证成指,9868.85,10607.81,9865.87,10357.68,4.7102,953743093.35,1269726757100.0,tencent
2024-10-18,399006,创业板指,2027.65,2273.0,2027.65,2195.1,7.948,394063786.0,723220587300.0,tencent
2024-10-18,899050,北证50,978.17,1109.42,969.85,1079.9,10.3,2260067641.0,33382000000.0,csindex
2024-10-21,000001,上证指数,3276.06,3300.66,3239.1,3268.11,0.2,66815029900.0,855781000000.0,csindex
2024-10-21,000300,沪深300,3946.9,3979.26,3896.17,3935.2,0.25,29118563400.0,600110000000.0,csindex
2024-10-21,000688,科创50,999.54,1063.85,977.88,1000.37,2.22,1848234444.0,103739000000.00002,csindex
2024-10-21,000852,中证1000,5797.0,5954.44,5767.79,5860.57,1.93,35506109500.0,496180000000.0,csindex
2024-10-21,399001,深证成指,10441.87,10636.16,10331.79,10470.91,1.0932,965002625.83,1328206164100.0,tencent
2024-10-21,399006,创业板指,2211.39,2266.6,2182.23,2210.34,0.6943,422190731.0,779790361600.0,tencent
2024-10-21,899050,北证50,1129.33,1259.07,1129.33,1255.32,16.24,2839108032.0,45371000000.0,csindex
2024-10-22,000001,上证指数,3263.82,3294.96,3255.14,3285.87,0.54,57491378100.0,698861000000.0,csindex
2024-10-22,000300,沪深300,3923.74,3965.91,3917.52,3957.78,0.57,22343339600.0,442882000000.0,csindex
2024-10-22,000688,科创50,988.7,1002.96,969.86,985.83,-1.45,1299285299.0,66789000000.0,csindex
2024-10-22,000852,中证1000,5866.79,5940.37,5814.3,5888.81,0.48,34729862800.0,466595000000.0,csindex
2024-10-22,399001,深证成指,10459.16,10604.78,10409.68,10559.51,0.8462,927985356.81,1213666459400.0,tencent
2024-10-22,399006,创业板指,2205.4,2226.93,2180.0,2216.99,0.3009,393491044.0,681283421500.0,tencent
2024-10-22,899050,北证50,1277.37,1279.22,1144.21,1159.89,-7.6,2861537599.0,48599000000.0,csindex
2024-10-23,000001,上证指数,3285.25,3331.08,3277.07,3302.8,0.52,65044412800.0,760066000000.0,csindex
2024-10-23,000300,沪深300,3955.32,4012.18,3939.1,3973.21,0.39,24587394900.0,469121000000.0,csindex
2024-10-23,000688,科创50,976.25,1003.96,971.69,979.15,-0.68,1261816218.0,57386000000.0,csindex
2024-10-23,000852,中证1000,5871.32,5991.59,5856.37,5903.58,0.25,33375377200.0,435103000000.0,csindex
2024-10-23,399001,深证成指,10536.9,10721.37,10479.22,10576.41,0.16,920607939.32,1166793703400.0,tencent
2024-10-23,399006,创业板指,2202.82,2252.52,2186.18,2205.3,-0.5273,364039646.0,636530072400.0,tencent
2024-10-23,899050,北证50,1145.02,1235.24,1137.77,1209.09,4.24,2334675548.0,38306000000.0,csindex
2024-10-24,000001,上证指数,3287.82,3292.94,3266.88,3280.26,-0.68,51982707400.0,585249000000.0,csindex
2024-10-24,000300,沪深300,3950.9,3957.98,3914.09,3928.83,-1.12,17472406200.0,340487000000.0,csindex
2024-10-24,000688,科创50,968.99,988.04,968.49,977.6,-0.16,868664719.0,43425000000.0,csindex
2024-10-24,000852,中证1000,5871.29,5887.45,5817.93,5861.63,-0.71,26414947600.0,352283000000.0,csindex
2024-10-24,399001,深证成指,10508.65,10533.84,10404.83,10441.75,-1.2732,749272421.51,935287277600.0,tencent
2024-10-24,399006,创业板指,2187.24,2203.02,2168.24,2175.1,-1.3694,281830987.0,498240139500.0,tencent
2024-10-24,899050,北证50,1201.98,1299.59,1190.26,1258.23,4.06,2567230023.0,43231000000.0,csindex
2024-10-25,000001,上证指数,3280.76,3319.36,3276.13,3299.7,0.59,59565170700.0,677255000000.0,csindex
2024-10-25,000300,沪深300,3931.32,3992.89,3921.94,3956.42,0.7,21069488500.0,412231000000.00006,csindex
2024-10-25,000688,科创50,981.41,1016.08,974.48,991.22,1.39,1157389543.0,51261000000.0,csindex
2024-10-25,000852,中证1000,5876.44,6014.11,5876.21,5974.91,1.93,30682066500.0,394949000000.0,csindex
2024-10-25,399001,深证成指,10470.07,10733.07,10460.93,10619.85,1.7057,865421055.34,1094882473800.0,tencent
2024-10-25,399006,创业板指,2190.39,2277.17,2180.22,2238.9,2.9332,322255605.0,583754159500.0,tencent
2024-10-25,899050,北证50,1277.22,1389.01,1258.65,1259.26,0.08,3356921067.0,59016999999.99999,csindex
2024-10-28,000001,上证指数,3300.46,3322.2,3279.72,3322.2,0.68,67237313100.0,717510000000.0,csindex
2024-10-28,000300,沪深300,3953.11,3964.16,3917.2,3964.16,0.2,21616041500.0,390450000000.0,csindex
2024-10-28,000688,科创50,988.43,991.13,976.52,986.56,-0.47,907848156.0,40995000000.0,csindex
2024-10-28,000852,中证1000,5988.72,6082.09,5965.0,6082.09,1.79,32672293800.0,408799000000.0,csindex
2024-10-28,399001,深证成指,10617.9,10685.89,10519.48,10685.89,0.6219,958674133.24,1145396320900.0,tencent
2024-10-28,399006,创业板指,2228.08,2236.47,2198.89,2229.12,-0.4368,346139425.0,575603204300.0,tencent
2024-10-28,899050,北证50,1259.28,1288.53,1221.16,1270.66,0.91,2433776181.0,41726000000.0,csindex
2024-10-29,000001,上证指数,3328.09,3340.46,3284.21,3286.41,-1.08,72532615400.0,806574000000.0,csindex
2024-10-29,000300,沪深300,3970.01,3991.31,3921.58,3924.65,-1.0,21729398400.0,429625000000.0,csindex
2024-10-29,000688,科创50,988.5,1006.86,975.03,975.37,-1.13,1039213435.0,52355999999.99999,csindex
2024-10-29,000852,中证1000,6106.19,6113.64,5982.53,5983.84,-1.62,36932529900.0,475114000000.00006,csindex
2024-10-29,399001,深证成指,10706.02,10729.57,10536.81,10543.33,-1.3341,1033067513.29,1255535897000.0,tencent
2024-10-29,399006,创业板指,2231.82,2239.26,2175.81,2177.31,-2.3242,371919397.0,631639273900.0,tencent
2024-10-29,899050,北证50,1285.74,1340.89,1261.94,1317.41,3.68,2940281996.0,53296000000.0,csindex
2024-10-30,000001,上证指数,3273.64,3291.68,3244.81,3266.24,-0.61,66901809000.0,730620000000.0,csindex
2024-10-30,000300,沪深300,3904.16,3926.06,3864.31,3889.45,-0.9,21943662600.0,385011000000.0,csindex
2024-10-30,000688,科创50,967.84,976.4,949.33,958.82,-1.7,962893541.0,47977000000.0,csindex
2024-10-30,000852,中证1000,5960.79,6043.59,5945.68,6019.35,0.59,32438018600.0,416947000000.0,csindex
2024-10-30,399001,深证成指,10488.23,10596.22,10426.74,10530.85,-0.1184,931733214.16,1116035280300.0,tencent
2024-10-30,399006,创业板指,2156.28,2179.94,2127.63,2151.51,-1.1849,327522148.0,556470811500.0,tencent
2024-10-30,899050,北证50,1295.98,1343.94,1253.92,1288.27,-2.21,2668868595.0,47370000000.0,csindex
2024-10-31,000001,上证指数,3267.98,3295.74,3252.39,3279.82,0.42,78464909400.0,864970999999.9999,csindex
2024-10-31,000300,沪深300,3888.42,3923.9,3859.11,3891.04,0.04,30063671800.0,515534000000.0,csindex
2024-10-31,000688,科创50,960.68,978.18,947.58,969.45,1.11,1080036035.0,55835000000.0,csindex
2024-10-31,000852,中证1000,6041.01,6161.56,6004.71,6116.66,1.62,38611948500.0,507595000000.0,csindex
2024-10-31,399001,深证成指,10535.41,10693.84,10458.85,10591.22,0.5733,1103094719.53,1352352747300.0,tencent
2024-10-31,399006,创业板指,2145.66,2204.86,2130.27,2164.46,0.6019,371664787.0,648857390700.0,tencent
2024-10-31,899050,北证50,1285.76,1317.44,1232.18,1266.6,-1.68,2525720623.0,45529000000.0,csindex
2024-11-01,000001,上证指数,3275.58,3305.32,3258.73,3272.01,-0.24,85205532000.0,878112999999.9999,csindex
2024-11-01,000300,沪深300,3882.46,3933.22,3879.96,3890.02,-0.03,30798648100.0,476472999999.99994,csindex
2024-11-01,000688,科创50,960.21,967.84,939.76,939.76,-3.06,867759933.0,43409000000.0,csindex
2024-11-01,000852,中证1000,6100.79,6125.41,5912.53,5930.23,-3.05,40933827600.0,511368000000.0,csindex
2024-11-01,399001,深证成指,10563.84,10629.81,10417.98,10455.5,-1.2814,1184720290.06,1352275455400.0,tencent
2024-11-01,399006,创业板指,2149.94,2166.52,2120.73,2123.74,-1.8813,372803871.0,600618206700.0,tencent
2024-11-01,899050,北证50,1244.45,1261.55,1143.52,1144.9,-9.61,2188398178.0,37918000000.0,csindex
2024-11-04,000001,上证指数,3275.68,3310.21,3263.84,3310.21,1.17,66507745400.0,692342000000.0,csindex
2024-11-04,000300,沪深300,3897.71,3944.76,3891.21,3944.76,1.41,22923906000.0,381049000000.0,csindex
2024-11-04,000688,科创50,938.19,955.9,937.97,954.67,1.59,622598493.0,32124000000.0,csindex
2024-11-04,000852,中证1000,5912.31,6053.11,5912.31,6053.11,2.07,29563714700.0,378247000000.0,csindex
2024-11-04,399001,深证成指,10457.89,10663.1,10457.89,10663.1,1.9856,826549024.13,1001563840400.0001,tencent
2024-11-04,399006,创业板指,2122.98,2187.38,2122.98,2185.98,2.9307,254734109.0,432571054099.99994,tencent
2024-11-04,899050,北证50,1146.1,1216.75,1146.1,1216.75,6.28,1801211360.0,29991000000.000004,csindex
2024-11-05,000001,上证指数,3306.81,3386.99,3302.05,3386.99,2.32,82112490200.0,929931000000.0,csindex
2024-11-05,000300,沪深300,3937.62,4046.7,3925.41,4044.57,2.53,31686279400.0,580972000000.0,csindex
2024-11-05,000688,科创50,954.14,997.89,950.39,996.17,4.35,1167570210.0,58241999999.99999,csindex
2024-11-05,000852,中证1000,6057.21,6279.92,6051.46,6266.54,3.53,39014253100.0,511249000000.0,csindex
2024-11-05,399001,深证成指,10653.2,11030.62,10609.81,11006.94,3.2246,1077408889.0,1373699162200.0,tencent
2024-11-05,399006,创业板指,2184.9,2301.99,2172.52,2289.84,4.7512,350837107.0,638795092700.0,tencent
2024-11-05,899050,北证50,1221.83,1326.73,1221.83,1315.56,8.12,2701071173.0,47598000000.0,csindex
2024-11-06,000001,上证指数,3395.22,3421.0,3367.08,3383.81,-0.09,89585593000.0,1026808000000.0,csindex
2024-11-06,000300,沪深300,4051.29,4091.7,4002.5,4024.28,-0.5,33580793800.0,639124000000.0,csindex
2024-11-06,000688,科创50,1002.06,1017.12,986.43,998.09,0.19,1265136478.0,61212000000.0,csindex
2024-11-06,000852,中证1000,6287.29,6368.87,6247.15,6293.19,0.43,42425010100.0,551410000000.0,csindex
2024-11-06,399001,深证成指,11024.0,11177.69,10896.32,10968.14,-0.3525,1214767757.04,1536034646500.0,tencent
2024-11-06,399006,创业板指,2290.67,2360.88,2247.04,2265.83,-1.0485,403030177.0,728928556600.0,tencent
2024-11-06,899050,北证50,1345.14,1409.6,1330.55,1362.73,3.59,3303369947.0,61741000000.0,csindex
2024-11-07,000001,上证指数,3359.99,3470.66,3356.26,3470.66,2.57,95955668000.0,1048841000000.0,csindex
2024-11-07,000300,沪深300,3987.27,4146.15,3984.67,4145.7,3.02,34143641400.0,658146000000.0,csindex
2024-11-07,000688,科创50,986.5,1038.03,984.56,1028.44,3.04,1284113836.0,57941000000.0,csindex
2024-11-07,000852,中证1000,6238.62,6403.92,6229.49,6403.92,1.76,40857165200.0,498496000000.0,csindex
2024-11-07,399001,深证成指,10852.12,11235.92,10839.94,11235.92,2.4414,1222513447.74,1456235718200.0,tencent
2024-11-07,399006,创业板指,2244.96,2350.76,2240.25,2350.76,3.7483,405904223.0,678138690600.0,tencent
2024-11-07,899050,北证50,1346.63,1416.14,1333.7,1408.9,3.39,3161340318.0,58546000000.0,csindex
2024-11-08,000001,上证指数,3502.13,3509.82,3443.19,3452.3,-0.53,96403456200.0,1107932000000.0,csindex
2024-11-08,000300,沪深300,4192.08,4200.91,4094.16,4104.05,-1.0,33235038500.0,688447000000.0,csindex
2024-11-08,000688,科创50,1053.45,1070.95,1025.43,1025.64,-0.27,1697143980.0,80487000000.0,csindex
2024-11-08,000852,中证1000,6470.07,6526.65,6400.09,6423.12,0.3,45179630800.0,570702000000.0,csindex
2024-11-08,399001,深证成指,11374.2,11410.98,11135.33,11161.7,-0.6606,1253432815.92,1573593148899.9998,tencent
2024-11-08,399006,创业板指,2396.87,2402.38,2317.51,2321.59,-1.2409,413769211.0,747609087700.0,tencent
2024-11-08,899050,北证50,1438.18,1469.57,1383.95,1391.35,-1.25,2595143086.0,51249000000.0,csindex
2024-11-11,000001,上证指数,3432.37,3471.12,3416.73,3470.07,0.51,81802543600.0,1024335000000.0,csindex
2024-11-11,000300,沪深300,4066.93,4132.51,4048.04,4131.13,0.66,28959422700.0,625606000000.0,csindex
2024-11-11,000688,科创50,1033.55,1074.52,1028.1,1073.84,4.7,1814167034.0,83563000000.0,csindex
2024-11-11,000852,中证1000,6416.17,6580.57,6412.58,6579.01,2.43,40243625500.0,551138000000.0,csindex
2024-11-11,399001,深证成指,11087.41,11390.48,11071.65,11388.57,2.0326,1121880893.96,1483392842500.0,tencent
2024-11-11,399006,创业板指,2298.62,2393.58,2296.32,2392.44,3.0518,377529598.0,706763481600.0,tencent
2024-11-11,899050,北证50,1389.66,1407.99,1348.8,1402.3,0.79,1935398376.0,39405000000.0,csindex
2024-11-12,000001,上证指数,3469.89,3489.42,3402.04,3421.97,-1.39,81792652400.0,1039601000000.0,csindex
2024-11-12,000300,沪深300,4133.35,4181.71,4060.79,4085.74,-1.1,29777808600.0,660381000000.0,csindex
2024-11-12,000688,科创50,1070.64,1080.57,1040.91,1050.54,-2.17,1514569984.0,70794000000.0,csindex
2024-11-12,000852,中证1000,6593.82,6616.16,6429.35,6491.97,-1.32,40071524400.0,547396000000.0,csindex
2024-11-12,399001,深证成指,11430.22,11560.35,11210.96,11314.46,-0.6507,1138974929.79,1511118660200.0,tencent
2024-11-12,399006,创业板指,2416.21,2448.2,2362.57,2390.8,-0.0685,378754158.0,707260634000.0,tencent
2024-11-12,899050,北证50,1404.79,1430.26,1347.29,1374.52,-1.98,1841539321.0,36856000000.0,csindex
2024-11-13,000001,上证指数,3406.92,3442.3,3404.53,3439.28,0.51,67366234800.0,829435000000.0,csindex
2024-11-13,000300,沪深300,4059.59,4121.07,4059.59,4110.89,0.62,24048409900.0,512734000000.0,csindex
2024-11-13,000688,科创50,1042.2,1062.65,1039.58,1061.37,1.03,1091457243.0,56233000000.00001,csindex
2024-11-13,000852,中证1000,6453.86,6512.6,6357.56,6474.39,-0.27,31748592800.0,420387000000.0,csindex
2024-11-13,399001,深证成指,11231.73,11380.5,11143.34,11359.29,0.3962,911863787.1,1179810560600.0,tencent
2024-11-13,399006,创业板指,2367.16,2427.16,2345.06,2417.25,1.1063,299809058.0,561278093000.0,tencent
2024-11-13,899050,北证50,1361.72,1385.69,1322.7,1385.69,0.81,1604614442.0,32914999999.999996,csindex
2024-11-14,000001,上证指数,3429.51,3441.77,3376.15,3379.84,-1.73,63155669000.0,762884000000.0,csindex
2024-11-14,000300,沪深300,4101.22,4118.17,4034.94,4039.62,-1.73,23015278400.0,464158000000.0,csindex
2024-11-14,000688,科创50,1056.21,1065.2,1024.55,1027.32,-3.21,951590028.0,48673000000.0,csindex
2024-11-14,000852,中证1000,6462.01,6472.95,6263.31,6272.19,-3.12,29479471800.0,387868000000.0,csindex
2024-11-14,399001,深证成指,11333.4,11335.36,11023.74,11037.78,-2.8304,838967422.13,1075621868100.0,tencent
2024-11-14,399006,创业板指,2411.29,2419.69,2331.68,2334.96,-3.4043,270788688.0,494484895700.0,tencent
2024-11-14,899050,北证50,1386.43,1408.76,1352.47,1354.54,-2.25,1562127740.0,33367000000.0,csindex
2024-11-15,000001,上证指数,3369.81,3391.32,3330.73,3330.73,-1.45,63028558300.0,745937000000.0,csindex
2024-11-15,000300,沪深300,4025.65,4049.07,3968.83,3968.83,-1.75,24739946300.0,474080000000.0,csindex
2024-11-15,000688,科创50,1024.6,1030.27,986.86,986.88,-3.94,968850259.0,47316000000.0,csindex
2024-11-15,000852,中证1000,6246.34,6331.87,6124.66,6125.51,-2.34,29519163400.0,383424000000.0,csindex
2024-11-15,399001,深证成指,10983.54,11065.42,10748.97,10748.97,-2.6166,842984455.32,1080599719100.0,tencent
2024-11-15,399006,创业板指,2318.94,2338.56,2243.62,2243.62,-3.9118,289330900.0,518610190500.0,tencent
2024-11-15,899050,北证50,1353.36,1384.59,1327.09,1344.33,-0.75,1733043998.0,37108000000.0,csindex
2024-11-18,000001,上证指数,3344.69,3386.9,3309.01,3323.85,-0.21,74395069200.0,755810000000.0,csindex
2024-11-18,000300,沪深300,3982.1,4034.06,3931.19,3950.38,-0.46,30677794600.0,472408000000.0,csindex
2024-11-18,000688,科创50,989.4,1001.99,962.83,968.71,-1.84,865925760.0,41250000000.0,csindex
2024-11-18,000852,中证1000,6154.51,6180.88,5937.09,5974.56,-2.46,32267260800.0,374008000000.0,csindex
2024-11-18,399001,深证成指,10774.44,10816.51,10478.26,10544.02,-1.9067,871803471.11,1001885166600.0,tencent
2024-11-18,399006,创业板指,2244.32,2254.92,2173.18,2190.95,-2.3475,283518400.0,466115253900.0,tencent
2024-11-18,899050,北证50,1362.91,1379.21,1289.3,1295.45,-3.64,1916882343.0,38688000000.0,csindex
2024-11-19,000001,上证指数,3324.88,3346.76,3284.13,3346.01,0.67,62502415100.0,651575000000.0,csindex
2024-11-19,000300,沪深300,3954.6,3979.15,3896.75,3976.89,0.67,24294646500.0,402611000000.0,csindex
2024-11-19,000688,科创50,974.0,999.96,960.01,998.01,3.02,758963630.0,37774000000.0,csindex
2024-11-19,000852,中证1000,5977.84,6130.5,5945.46,6130.28,2.61,27316752600.0,327924000000.0,csindex
2024-11-19,399001,深证成指,10559.33,10748.6,10427.94,10743.84,1.8951,770721451.89,906518949400.0,tencent
2024-11-19,399006,创业板指,2200.13,2261.59,2173.45,2256.61,2.9969,244199501.0,409157860100.0,tencent
2024-11-19,899050,北证50,1280.54,1311.0,1208.84,1306.96,0.89,1994423501.0,38798000000.0,csindex
2024-11-20,000001,上证指数,3337.68,3375.25,3333.0,3367.99,0.66,56615428900.0,627858000000.0,csindex
2024-11-20,000300,沪深300,3966.12,4001.08,3958.34,3985.77,0.22,18459937200.0,347578000000.0,csindex
2024-11-20,000688,科创50,992.67,1008.56,988.26,1002.54,0.45,681479498.0,34399000000.0,csindex
2024-11-20,000852,中证1000,6116.96,6262.08,6105.22,6250.8,1.97,29997582100.0,367521000000.0,csindex
2024-11-20,399001,深证成指,10709.92,10875.45,10692.56,10827.19,0.7758,816356778.89,986404104300.0001,tencent
2024-11-20,399006,创业板指,2242.6,2283.75,2239.77,2267.85,0.4981,288681253.0,465811764099.99994,tencent
2024-11-20,899050,北证50,1292.53,1357.38,1285.34,1347.15,3.07,1904974809.0,37590000000.0,csindex
2024-11-21,000001,上证指数,3362.94,3378.52,3348.86,3370.4,0.07,53033183000.0,614517000000.0,csindex
2024-11-21,000300,沪深300,3979.46,3999.57,3966.07,3989.3,0.09,16612592700.0,324235000000.0,csindex
2024-11-21,000688,科创50,1002.97,1020.0,999.56,1011.46,0.89,730221561.0,39656000000.0,csindex
2024-11-21,000852,中证1000,6241.01,6292.86,6199.71,6262.16,0.18,29965511100.0,380712000000.0,csindex
2024-11-21,399001,深证成指,10787.93,10867.41,10739.28,10819.88,-0.0675,818375764.65,996798121800.0001,tencent
2024-11-21,399006,创业板指,2254.27,2281.16,2248.38,2265.87,-0.0873,282320627.0,463565223400.00006,tencent
2024-11-21,899050,北证50,1342.17,1385.88,1337.98,1366.27,1.42,2240061404.0,44769000000.0,csindex
2024-11-22,000001,上证指数,3368.04,3372.0,3267.19,3267.19,-3.06,63068779000.0,707626000000.0,csindex
2024-11-22,000300,沪深300,3984.24,3990.26,3865.7,3865.7,-3.1,21628580900.0,397567000000.0,csindex
2024-11-22,000688,科创50,1011.64,1018.51,968.96,969.35,-4.16,797046574.0,40878000000.0,csindex
2024-11-22,000852,中证1000,6240.09,6280.6,6030.37,6030.49,-3.7,34212911700.0,415875000000.0,csindex
2024-11-22,399001,深证成指,10785.52,10836.69,10438.72,10438.72,-3.5228,925948280.48,1082058067700.0,tencent
2024-11-22,399006,创业板指,2257.95,2269.27,2175.57,2175.57,-3.9852,301571728.0,489001762900.0,tencent
2024-11-22,899050,北证50,1352.41,1370.91,1295.31,1295.78,-5.16,2134293413.0,42813000000.0,csindex
2024-11-25,000001,上证指数,3274.88,3285.46,3232.92,3263.76,-0.11,53889739000.0,596502000000.0,csindex
2024-11-25,000300,沪深300,3875.61,3889.71,3812.32,3848.09,-0.46,19070295300.0,349007000000.0,csindex
2024-11-25,000688,科创50,970.82,974.29,941.21,957.92,-1.18,682298864.0,36114000000.0,csindex
2024-11-25,000852,中证1000,6047.94,6076.19,5937.91,6052.13,0.36,27764677600.0,336016000000.0,csindex
2024-11-25,399001,深证成指,10462.44,10505.24,10282.5,10420.52,-0.1744,770226266.53,893690967800.0,tencent
2024-11-25,399006,创业板指,2184.1,2193.68,2140.48,2175.18,-0.0179,251575908.0,398471227600.0,tencent
2024-11-25,899050,北证50,1294.28,1306.78,1249.99,1289.19,-0.51,1622174558.0,31676000000.0,csindex
2024-11-26,000001,上证指数,3256.86,3285.33,3252.87,3259.76,-0.12,47221930400.0,509491000000.0,csindex
2024-11-26,000300,沪深300,3836.26,3875.23,3833.28,3840.18,-0.21,14989244100.0,264403000000.00003,csindex
2024-11-26,000688,科创50,955.58,967.92,950.51,951.59,-0.66,516596889.0,22314000000.0,csindex
2024-11-26,000852,中证1000,6036.64,6093.37,5979.39,5981.57,-1.17,24440411200.0,293811000000.0,csindex
2024-11-26,399001,深证成指,10387.0,10480.96,10330.45,10333.23,-0.8377,711832134.94,795484175900.0,tencent
2024-11-26,399006,创业板指,2163.37,2187.12,2148.14,2150.1,-1.153,233179805.0,360457121000.0,tencent
2024-11-26,899050,北证50,1285.96,1306.36,1238.65,1238.65,-3.92,1562901127.0,29794000000.0,csindex
2024-11-27,000001,上证指数,3250.59,3309.88,3227.36,3309.78,1.53,51120230300.0,571618000000.0,csindex
2024-11-27,000300,沪深300,3829.34,3907.16,3817.91,3907.04,1.74,17413609600.0,320632000000.0,csindex
2024-11-27,000688,科创50,947.95,987.98,940.87,985.97,3.61,732682282.0,37460000000.0,csindex
2024-11-27,000852,中证1000,5942.53,6119.01,5857.0,6118.66,2.29,29094626700.0,337554000000.0,csindex
2024-11-27,399001,深证成指,10284.72,10566.1,10202.23,10566.1,2.2536,795571296.18,887125205600.0,tencent
2024-11-27,399006,创业板指,2136.71,2209.16,2119.54,2208.78,2.7292,258006971.0,401330159400.0,tencent
2024-11-27,899050,北证50,1226.09,1245.69,1177.08,1245.69,0.57,1560701606.0,28969000000.0,csindex
2024-11-28,000001,上证指数,3308.28,3319.26,3290.36,3295.7,-0.43,51195304700.0,558164000000.0,csindex
2024-11-28,000300,沪深300,3904.25,3908.39,3866.01,3872.55,-0.88,15011729100.0,286433000000.0,csindex
2024-11-28,000688,科创50,985.79,1003.42,981.37,983.68,-0.23,702852183.0,34906000000.0,csindex
2024-11-28,000852,中证1000,6121.68,6170.13,6077.6,6086.09,-0.53,30123556000.0,352732000000.0,csindex
2024-11-28,399001,深证成指,10560.41,10581.59,10416.33,10432.54,-1.264,850887876.86,932295840500.0,tencent
2024-11-28,399006,创业板指,2204.49,2206.85,2165.53,2169.8,-1.7648,276399803.0,419813252299.99994,tencent
2024-11-28,899050,北证50,1251.67,1287.22,1241.97,1244.46,-0.1,1808901335.0,35378000000.0,csindex
2024-11-29,000001,上证指数,3295.21,3357.5,3293.69,3326.46,0.93,58022710200.0,663852000000.0,csindex
2024-11-29,000300,沪深300,3869.89,3962.7,3869.89,3916.58,1.14,18765671300.0,375262000000.0,csindex
2024-11-29,000688,科创50,980.43,1024.53,978.39,1007.39,2.41,880084499.0,42639000000.0,csindex
2024-11-29,000852,中证1000,6066.71,6246.2,6039.83,6189.13,1.69,32476269100.0,387696000000.0,csindex
2024-11-29,399001,深证成指,10406.08,10727.08,10406.08,10611.72,1.7175,892157878.76,1044492312300.0,tencent
2024-11-29,399006,创业板指,2162.52,2264.68,2162.52,2224.0,2.4979,302880301.0,501365261400.0,tencent
2024-11-29,899050,北证50,1235.73,1298.86,1215.11,1282.5,3.06,1882814748.0,38263000000.0,csindex
2024-12-02,000001,上证指数,3328.48,3369.3,3323.01,3363.98,1.13,66847776200.0,709510000000.0,csindex
2024-12-02,000300,沪深300,3909.7,3955.13,3902.17,3947.63,0.79,19728978400.0,368591000000.0,csindex
2024-12-02,000688,科创50,1008.71,1022.59,1002.06,1015.79,0.83,882093802.0,38980000000.0,csindex
2024-12-02,000852,中证1000,6188.8,6325.86,6188.8,6313.61,2.01,35402806600.0,408649000000.0,csindex
2024-12-02,399001,深证成指,10595.47,10777.69,10583.72,10756.55,1.3648,937523184.22,1077203653400.0,tencent
2024-12-02,399006,创业板指,2212.36,2261.14,2210.86,2255.5,1.4164,311350090.0,505969429400.0,tencent
2024-12-02,899050,北证50,1281.78,1328.19,1279.62,1321.62,3.05,2008912543.0,38905000000.0,csindex
2024-12-03,000001,上证指数,3366.29,3386.62,3348.37,3378.81,0.44,66303013900.0,683983000000.0,csindex
2024-12-03,000300,沪深300,3946.7,3963.95,3922.84,3951.89,0.11,18249686700.0,327295000000.0,csindex
2024-12-03,000688,科创50,1017.07,1021.7,997.11,1005.26,-1.04,772046020.0,33091000000.000004,csindex
2024-12-03,000852,中证1000,6318.97,6342.36,6239.44,6303.28,-0.16,32665236300.0,377826000000.0,csindex
2024-12-03,399001,深证成指,10757.49,10761.44,10625.48,10713.58,-0.3995,939709022.05,1031925156800.0001,tencent
2024-12-03,399006,创业板指,2252.75,2261.39,2224.69,2245.5,-0.4434,306481107.0,482235795900.00006,tencent
2024-12-03,899050,北证50,1323.78,1345.99,1313.82,1323.02,0.11,1980406783.0,40280000000.0,csindex
2024-12-04,000001,上证指数,3376.57,3388.02,3352.94,3364.65,-0.42,62102886200.0,653468000000.0,csindex
2024-12-04,000300,沪深300,3948.13,3957.37,3917.75,3930.56,-0.54,17462631800.0,312040000000.0,csindex
2024-12-04,000688,科创50,1020.08,1023.06,995.2,999.36,-0.59,885706863.0,38309000000.0,csindex
2024-12-04,000852,中证1000,6301.05,6303.5,6175.84,6204.94,-1.56,29920209800.0,351417000000.0,csindex
2024-12-04,399001,深证成指,10700.06,10717.56,10556.6,10604.01,-1.0227,930816502.52,1009658111000.0,tencent
2024-12-04,399006,创业板指,2237.65,2246.04,2204.39,2213.41,-1.4291,289942124.0,459314971200.0,tencent
2024-12-04,899050,北证50,1325.93,1339.62,1290.95,1293.94,-2.2,1675149300.0,34459000000.0,csindex
2024-12-05,000001,上证指数,3353.06,3377.06,3353.06,3368.86,0.12,54388574600.0,565551000000.0,csindex
2024-12-05,000300,沪深300,3916.56,3936.34,3910.08,3921.59,-0.23,13853403800.0,257716000000.0,csindex
2024-12-05,000688,科创50,993.17,1006.57,992.89,1001.84,0.25,590800606.0,27167000000.0,csindex
2024-12-05,000852,中证1000,6186.12,6302.36,6186.12,6285.6,1.3,28853561700.0,340683000000.0,csindex
2024-12-05,399001,深证成指,10565.03,10674.77,10565.03,10634.49,0.2874,844663661.48,933068980400.0001,tencent
2024-12-05,399006,创业板指,2207.5,2237.09,2207.5,2221.46,0.3637,270063838.0,440343428800.0,tencent
2024-12-05,899050,北证50,1286.03,1317.65,1283.51,1306.1,0.94,1351121763.0,28118000000.0,csindex
2024-12-06,000001,上证指数,3370.94,3418.26,3364.21,3404.08,1.05,69818657200.0,685981000000.0,csindex
2024-12-06,000300,沪深300,3923.9,3995.12,3923.9,3973.14,1.31,19205790700.0,351752000000.0,csindex
2024-12-06,000688,科创50,1004.77,1024.84,994.63,1014.45,1.26,809886055.0,33283999999.999996,csindex
2024-12-06,000852,中证1000,6291.3,6384.66,6229.21,6349.62,1.02,34903096300.0,392888000000.0,csindex
2024-12-06,399001,深证成指,10642.89,10860.25,10618.76,10791.34,1.4749,1029340329.14,1102866354600.0,tencent
2024-12-06,399006,创业板指,2219.91,2289.81,2213.32,2267.06,2.0527,315853926.0,509916084500.0,tencent
2024-12-06,899050,北证50,1307.81,1318.35,1284.47,1293.47,-0.97,1474953327.0,28976000000.0,csindex
2024-12-09,000001,上证指数,3402.63,3426.65,3385.96,3402.53,-0.05,69490520500.0,649443000000.0,csindex
2024-12-09,000300,沪深300,3970.66,3995.51,3948.42,3966.57,-0.17,17595995800.0,308227000000.0,csindex
2024-12-09,000688,科创50,1012.88,1016.94,995.41,1003.38,-1.09,674342315.0,29464000000.0,csindex
2024-12-09,000852,中证1000,6346.59,6371.1,6257.54,6303.27,-0.73,29377328700.0,336347000000.0,csindex
2024-12-09,399001,深证成指,10780.98,10821.51,10668.33,10731.66,-0.553,955155947.18,985064287400.0,tencent
2024-12-09,399006,创业板指,2265.19,2273.08,2229.51,2248.63,-0.8129,275288754.0,441668691900.0,tencent
2024-12-09,899050,北证50,1285.08,1291.04,1234.38,1237.73,-4.31,1449489826.0,26995000000.0,csindex
2024-12-10,000001,上证指数,3490.29,3494.87,3417.77,3422.66,0.59,79466803400.0,860484000000.0,csindex
2024-12-10,000300,沪深300,4094.05,4098.38,3988.97,3995.64,0.73,25346379500.0,487278000000.0,csindex
2024-12-10,000688,科创50,1051.53,1051.9,1008.5,1010.91,0.75,897720009.0,43368000000.0,csindex
2024-12-10,000852,中证1000,6493.54,6497.89,6352.76,6362.02,0.93,37420920600.0,453737000000.0,csindex
2024-12-10,399001,深证成指,11124.78,11134.55,10792.01,10812.58,0.754,1171388026.11,1339737614600.0,tencent
2024-12-10,399006,创业板指,2358.29,2358.49,2258.02,2264.05,0.6858,368365343.0,633302801400.0,tencent
2024-12-10,899050,北证50,1323.27,1326.6,1260.51,1266.81,2.35,1405722291.0,28016000000.000004,csindex
2024-12-11,000001,上证指数,3416.09,3437.81,3416.09,3432.49,0.29,68154461000.0,692930000000.0,csindex
2024-12-11,000300,沪深300,3988.02,4005.33,3977.35,3988.83,-0.17,17725284600.0,310713000000.0,csindex
2024-12-11,000688,科创50,1007.55,1016.83,1004.36,1007.19,-0.37,829932454.0,34289999999.999996,csindex
2024-12-11,000852,中证1000,6343.78,6454.97,6343.78,6447.37,1.34,33135195600.0,392600000000.0,csindex
2024-12-11,399001,深证成指,10781.1,10884.06,10781.08,10848.42,0.3315,1012272834.75,1083447077099.9999,tencent
2024-12-11,399006,创业板指,2260.7,2278.79,2251.35,2261.58,-0.1091,294926754.0,488392484600.0,tencent
2024-12-11,899050,北证50,1259.95,1275.22,1237.81,1248.91,-1.41,1162405606.0,22295000000.0,csindex
2024-12-12,000001,上证指数,3432.28,3464.12,3425.98,3461.5,0.85,70009668900.0,734169000000.0,csindex
2024-12-12,000300,沪深300,3987.15,4031.74,3981.35,4028.5,0.99,18162177700.0,333668000000.0,csindex
2024-12-12,000688,科创50,1008.14,1014.56,999.06,1010.9,0.37,795871997.0,34275000000.0,csindex
2024-12-12,000852,中证1000,6454.94,6493.71,6390.59,6490.15,0.66,34232605300.0,407630000000.0,csindex
2024-12-12,399001,深证成指,10846.54,10967.28,10813.79,10957.13,1.0021,1040587050.15,1132740374500.0,tencent
2024-12-12,399006,创业板指,2257.31,2302.64,2256.07,2292.15,1.3517,308420591.0,510495451000.0,tencent
2024-12-12,899050,北证50,1244.45,1246.88,1214.6,1232.53,-1.31,1146427213.0,20779000000.0,csindex
2024-12-13,000001,上证指数,3442.93,3442.93,3390.75,3391.88,-2.01,77746414400.0,850715000000.0,csindex
2024-12-13,000300,沪深300,4000.99,4000.99,3931.74,3933.18,-2.37,23035307900.0,421479000000.0,csindex
2024-12-13,000688,科创50,1003.99,1009.35,988.73,989.78,-2.09,1493424530.0,56460000000.0,csindex
2024-12-13,000852,中证1000,6447.2,6460.94,6351.3,6354.99,-2.08,36198551300.0,430631000000.00006,csindex
2024-12-13,399001,深证成指,10876.19,10876.19,10709.14,10713.07,-2.2274,1075547182.02,1218512329500.0,tencent
2024-12-13,399006,创业板指,2272.27,2276.13,2234.17,2235.26,-2.4819,328537971.0,561357989300.0,tencent
2024-12-13,899050,北证50,1222.16,1248.56,1211.82,1219.3,-1.07,1125289568.0,20812000000.0,csindex
2024-12-16,000001,上证指数,3390.08,3401.93,3376.54,3386.33,-0.16,62557899600.0,675237000000.0,csindex
2024-12-16,000300,沪深300,3930.78,3938.76,3901.65,3911.84,-0.54,17851125100.0,327619000000.0,csindex
2024-12-16,000688,科创50,990.57,992.36,971.1,975.27,-1.47,834927456.0,36855000000.0,csindex
2024-12-16,000852,中证1000,6355.63,6367.81,6248.16,6277.52,-1.22,31021517300.0,379382000000.0,csindex
2024-12-16,399001,深证成指,10705.52,10721.71,10535.53,10573.92,-1.2989,922676962.01,1024563635100.0,tencent
2024-12-16,399006,创业板指,2232.62,2234.19,2192.25,2201.53,-1.509,273787934.0,450274741000.0,tencent
2024-12-16,899050,北证50,1215.73,1222.33,1169.07,1177.36,-3.44,926374601.0,17317000000.0,csindex
2024-12-17,000001,上证指数,3381.81,3396.21,3357.77,3361.49,-0.73,56894150500.0,584789000000.0,csindex
2024-12-17,000300,沪深300,3908.13,3955.95,3908.13,3922.03,0.26,16093909000.0,306037000000.0,csindex
2024-12-17,000688,科创50,974.04,980.57,965.49,967.28,-0.82,540282605.0,25179000000.0,csindex
2024-12-17,000852,中证1000,6262.49,6269.14,6133.13,6143.94,-2.13,27479395900.0,325036000000.0,csindex
2024-12-17,399001,深证成指,10557.23,10677.74,10526.26,10537.43,-0.3451,858140531.61,925567807700.0,tencent
2024-12-17,399006,创业板指,2197.13,2233.17,2197.13,2201.18,-0.0159,248753481.0,397265265000.0,tencent
2024-12-17,899050,北证50,1178.1,1182.62,1138.15,1139.41,-3.22,847805938.0,15209000000.0,csindex
2024-12-18,000001,上证指数,3371.3,3396.46,3371.3,3382.21,0.62,51252497900.0,539791000000.0,csindex
2024-12-18,000300,沪深300,3934.54,3956.14,3933.97,3941.89,0.51,15773832100.0,276825000000.0,csindex
2024-12-18,000688,科创50,970.46,984.76,965.56,981.51,1.47,557128791.0,31008000000.0,csindex
2024-12-18,000852,中证1000,6156.69,6242.52,6121.05,6195.87,0.85,24802412200.0,310421000000.0,csindex
2024-12-18,399001,深证成指,10561.94,10639.77,10535.76,10584.27,0.4445,740846621.99,820732340300.0,tencent
2024-12-18,399006,创业板指,2207.18,2216.0,2192.6,2202.14,0.0436,216481476.0,354895982600.0,tencent
2024-12-18,899050,北证50,1144.94,1164.29,1127.7,1132.61,-0.6,828158421.0,15002000000.000002,csindex
2024-12-19,000001,上证指数,3355.9,3377.53,3346.47,3370.03,-0.36,51390906300.0,559131000000.0,csindex
2024-12-19,000300,沪深300,3911.89,3954.35,3899.75,3945.46,0.09,16108104000.0,321772000000.0,csindex
2024-12-19,000688,科创50,969.38,997.8,967.86,993.0,1.17,659808529.0,38195000000.0,csindex
2024-12-19,000852,中证1000,6127.22,6223.8,6108.39,6207.19,0.18,25148792400.0,320881000000.0,csindex
2024-12-19,399001,深证成指,10483.5,10673.96,10460.2,10649.03,0.6119,760693343.4,884957667099.9999,tencent
2024-12-19,399006,创业板指,2178.46,2220.43,2174.94,2213.54,0.5177,221719261.0,375784424900.0,tencent
2024-12-19,899050,北证50,1116.13,1174.27,1091.69,1169.71,3.28,1197910242.0,20866000000.0,csindex
2024-12-20,000001,上证指数,3364.48,3390.62,3362.82,3368.07,-0.06,49096462100.0,596822000000.0,csindex
2024-12-20,000300,沪深300,3937.47,3958.63,3923.26,3927.74,-0.45,15498649600.0,332143000000.0,csindex
2024-12-20,000688,科创50,990.06,1024.72,989.41,1011.21,1.83,947624295.0,56904999999.99999,csindex
2024-12-20,000852,中证1000,6195.64,6320.96,6191.08,6271.75,1.04,24365908500.0,344656000000.0,csindex
2024-12-20,399001,深证成指,10631.44,10731.08,10618.79,10646.62,-0.0226,732375378.35,918303558400.0,tencent
2024-12-20,399006,创业板指,2209.38,2234.13,2201.94,2209.66,-0.1753,230049274.0,427247917600.0,tencent
2024-12-20,899050,北证50,1156.37,1197.94,1153.63,1171.77,0.18,940986585.0,17948000000.0,csindex
2024-12-23,000001,上证指数,3367.9,3384.99,3348.28,3351.26,-0.5,55674724800.0,623118000000.0,csindex
2024-12-23,000300,沪深300,3928.15,3965.85,3928.15,3933.57,0.15,19006736200.0,354063000000.0,csindex
2024-12-23,000688,科创50,1011.19,1025.81,996.89,998.61,-1.25,878762426.0,53013000000.0,csindex
2024-12-23,000852,中证1000,6271.76,6276.97,6086.91,6096.38,-2.8,25847497500.0,333062000000.0,csindex
2024-12-23,399001,深证成指,10650.58,10708.82,10527.15,10537.4,-1.0259,795687830.45,907671813700.0,tencent
2024-12-23,399006,创业板指,2205.69,2223.64,2185.35,2187.94,-0.983,245538770.0,409610368900.0,tencent
2024-12-23,899050,北证50,1169.78,1185.75,1140.85,1140.88,-2.64,806363857.0,15141999999.999998,csindex
2024-12-24,000001,上证指数,3353.54,3394.9,3352.95,3393.53,1.26,47199267300.0,530758000000.0,csindex
2024-12-24,000300,沪深300,3934.94,3985.86,3934.73,3983.69,1.27,16149458900.0,310385000000.0,csindex
2024-12-24,000688,科创50,1002.5,1015.87,991.3,1014.02,1.54,676624072.0,38537000000.0,csindex
2024-12-24,000852,中证1000,6110.77,6165.2,6066.23,6164.36,1.12,21601091800.0,281311000000.0,csindex
2024-12-24,399001,深证成指,10548.15,10673.34,10548.15,10671.43,1.2719,664977041.16,776807907600.0,tencent
2024-12-24,399006,创业板指,2190.47,2215.19,2187.78,2213.55,1.1705,200966406.0,349402388400.00006,tencent
2024-12-24,899050,北证50,1148.27,1161.8,1125.82,1149.78,0.78,734867451.0,13909000000.0,csindex
2024-12-25,000001,上证指数,3395.11,3406.21,3374.01,3393.35,-0.01,47131559200.0,522168000000.0,csindex
2024-12-25,000300,沪深300,3987.96,4007.76,3969.48,3985.63,0.05,15939074700.0,299295000000.0,csindex
2024-12-25,000688,科创50,1018.57,1024.95,1009.71,1017.36,0.33,696305801.0,42680000000.0,csindex
2024-12-25,000852,中证1000,6158.65,6159.6,6037.74,6094.69,-1.13,21902703200.0,274581000000.0,csindex
2024-12-25,399001,深证成指,10675.73,10677.65,10544.88,10603.1,-0.6403,667963062.36,759136338900.0,tencent
2024-12-25,399006,创业板指,2215.61,2216.36,2187.0,2201.3,-0.5534,203868100.0,337460267700.00006,tencent
2024-12-25,899050,北证50,1148.04,1148.48,1106.2,1106.2,-3.79,768137740.0,13524000000.0,csindex
2024-12-26,000001,上证指数,3389.34,3401.1,3380.26,3398.08,0.14,42217727100.0,518937000000.0,csindex
2024-12-26,000300,沪深300,3981.73,3991.53,3965.55,3987.48,0.05,14342528600.0,305770000000.0,csindex
2024-12-26,000688,科创50,1014.07,1030.67,1010.94,1027.02,0.95,725416393.0,45118000000.0,csindex
2024-12-26,000852,中证1000,6083.89,6185.81,6083.89,6160.45,1.08,20691673900.0,280813000000.0,csindex
2024-12-26,399001,深证成指,10586.96,10692.89,10570.09,10673.97,0.6684,593997426.54,753522611400.0,tencent
2024-12-26,399006,创业板指,2200.32,2219.69,2193.59,2209.85,0.3884,184436467.0,347293434600.0,tencent
2024-12-26,899050,北证50,1105.56,1130.23,1104.34,1107.78,0.14,749945560.0,14072000000.0,csindex
2024-12-27,000001,上证指数,3397.29,3418.95,3388.32,3400.14,0.06,50048813000.0,586090000000.0,csindex
2024-12-27,000300,沪深300,3987.02,4007.13,3970.94,3981.03,-0.16,16926866600.0,345011000000.0,csindex
2024-12-27,000688,科创50,1026.71,1044.15,1016.98,1018.58,-0.82,845229294.0,50641000000.0,csindex
2024-12-27,000852,中证1000,6164.67,6250.2,6135.48,6171.57,0.18,23784155400.0,313073000000.0,csindex
2024-12-27,399001,深证成指,10679.34,10780.53,10632.53,10659.98,-0.1311,679934587.84,847760350900.0,tencent
2024-12-27,399006,创业板指,2209.71,2235.56,2196.29,2204.9,-0.224,207513529.0,385898226100.0,tencent
2024-12-27,899050,北证50,1108.94,1115.31,1090.04,1094.24,-1.22,770000602.0,13783000000.000002,csindex
2024-12-30,000001,上证指数,3395.4,3412.84,3394.96,3407.33,0.21,45526238300.0,522245000000.0,csindex
2024-12-30,000300,沪深300,3976.7,4005.78,3976.7,3999.05,0.45,16461248500.0,322699000000.0,csindex
2024-12-30,000688,科创50,1014.78,1031.46,1011.1,1020.63,0.2,687428291.0,42139000000.0,csindex
2024-12-30,000852,中证1000,6164.91,6192.58,6097.1,6145.93,-0.42,20771244800.0,273573000000.0,csindex
2024-12-30,399001,深证成指,10644.15,10726.66,10632.74,10671.16,0.1049,609052769.31,753918099100.0,tencent
2024-12-30,399006,创业板指,2198.86,2218.74,2198.12,2206.29,0.063,187201460.0,342205734099.99994,tencent
2024-12-30,899050,北证50,1092.04,1092.04,1044.76,1046.17,-4.39,739075529.0,12478000000.0,csindex
2024-12-31,000001,上证指数,3406.97,3413.45,3351.76,3351.76,-1.63,50273106200.0,562584000000.0,csindex
2024-12-31,000300,沪深300,3995.87,4004.35,3934.91,3934.91,-1.6,18392839700.0,347880000000.0,csindex
2024-12-31,000688,科创50,1020.52,1021.41,988.93,988.93,-3.11,729141242.0,38741000000.0,csindex
2024-12-31,000852,中证1000,6151.03,6160.73,5957.72,5957.72,-3.06,23799003200.0,296970000000.0,csindex
2024-12-31,399001,深证成指,10668.17,10678.77,10414.61,10414.61,-2.4041,646653008.8,783178607400.0,tencent
2024-12-31,399006,创业板指,2202.18,2207.31,2141.6,2141.6,-2.9321,199428413.0,352199463900.0,tencent
2024-12-31,899050,北证50,1049.69,1072.33,1037.26,1037.81,-0.8,780730305.0,13075000000.0,csindex
2025-01-02,000001,上证指数,3347.94,3351.72,3242.09,3262.56,-2.66,56137519900.0,603341000000.0,csindex
2025-01-02,000300,沪深300,3931.82,3934.2,3796.34,3820.4,-2.91,21789872400.0,388637000000.0,csindex
2025-01-02,000688,科创50,986.82,986.82,945.45,955.33,-3.4,746345556.0,40785000000.0,csindex
2025-01-02,000852,中证1000,5948.68,5982.55,5743.18,5797.09,-2.7,24412560600.0,293718000000.0,csindex
2025-01-02,399001,深证成指,10400.66,10409.61,10006.56,10088.06,-3.1355,681116709.37,793191277000.0,tencent
2025-01-02,399006,创业板指,2136.92,2137.65,2040.38,2060.44,-3.7897,196587395.0,342439637000.0,tencent
2025-01-02,899050,北证50,1034.71,1047.65,1009.87,1019.88,-1.73,754387680.0,13249000000.0,csindex
2025-01-03,000001,上证指数,3267.08,3273.57,3205.78,3211.43,-1.57,51759201400.0,523160000000.00006,csindex
2025-01-03,000300,沪深300,3825.24,3835.94,3767.67,3775.16,-1.18,17534267600.0,304323000000.0,csindex
2025-01-03,000688,科创50,955.72,963.23,941.25,941.82,-1.41,602927367.0,30758000000.0,csindex
2025-01-03,000852,中证1000,5808.54,5826.08,5609.77,5625.21,-2.96,23709321100.0,272348000000.0,csindex
2025-01-03,399001,深证成指,10097.93,10139.99,9891.84,9897.12,-1.8927,685235256.92,744702910000.0,tencent
2025-01-03,399006,创业板指,2062.4,2067.41,2015.96,2015.97,-2.1583,206064912.0,324932848000.0,tencent
2025-01-03,899050,北证50,1026.37,1049.33,1011.65,1018.17,-0.17,835239617.0,14597000000.0,csindex
2025-01-06,000001,上证指数,3209.78,3219.49,3185.46,3206.92,-0.14,43097840300.0,444188000000.0,csindex
2025-01-06,000300,沪深300,3775.99,3788.85,3743.07,3768.97,-0.16,15094667000.0,262804000000.0,csindex
2025-01-06,000688,科创50,943.76,949.59,931.0,938.71,-0.33,494765389.0,26431000000.0,csindex
2025-01-06,000852,中证1000,5614.03,5688.92,5561.9,5608.03,-0.31,20304767600.0,234877000000.0,csindex
2025-01-06,399001,深证成指,9890.98,9975.99,9817.75,9885.65,-0.1159,586235482.68,614445158400.0,tencent
2025-01-06,399006,创业板指,2018.25,2033.27,2000.86,2014.19,-0.0883,169375612.0,260608779700.0,tencent
2025-01-06,899050,北证50,1017.07,1030.21,995.4,1003.64,-1.43,768619304.0,12721000000.0,csindex
2025-01-07,000001,上证指数,3203.31,3230.85,3190.46,3229.64,0.71,40966052900.0,436388000000.0,csindex
2025-01-07,000300,沪深300,3760.87,3797.6,3749.06,3796.11,0.72,14645577900.0,266856000000.0,csindex
2025-01-07,000688,科创50,938.6,966.07,936.65,965.53,2.86,560780232.0,33374000000.0,csindex
2025-01-07,000852,中证1000,5610.95,5694.0,5580.89,5692.04,1.5,19391245000.0,234287000000.0,csindex
2025-01-07,399001,深证成指,9860.58,10000.34,9822.0,9998.76,1.1442,588919068.3,640248820200.0,tencent
2025-01-07,399006,创业板指,1996.0,2028.75,1988.42,2028.36,0.7035,168570529.0,277786422800.0,tencent
2025-01-07,899050,北证50,1006.32,1024.42,988.3,1024.42,2.07,768764252.0,12681000000.0,csindex
2025-01-08,000001,上证指数,3218.86,3246.29,3175.72,3230.17,0.02,47286439000.0,508147999999.99994,csindex
2025-01-08,000300,沪深300,3781.26,3810.74,3731.19,3789.22,-0.18,16916696800.0,300966000000.0,csindex
2025-01-08,000688,科创50,956.71,976.62,937.82,965.12,-0.04,617672416.0,35650000000.0,csindex
2025-01-08,000852,中证1000,5664.31,5706.66,5501.49,5661.78,-0.53,22580083000.0,272084000000.0,csindex
2025-01-08,399001,深证成指,9940.2,10016.22,9731.44,9944.64,-0.5413,683561380.45,734817586300.0,tencent
2025-01-08,399006,创业板指,2011.75,2029.02,1963.81,2008.44,-0.9821,195527839.0,316548208000.0,tencent
2025-01-08,899050,北证50,1018.33,1047.0,999.11,1037.4,1.27,877239756.0,14811000000.000002,csindex
2025-01-09,000001,上证指数,3220.72,3228.97,3205.91,3211.39,-0.58,38294355700.0,434446000000.0,csindex
2025-01-09,000300,沪深300,3780.73,3795.26,3768.68,3779.88,-0.25,12979400200.0,251486000000.0,csindex
2025-01-09,000688,科创50,962.23,972.47,960.54,961.44,-0.38,545885378.0,28739999999.999996,csindex
2025-01-09,000852,中证1000,5629.9,5714.46,5629.82,5672.78,0.19,19332042100.0,248219999999.99997,csindex
2025-01-09,399001,深证成指,9906.91,10021.94,9901.63,9976.0,0.3153,605202920.74,677482470699.9999,tencent
2025-01-09,399006,创业板指,1994.81,2025.31,1994.7,2010.66,0.1105,174244808.0,287453523400.0,tencent
2025-01-09,899050,北证50,1033.44,1063.66,1028.72,1053.53,1.55,1008153053.0,17669000000.0,csindex
2025-01-10,000001,上证指数,3211.71,3220.11,3168.52,3168.52,-1.33,40366334800.0,465939000000.00006,csindex
2025-01-10,000300,沪深300,3778.89,3786.81,3732.48,3732.48,-1.25,13752317100.0,275354000000.0,csindex
2025-01-10,000688,科创50,962.22,980.75,950.59,950.59,-1.13,653186020.0,38011000000.0,csindex
2025-01-10,000852,中证1000,5662.77,5718.21,5544.92,5544.92,-2.25,19801487700.0,242989000000.0,csindex
2025-01-10,399001,深证成指,9957.83,10004.06,9795.94,9795.94,-1.8049,616360985.45,682335422600.0,tencent
2025-01-10,399006,创业板指,2006.55,2024.43,1975.3,1975.3,-1.7586,178384005.0,295340671100.0,tencent
2025-01-10,899050,北证50,1050.57,1068.38,1024.26,1024.26,-2.78,843012172.0,14847000000.0,csindex
2025-01-13,000001,上证指数,3148.83,3172.7,3140.98,3160.76,-0.25,37274202300.0,411774000000.0,csindex
2025-01-13,000300,沪深300,3704.44,3737.89,3704.11,3722.51,-0.27,13644619900.0,247862000000.0,csindex
2025-01-13,000688,科创50,938.38,955.08,936.78,952.19,0.17,518265363.0,29704000000.000004,csindex
2025-01-13,000852,中证1000,5487.12,5599.33,5457.51,5559.47,0.26,16930919000.0,201644000000.0,csindex
2025-01-13,399001,深证成指,9697.45,9866.36,9693.8,9796.18,0.0024,504800435.64,554603230700.0,tencent
2025-01-13,399006,创业板指,1953.89,1998.5,1953.82,1982.46,0.3625,152288463.0,245669166800.0,tencent
2025-01-13,899050,北证50,1008.23,1023.92,996.32,1000.22,-2.35,581169982.0,9962000000.0,csindex
2025-01-14,000001,上证指数,3165.16,3245.22,3159.43,3240.94,2.54,46921270400.0,538984000000.0,csindex
2025-01-14,000300,沪深300,3728.56,3826.64,3718.88,3820.54,2.63,17066465700.0,345461000000.0,csindex
2025-01-14,000688,科创50,958.49,984.03,946.63,981.78,3.11,717669791.0,40450000000.0,csindex
2025-01-14,000852,中证1000,5580.88,5814.71,5562.18,5811.05,4.53,23577286900.0,291062000000.0,csindex
2025-01-14,399001,深证成指,9822.35,10178.67,9788.76,10165.17,3.7667,690716454.95,811716723400.0,tencent
2025-01-14,399006,创业板指,1989.39,2076.96,1979.14,2075.76,4.7063,227021058.0,386165587100.0,tencent
2025-01-14,899050,北证50,1004.25,1107.94,1004.25,1107.94,10.77,1197271353.0,21520000000.0,csindex
2025-01-15,000001,上证指数,3234.72,3245.9,3222.24,3227.12,-0.43,40472319900.0,466216000000.0,csindex
2025-01-15,000300,沪深300,3810.04,3816.83,3790.17,3796.03,-0.64,14147552000.0,278851000000.0,csindex
2025-01-15,000688,科创50,976.13,988.86,970.82,977.66,-0.42,657254631.0,35651000000.0,csindex
2025-01-15,000852,中证1000,5805.9,5815.15,5755.62,5775.57,-0.61,20429032500.0,258109000000.0,csindex
2025-01-15,399001,深证成指,10139.78,10147.26,10038.3,10060.13,-1.0333,626573129.76,722613427000.0,tencent
2025-01-15,399006,创业板指,2064.48,2064.48,2032.57,2037.93,-1.8225,195449289.0,329023933400.0,tencent
2025-01-15,899050,北证50,1102.65,1139.94,1099.07,1104.86,-0.28,1274815869.0,23203000000.0,csindex
2025-01-16,000001,上证指数,3239.03,3265.28,3217.1,3236.03,0.28,43065553900.0,499055000000.0,csindex
2025-01-16,000300,沪深300,3812.19,3842.95,3776.29,3800.38,0.11,14450587100.0,305735000000.0,csindex
2025-01-16,000688,科创50,982.09,991.9,954.15,956.4,-2.18,747426043.0,47632000000.0,csindex
2025-01-16,000852,中证1000,5810.05,5906.47,5753.76,5801.31,0.45,21637323900.0,268025000000.0,csindex
2025-01-16,399001,深证成指,10110.42,10249.62,10011.17,10101.09,0.4072,679618813.55,774747271900.0,tencent
2025-01-16,399006,创业板指,2051.09,2084.23,2029.82,2051.35,0.6585,203899551.0,354789525100.0,tencent
2025-01-16,899050,北证50,1114.05,1153.83,1106.44,1127.35,2.04,1011683846.0,19330000000.0,csindex
2025-01-17,000001,上证指数,3226.76,3256.51,3219.77,3241.82,0.18,38359926000.0,456553000000.0,csindex
2025-01-17,000300,沪深300,3788.37,3831.64,3780.21,3812.34,0.31,12662196100.0,265437000000.0,csindex
2025-01-17,000688,科创50,949.84,977.81,947.84,965.9,0.99,664767047.0,39550000000.0,csindex
2025-01-17,000852,中证1000,5780.61,5885.42,5755.91,5841.57,0.69,19681796700.0,252875000000.0,csindex
2025-01-17,399001,深证成指,10059.99,10227.71,10059.16,10161.32,0.5963,576214409.08,678981034500.0,tencent
2025-01-17,399006,创业板指,2041.71,2083.2,2041.58,2067.27,0.7761,170885961.0,310265773400.0,tencent
2025-01-17,899050,北证50,1123.41,1141.06,1112.39,1122.94,-0.39,798005498.0,15690000000.0,csindex
2025-01-20,000001,上证指数,3256.15,3268.26,3238.12,3244.38,0.08,40333794800.0,469741000000.0,csindex
2025-01-20,000300,沪深300,3835.3,3858.67,3821.98,3829.68,0.45,13958127700.0,292175000000.0,csindex
2025-01-20,000688,科创50,969.84,978.22,962.4,968.27,0.25,565571926.0,32231000000.0,csindex
2025-01-20,000852,中证1000,5877.97,5925.07,5856.83,5879.15,0.64,19843078300.0,250732000000.00003,csindex
2025-01-20,399001,深证成指,10240.71,10333.16,10225.34,10256.4,0.9357,587735779.77,713186940000.0,tencent
2025-01-20,399006,创业板指,2090.14,2118.74,2090.07,2104.73,1.8121,177274295.0,323976747100.0,tencent
2025-01-20,899050,北证50,1139.64,1145.19,1118.36,1125.59,0.24,699656303.0,13541000000.0,csindex
2025-01-21,000001,上证指数,3256.83,3258.61,3229.07,3242.62,-0.05,38458371800.0,468263000000.0,csindex
2025-01-21,000300,沪深300,3850.36,3850.91,3817.12,3832.61,0.08,14121840600.0,285073000000.0,csindex
2025-01-21,000688,科创50,973.91,980.15,964.86,976.3,0.83,641570762.0,37580000000.0,csindex
2025-01-21,000852,中证1000,5911.4,5917.13,5834.96,5908.02,0.49,19912783400.0,273060000000.0,csindex
2025-01-21,399001,深证成指,10323.12,10325.69,10205.99,10305.69,0.4806,597396789.42,736974131800.0001,tencent
2025-01-21,399006,创业板指,2125.07,2125.07,2090.32,2112.39,0.3639,182508851.0,331501649800.0,tencent
2025-01-21,899050,北证50,1136.81,1138.2,1112.07,1119.88,-0.51,643952145.0,12443000000.0,csindex
2025-01-22,000001,上证指数,3235.49,3235.5,3203.38,3213.62,-0.89,36481751800.0,452313000000.0,csindex
2025-01-22,000300,沪深300,3823.94,3823.94,3783.14,3797.02,-0.93,13725506200.0,298746000000.0,csindex
2025-01-22,000688,科创50,972.21,980.41,967.67,975.34,-0.1,547772168.0,32119000000.0,csindex
2025-01-22,000852,中证1000,5879.84,5886.74,5824.03,5855.74,-0.88,18029676000.0,245948000000.0,csindex
2025-01-22,399001,深证成指,10263.04,10272.59,10162.0,10225.87,-0.7745,533432300.2,683542190400.0001,tencent
2025-01-22,399006,创业板指,2103.83,2110.9,2081.08,2101.03,-0.5378,165662666.0,321487930500.0,tencent
2025-01-22,899050,北证50,1114.86,1114.86,1072.63,1074.16,-4.08,635270127.0,12025000000.0,csindex
2025-01-23,000001,上证指数,3237.6,3273.52,3229.57,3230.16,0.51,45824680300.0,539801000000.0,csindex
2025-01-23,000300,沪深300,3829.05,3864.26,3801.85,3803.74,0.18,18056955100.0,345198000000.0,csindex
2025-01-23,000688,科创50,987.26,994.77,966.11,966.11,-0.95,662841822.0,36910000000.0,csindex
2025-01-23,000852,中证1000,5911.22,5991.85,5829.03,5829.03,-0.46,22285575300.0,296685000000.0,csindex
2025-01-23,399001,深证成指,10323.45,10411.47,10176.17,10176.17,-0.486,648078885.95,815483915300.0,tencent
2025-01-23,399006,创业板指,2125.3,2151.48,2093.31,2093.31,-0.3674,210268257.0,387834330100.0,tencent
2025-01-23,899050,北证50,1097.31,1116.92,1072.78,1072.78,-0.13,741896687.0,14340000000.0,csindex
2025-01-24,000001,上证指数,3222.88,3260.01,3221.71,3252.63,0.7,39865303300.0,480685000000.00006,csindex
2025-01-24,000300,沪深300,3793.85,3847.6,3793.48,3832.86,0.77,14897172200.0,296474000000.0,csindex
2025-01-24,000688,科创50,966.09,980.43,966.09,974.83,0.9,545581953.0,30204000000.000004,csindex
2025-01-24,000852,中证1000,5815.46,5943.11,5815.46,5938.13,1.87,20809044500.0,279148000000.0,csindex
2025-01-24,399001,深证成指,10141.41,10315.38,10141.41,10292.73,1.1454,589944330.15,741331577600.0,tencent
2025-01-24,399006,创业板指,2084.13,2131.55,2084.13,2121.84,1.3629,200051426.0,360783248500.0,tencent
2025-01-24,899050,北证50,1065.55,1082.67,1057.13,1079.22,0.6,637829403.0,11864000000.0,csindex
2025-01-27,000001,上证指数,3256.61,3274.39,3250.6,3250.6,-0.06,38746764200.0,450232000000.0,csindex
2025-01-27,000300,沪深300,3836.96,3852.0,3817.08,3817.08,-0.41,14667077200.0,282940000000.0,csindex
2025-01-27,000688,科创50,972.19,975.96,954.9,955.09,-2.03,534105584.0,32168000000.0,csindex
2025-01-27,000852,中证1000,5946.73,5964.15,5846.07,5846.07,-1.55,18864620000.0,253589000000.0,csindex
2025-01-27,399001,深证成指,10299.97,10329.61,10156.07,10156.07,-1.3277,532847417.81,667641130300.0,tencent
2025-01-27,399006,创业板指,2119.17,2123.15,2063.82,2063.82,-2.7344,177520122.0,324013509600.0,tencent
2025-01-27,899050,北证50,1092.05,1095.51,1058.03,1058.03,-1.96,518286873.0,9856000000.0,csindex
2025-02-05,000001,上证指数,3270.16,3271.02,3220.28,3229.49,-0.65,40638818100.0,521103000000.0,csindex
2025-02-05,000300,沪深300,3844.7,3844.7,3785.16,3795.08,-0.58,15716830800.0,346016000000.0,csindex
2025-02-05,000688,科创50,989.12,989.53,974.99,982.83,2.9,787830014.0,52804000000.0,csindex
2025-02-05,000852,中证1000,5900.51,5928.88,5851.6,5881.44,0.6,21200531000.0,286306000000.0,csindex
2025-02-05,399001,深证成指,10237.71,10241.37,10124.2,10164.22,0.0802,583267744.83,768449245800.0,tencent
2025-02-05,399006,创业板指,2082.99,2083.01,2054.37,2062.92,-0.0436,204368036.0,378666289300.0,tencent
2025-02-05,899050,北证50,1075.86,1079.73,1063.08,1070.38,1.17,586181933.0,10920000000.0,csindex
2025-02-06,000001,上证指数,3226.58,3271.43,3225.85,3270.66,1.27,46084273000.0,590422000000.0,csindex
2025-02-06,000300,沪深300,3789.61,3843.49,3788.32,3842.83,1.26,16728817600.0,371892000000.0,csindex
2025-02-06,000688,科创50,977.02,1012.88,975.37,1011.22,2.89,901897926.0,53651000000.0,csindex
2025-02-06,000852,中证1000,5869.71,6042.02,5853.75,6041.83,2.73,25599851100.0,361378000000.0,csindex
2025-02-06,399001,深证成指,10142.85,10393.63,10135.15,10393.63,2.257,710990134.31,944938901400.0,tencent
2025-02-06,399006,创业板指,2059.45,2120.79,2056.18,2120.75,2.8033,248973902.0,464949308900.0,tencent
2025-02-06,899050,北证50,1067.62,1129.32,1060.61,1129.32,5.51,1026820468.0,19649000000.0,csindex
2025-02-07,000001,上证指数,3269.23,3324.43,3262.51,3303.67,1.01,60055845100.0,757614000000.0,csindex
2025-02-07,000300,沪深300,3844.06,3919.35,3833.87,3892.7,1.3,22185770700.0,487382000000.0,csindex
2025-02-07,000688,科创50,1011.06,1035.17,1003.24,1018.8,0.75,1043693929.0,57550000000.0,csindex
2025-02-07,000852,中证1000,6046.36,6198.75,6042.26,6134.05,1.53,32395283500.0,447049000000.0,csindex
2025-02-07,399001,深证成指,10410.04,10666.74,10384.25,10576.0,1.7546,887206131.35,1202631199800.0,tencent
2025-02-07,399006,创业板指,2127.14,2200.1,2122.35,2174.35,2.5274,308397999.0,589808761200.0,tencent
2025-02-07,899050,北证50,1131.07,1217.73,1129.76,1185.31,4.96,1658721331.0,31970000000.0,csindex
2025-02-10,000001,上证指数,3308.04,3325.36,3299.24,3322.17,0.56,54658974900.0,677038000000.0,csindex
2025-02-10,000300,沪深300,3898.1,3906.37,3878.83,3901.06,0.21,18890304000.0,384968000000.0,csindex
2025-02-10,000688,科创50,1023.02,1038.02,1018.37,1036.77,1.76,821804821.0,48807000000.0,csindex
2025-02-10,000852,中证1000,6155.05,6218.07,6126.08,6210.55,1.25,29782593200.0,407767000000.0,csindex
2025-02-10,399001,深证成指,10608.61,10645.96,10532.12,10631.25,0.5224,816427978.71,1053785768800.0,tencent
2025-02-10,399006,创业板指,2183.78,2188.13,2156.76,2183.88,0.4383,279950659.0,512227306800.0,tencent
2025-02-10,899050,北证50,1194.21,1225.42,1182.7,1225.42,3.38,1456304934.0,29042000000.0,csindex
2025-02-11,000001,上证指数,3323.67,3324.17,3304.44,3318.06,-0.12,51194354100.0,632167000000.0,csindex
2025-02-11,000300,沪深300,3905.16,3905.16,3872.91,3883.14,-0.46,16657490900.0,337866000000.0,csindex
2025-02-11,000688,科创50,1034.95,1038.6,1018.39,1024.41,-1.19,722229778.0,40695000000.0,csindex
2025-02-11,000852,中证1000,6209.52,6220.96,6135.87,6190.17,-0.33,28827157600.0,393173000000.0,csindex
2025-02-11,399001,深证成指,10640.84,10640.84,10524.01,10557.62,-0.6926,770227173.37,1003780990800.0,tencent
2025-02-11,399006,创业板指,2182.91,2182.91,2150.47,2152.73,-1.4264,266477049.0,487815482400.0,tencent
2025-02-11,899050,北证50,1236.42,1292.74,1223.08,1250.43,2.04,1955270709.0,42280000000.0,csindex
2025-02-12,000001,上证指数,3312.26,3346.39,3310.39,3346.39,0.85,51343782800.0,647388000000.0,csindex
2025-02-12,000300,沪深300,3875.96,3920.72,3867.35,3919.86,0.95,16422854000.0,354831000000.0,csindex
2025-02-12,000688,科创50,1026.87,1042.13,1021.57,1041.14,1.63,817007254.0,47569000000.0,csindex
2025-02-12,000852,中证1000,6172.39,6284.92,6171.06,6284.61,1.53,28134276500.0,392322000000.0,csindex
2025-02-12,399001,深证成指,10529.41,10709.27,10513.23,10708.88,1.4327,762335904.57,1029827484500.0,tencent
2025-02-12,399006,创业板指,2144.73,2194.1,2142.05,2191.76,1.813,258849275.0,494031078900.0,tencent
2025-02-12,899050,北证50,1237.73,1265.27,1223.64,1265.07,1.17,1611944749.0,35045000000.0,csindex
2025-02-13,000001,上证指数,3343.23,3359.18,3332.48,3332.48,-0.42,56863116100.0,705800000000.0,csindex
2025-02-13,000300,沪深300,3913.9,3939.2,3904.98,3905.14,-0.38,17248587400.0,376473000000.0,csindex
2025-02-13,000688,科创50,1040.42,1041.98,1016.23,1017.09,-2.31,706633808.0,42190000000.0,csindex
2025-02-13,000852,中证1000,6290.79,6290.79,6202.59,6212.5,-1.15,31298493500.0,437900000000.0,csindex
2025-02-13,399001,深证成指,10691.46,10739.51,10621.09,10626.62,-0.7681,839330516.36,1113993618400.0,tencent
2025-02-13,399006,创业板指,2186.14,2203.64,2175.42,2176.16,-0.7118,284591869.0,518915994600.0,tencent
2025-02-13,899050,北证50,1262.18,1284.45,1240.24,1242.86,-1.75,1567587049.0,34454000000.0,csindex
2025-02-14,000001,上证指数,3328.48,3349.08,3322.53,3346.72,0.43,53233296500.0,667555000000.0,csindex
2025-02-14,000300,沪深300,3900.83,3942.04,3900.83,3939.01,0.87,17297645200.0,360974000000.0,csindex
2025-02-14,000688,科创50,1012.61,1024.96,1008.28,1022.46,0.53,730172173.0,42956000000.0,csindex
2025-02-14,000852,中证1000,6203.48,6257.31,6182.26,6248.83,0.58,29800584900.0,411860000000.00006,csindex
2025-02-14,399001,深证成指,10616.02,10760.86,10616.02,10749.46,1.156,786380097.26,1047448093600.0,tencent
2025-02-14,399006,创业板指,2176.32,2223.39,2176.21,2215.3,1.7986,286996251.0,515645994600.0,tencent
2025-02-14,899050,北证50,1230.31,1254.21,1220.42,1230.86,-0.97,1339912155.0,30202000000.0,csindex
2025-02-17,000001,上证指数,3355.42,3357.12,3333.19,3355.83,0.27,58954656900.0,750113000000.0,csindex
2025-02-17,000300,沪深300,3954.41,3955.9,3921.7,3947.4,0.21,21358824600.0,430930000000.0,csindex
2025-02-17,000688,科创50,1030.86,1039.75,1026.89,1037.31,1.45,796916174.0,47156000000.0,csindex
2025-02-17,000852,中证1000,6285.04,6308.48,6231.87,6281.57,0.52,32373433700.0,458304000000.0,csindex
2025-02-17,399001,深证成指,10820.96,10829.82,10711.43,10791.06,0.387,867059291.3,1191361330300.0,tencent
2025-02-17,399006,创业板指,2243.66,2245.37,2208.77,2226.62,0.511,326355461.0,594941327600.0,tencent
2025-02-17,899050,北证50,1236.88,1259.0,1224.75,1252.52,1.76,1362349921.0,30742000000.0,csindex
2025-02-18,000001,上证指数,3348.98,3366.01,3314.3,3324.49,-0.93,56267924000.0,696799000000.0,csindex
2025-02-18,000300,沪深300,3942.58,3965.42,3901.87,3912.78,-0.88,20942510100.0,400186000000.0,csindex
2025-02-18,000688,科创50,1034.63,1036.5,1006.94,1011.17,-2.52,783746491.0,42257000000.0,csindex
2025-02-18,000852,中证1000,6264.28,6282.4,6112.59,6142.14,-2.22,30015933000.0,417068999999.99994,csindex
2025-02-18,399001,深证成指,10781.2,10817.65,10577.08,10617.26,-1.6106,842171203.44,1102311658900.0,tencent
2025-02-18,399006,创业板指,2223.48,2231.28,2173.54,2182.57,-1.9783,294210590.0,532993913400.00006,tencent
2025-02-18,899050,北证50,1247.37,1272.94,1223.79,1224.18,-2.26,1294672718.0,27480000000.0,csindex
2025-02-19,000001,上证指数,3320.78,3352.09,3320.58,3351.54,0.81,50291296500.0,675146000000.0,csindex
2025-02-19,000300,沪深300,3906.22,3943.67,3904.15,3940.16,0.7,18282951700.0,363680000000.0,csindex
2025-02-19,000688,科创50,1010.67,1035.06,1010.37,1034.57,2.31,960904689.0,47971000000.0,csindex
2025-02-19,000852,中证1000,6134.99,6290.01,6133.94,6288.53,2.38,27292011400.0,405140000000.0,csindex
2025-02-19,399001,深证成指,10592.03,10774.02,10588.49,10772.65,1.4636,750496631.1,1045873251700.0,tencent
2025-02-19,399006,创业板指,2174.96,2228.48,2174.01,2226.98,2.0348,260631356.0,507339425600.0,tencent
2025-02-19,899050,北证50,1220.56,1289.84,1216.32,1289.84,5.36,1235308910.0,28435000000.000004,csindex
2025-02-20,000001,上证指数,3347.59,3355.56,3338.03,3350.78,-0.02,50435711400.0,670099000000.0,csindex
2025-02-20,000300,沪深300,3934.65,3940.68,3916.18,3928.9,-0.29,16389523600.0,325972000000.0,csindex
2025-02-20,000688,科创50,1034.79,1041.62,1025.92,1033.09,-0.14,831691895.0,41104000000.0,csindex
2025-02-20,000852,中证1000,6289.13,6349.47,6274.03,6334.41,0.73,28811019800.0,424705000000.0,csindex
2025-02-20,399001,深证成指,10765.95,10826.38,10726.53,10794.54,0.2032,782577652.28,1086489113000.0,tencent
2025-02-20,399006,创业板指,2222.37,2233.98,2204.64,2225.58,-0.0629,280378857.0,537322155800.0,tencent
2025-02-20,899050,北证50,1286.43,1339.63,1280.14,1309.04,1.49,1518633425.0,35121000000.0,csindex
2025-02-21,000001,上证指数,3356.69,3381.06,3339.03,3379.11,0.85,60819020600.0,855657000000.0,csindex
2025-02-21,000300,沪深300,3938.05,3981.05,3927.79,3978.44,1.26,22740033000.0,504645000000.0,csindex
2025-02-21,000688,科创50,1042.4,1098.6,1038.85,1094.77,5.97,1263189168.0,81244000000.0,csindex
2025-02-21,000852,中证1000,6347.67,6456.92,6317.09,6449.23,1.81,32726377100.0,503581000000.00006,csindex
2025-02-21,399001,深证成指,10821.81,11003.95,10806.51,10991.37,1.8234,907018646.75,1336950359500.0,tencent
2025-02-21,399006,创业板指,2228.92,2284.04,2228.92,2281.51,2.5131,333039973.0,669308764700.0,tencent
2025-02-21,899050,北证50,1305.85,1352.45,1293.91,1345.29,2.77,1624930102.0,39018000000.0,csindex
2025-02-24,000001,上证指数,3374.08,3384.81,3355.87,3373.03,-0.18,59818820300.0,802847000000.0,csindex
2025-02-24,000300,沪深300,3972.48,3995.95,3949.23,3969.72,-0.22,22081061800.0,455089000000.00006,csindex
2025-02-24,000688,科创50,1093.03,1110.06,1084.57,1100.05,0.48,1007704669.0,61614000000.0,csindex
2025-02-24,000852,中证1000,6454.56,6504.4,6411.77,6464.02,0.23,31846116100.0,492114000000.00006,csindex
2025-02-24,399001,深证成指,10995.26,11045.96,10909.37,10983.04,-0.0758,882712324.87,1277635672400.0,tencent
2025-02-24,399006,创业板指,2277.15,2283.79,2245.61,2266.24,-0.6693,314290011.0,619405605800.0,tencent
2025-02-24,899050,北证50,1340.22,1382.76,1324.21,1347.09,0.13,1587714131.0,35459000000.0,csindex
2025-02-25,000001,上证指数,3345.65,3369.56,3337.84,3346.04,-0.8,52757856200.0,727510000000.0,csindex
2025-02-25,000300,沪深300,3933.64,3955.43,3915.65,3925.65,-1.11,17810858000.0,377981000000.0,csindex
2025-02-25,000688,科创50,1083.94,1119.3,1079.49,1102.9,0.26,992674442.0,61859000000.0,csindex
2025-02-25,000852,中证1000,6369.28,6503.01,6359.84,6435.43,-0.44,29536637200.0,464347999999.99994,csindex
2025-02-25,399001,深证成指,10835.91,10964.67,10815.34,10854.5,-1.1703,812790464.27,1169252233300.0,tencent
2025-02-25,399006,创业板指,2227.29,2265.91,2224.46,2240.59,-1.1318,292711324.0,561872269800.0,tencent
2025-02-25,899050,北证50,1311.57,1352.31,1300.22,1328.23,-1.4,1325670728.0,29085000000.000004,csindex
2025-02-26,000001,上证指数,3351.21,3380.21,3351.21,3380.21,1.02,55399203100.0,747887000000.0,csindex
2025-02-26,000300,沪深300,3931.84,3960.33,3925.37,3959.94,0.87,19106250100.0,386458000000.0,csindex
2025-02-26,000688,科创50,1108.58,1129.63,1093.27,1126.82,2.17,1177727772.0,65708000000.00001,csindex
2025-02-26,000852,中证1000,6451.4,6527.85,6423.6,6524.41,1.38,30317641300.0,463991000000.0,csindex
2025-02-26,399001,深证成指,10870.73,10955.65,10831.11,10955.65,0.9319,842153823.07,1190457443500.0,tencent
2025-02-26,399006,创业板指,2246.95,2268.57,2232.31,2268.22,1.2332,297225033.0,586936953700.0,tencent
2025-02-26,899050,北证50,1332.0,1370.28,1327.32,1352.84,1.85,1367092347.0,31661000000.0,csindex
2025-02-27,000001,上证指数,3378.45,3388.78,3353.57,3388.06,0.23,57581502000.0,774060000000.0,csindex
2025-02-27,000300,沪深300,3961.06,3973.93,3933.46,3968.12,0.21,20288796300.0,428272999999.99994,csindex
2025-02-27,000688,科创50,1127.25,1140.37,1101.52,1126.29,-0.05,1059824213.0,63917999999.99999,csindex
2025-02-27,000852,中证1000,6526.81,6550.1,6395.91,6499.53,-0.38,31196410100.0,475356000000.00006,csindex
2025-02-27,399001,深证成指,10969.92,10999.48,10792.08,10927.51,-0.2569,894751208.99,1230525017900.0,tencent
2025-02-27,399006,创业板指,2268.5,2279.39,2225.53,2256.51,-0.5163,307273306.0,596467082600.0,tencent
2025-02-27,899050,北证50,1358.8,1380.0,1342.81,1366.06,0.98,1693591673.0,37649000000.0,csindex
2025-02-28,000001,上证指数,3374.66,3383.19,3318.72,3320.9,-1.98,56831950400.0,758055000000.0,csindex
2025-02-28,000300,沪深300,3950.19,3972.48,3886.4,3890.05,-1.97,19810414700.0,420308000000.0,csindex
2025-02-28,000688,科创50,1118.52,1123.56,1076.01,1078.8,-4.22,1100278172.0,65404000000.0,csindex
2025-02-28,000852,中证1000,6460.9,6468.8,6252.01,6270.42,-3.53,29555967500.0,433909000000.0,csindex
2025-02-28,399001,深证成指,10861.82,10883.83,10583.71,10611.24,-2.8943,825580118.13,1108968938000.0,tencent
2025-02-28,399006,创业板指,2238.34,2240.78,2163.69,2170.39,-3.8165,281464504.0,530902059000.0,tencent
2025-02-28,899050,北证50,1363.39,1372.32,1303.88,1306.98,-4.32,1712596838.0,38852000000.0,csindex
2025-03-03,000001,上证指数,3328.4,3349.02,3304.59,3316.93,-0.12,50241786200.0,643981000000.0,csindex
2025-03-03,000300,沪深300,3899.7,3930.0,3872.59,3888.47,-0.04,17762316600.0,356058000000.0,csindex
2025-03-03,000688,科创50,1079.64,1087.72,1055.77,1062.35,-1.52,896283915.0,52510000000.0,csindex
2025-03-03,000852,中证1000,6291.05,6382.05,6240.57,6273.67,0.05,26694541200.0,388840000000.0,csindex
2025-03-03,399001,深证成指,10642.18,10803.67,10586.2,10649.59,0.3614,725068982.39,980695622300.0,tencent
2025-03-03,399006,创业板指,2176.82,2232.2,2161.36,2196.52,1.2039,247920944.0,472696215200.00006,tencent
2025-03-03,899050,北证50,1316.48,1349.65,1299.27,1336.7,2.27,1789406291.0,39828000000.0,csindex
2025-03-04,000001,上证指数,3300.5,3327.82,3297.53,3324.21,0.22,42999611100.0,568728000000.0,csindex
2025-03-04,000300,沪深300,3865.99,3890.42,3855.73,3885.22,-0.08,14985096700.0,297739000000.0,csindex
2025-03-04,000688,科创50,1052.47,1088.53,1050.25,1080.66,1.72,810914621.0,48022000000.0,csindex
2025-03-04,000852,中证1000,6218.83,6364.12,6217.81,6357.63,1.34,22954848600.0,347695000000.0,csindex
2025-03-04,399001,深证成指,10558.75,10688.53,10540.42,10679.44,0.2803,635011280.3,866849634200.0,tencent
2025-03-04,399006,创业板指,2170.99,2193.53,2161.06,2190.08,-0.2932,225876166.0,427875703600.0,tencent
2025-03-04,899050,北证50,1320.4,1379.97,1314.62,1379.97,3.24,2010681199.0,44548000000.0,csindex
2025-03-05,000001,上证指数,3324.7,3342.71,3314.15,3341.96,0.53,46095269600.0,587768000000.0,csindex
2025-03-05,000300,沪深300,3887.8,3906.42,3877.02,3902.57,0.45,15865275100.0,290860000000.0,csindex
2025-03-05,000688,科创50,1081.1,1090.47,1072.06,1083.82,0.29,715338429.0,41475000000.0,csindex
2025-03-05,000852,中证1000,6365.43,6401.83,6318.29,6398.24,0.64,23896184700.0,359567000000.0,csindex
2025-03-05,399001,深证成指,10686.47,10718.69,10626.71,10709.46,0.2811,668283361.04,906047047000.0,tencent
2025-03-05,399006,创业板指,2190.58,2200.87,2173.9,2190.36,0.0128,233260677.0,442270535200.00006,tencent
2025-03-05,899050,北证50,1375.33,1423.39,1372.32,1418.9,2.82,2274673198.0,52086000000.0,csindex
2025-03-06,000001,上证指数,3353.57,3387.05,3348.68,3381.1,1.17,53999270900.0,736438000000.0,csindex
2025-03-06,000300,沪深300,3923.38,3964.49,3917.08,3956.24,1.38,19396091500.0,397419000000.0,csindex
2025-03-06,000688,科创50,1100.44,1125.64,1099.72,1121.58,3.48,956305494.0,62325000000.0,csindex
2025-03-06,000852,中证1000,6438.16,6548.85,6435.54,6534.97,2.14,30055477000.0,464780000000.0,csindex
2025-03-06,399001,深证成指,10774.08,10924.22,10759.4,10898.75,1.7675,820551026.81,1170018723500.0,tencent
2025-03-06,399006,创业板指,2204.25,2243.28,2202.01,2234.69,2.0239,306910775.0,592297157900.0,tencent
2025-03-06,899050,北证50,1432.0,1438.11,1392.49,1398.16,-1.46,2043305975.0,47064000000.0,csindex
2025-03-07,000001,上证指数,3373.18,3390.94,3363.93,3372.55,-0.25,51766355100.0,687879000000.0,csindex
2025-03-07,000300,沪深300,3944.91,3967.07,3935.05,3944.01,-0.31,16673237500.0,340627000000.0,csindex
2025-03-07,000688,科创50,1113.84,1120.98,1102.61,1107.62,-1.24,807235865.0,45982000000.0,csindex
2025-03-07,000852,中证1000,6512.73,6577.95,6465.26,6507.76,-0.42,30888880700.0,463227000000.00006,csindex
2025-03-07,399001,深证成指,10858.78,10931.95,10798.19,10843.73,-0.5048,820368124.47,1130360435700.0,tencent
2025-03-07,399006,创业板指,2221.91,2226.0,2195.13,2205.31,-1.3147,287065098.0,551841091100.0,tencent
2025-03-07,899050,北证50,1387.25,1417.56,1378.05,1391.28,-0.49,1884555490.0,43608000000.0,csindex
2025-03-10,000001,上证指数,3373.26,3375.8,3347.19,3366.16,-0.19,45038083200.0,595026000000.0,csindex
2025-03-10,000300,沪深300,3945.58,3949.14,3905.13,3928.8,-0.39,15276523200.0,292575000000.0,csindex
2025-03-10,000688,科创50,1107.31,1111.74,1088.34,1105.16,-0.22,740080048.0,42849000000.0,csindex
2025-03-10,000852,中证1000,6519.03,6541.59,6466.9,6520.97,0.2,25652211300.0,374384000000.0,csindex
2025-03-10,399001,深证成指,10862.93,10896.11,10747.14,10825.7,-0.1663,674926263.25,910633461500.0,tencent
2025-03-10,399006,创业板指,2211.1,2217.77,2182.58,2199.88,-0.2462,231584299.0,438592530400.0,tencent
2025-03-10,899050,北证50,1395.7,1424.44,1391.67,1417.54,1.89,1697220845.0,38620000000.0,csindex
2025-03-11,000001,上证指数,3335.44,3379.83,3334.83,3379.83,0.41,44846832300.0,592286000000.0,csindex
2025-03-11,000300,沪深300,3890.43,3941.42,3889.43,3941.42,0.32,14475440200.0,287480000000.0,csindex
2025-03-11,000688,科创50,1086.38,1102.91,1085.46,1100.74,-0.4,688111474.0,37954000000.0,csindex
2025-03-11,000852,中证1000,6438.24,6551.73,6432.76,6551.73,0.47,25245521600.0,366244000000.0,csindex
2025-03-11,399001,深证成指,10698.81,10861.16,10692.72,10861.16,0.3276,670244772.22,889609924000.0,tencent
2025-03-11,399006,创业板指,2172.18,2204.03,2171.27,2204.03,0.1886,220927831.0,413787146100.0,tencent
2025-03-11,899050,北证50,1388.53,1419.28,1384.18,1418.65,0.08,1638899848.0,38182000000.0,csindex
2025-03-12,000001,上证指数,3385.69,3392.41,3370.22,3371.92,-0.23,50219510000.0,648502000000.0,csindex
2025-03-12,000300,沪深300,3946.86,3953.61,3921.47,3927.23,-0.36,15673219000.0,309627000000.0,csindex
2025-03-12,000688,科创50,1107.96,1112.16,1092.67,1092.71,-0.73,658625820.0,39710000000.0,csindex
2025-03-12,000852,中证1000,6585.6,6632.39,6564.72,6566.97,0.23,28170557600.0,416300000000.0,csindex
2025-03-12,399001,深证成指,10897.42,10939.57,10828.42,10843.23,-0.1651,756834238.92,1035254200500.0,tencent
2025-03-12,399006,创业板指,2211.15,2214.97,2191.1,2191.27,-0.5789,266044504.0,497412152800.0,tencent
2025-03-12,899050,北证50,1430.13,1436.16,1409.26,1409.84,-0.62,1831077441.0,42032000000.0,csindex
2025-03-13,000001,上证指数,3371.09,3377.12,3341.12,3358.73,-0.39,51901347900.0,636212000000.0,csindex
2025-03-13,000300,沪深300,3925.74,3939.29,3897.38,3911.58,-0.4,15653644300.0,295173000000.0,csindex
2025-03-13,000688,科创50,1093.59,1094.89,1064.25,1069.7,-2.11,723402721.0,38340000000.0,csindex
2025-03-13,000852,中证1000,6558.42,6570.89,6405.73,6466.85,-1.52,26682567700.0,384618000000.0,csindex
2025-03-13,399001,深证成指,10830.11,10865.32,10677.84,10736.19,-0.9872,730316555.96,970516736800.0001,tencent
2025-03-13,399006,创业板指,2189.47,2200.91,2154.95,2166.0,-1.1532,250422746.0,457459231700.0,tencent
2025-03-13,899050,北证50,1406.47,1412.62,1349.24,1366.5,-3.07,1865522469.0,41967000000.0,csindex
2025-03-14,000001,上证指数,3361.69,3421.23,3360.61,3419.56,1.81,58266338800.0,750042000000.0,csindex
2025-03-14,000300,沪深300,3919.62,4014.16,3919.62,4006.56,2.43,21613900300.0,450895000000.0,csindex
2025-03-14,000688,科创50,1070.8,1089.26,1069.01,1088.11,1.72,730353908.0,40488000000.0,csindex
2025-03-14,000852,中证1000,6463.92,6575.82,6428.22,6571.17,1.61,27632999400.0,384171000000.0,csindex
2025-03-14,399001,深证成指,10741.52,10985.95,10737.63,10978.3,2.2551,758213807.03,1041778692500.0,tencent
2025-03-14,399006,创业板指,2165.53,2233.83,2161.89,2226.72,2.8033,265860088.0,507505990300.0,tencent
2025-03-14,899050,北证50,1364.91,1416.79,1355.87,1409.76,3.16,2180172412.0,49444000000.0,csindex
2025-03-17,000001,上证指数,3430.81,3436.35,3422.46,3426.13,0.19,51568513800.0,639350000000.0,csindex
2025-03-17,000300,沪深300,4020.64,4021.73,3992.26,3996.79,-0.24,16220291100.0,318904000000.0,csindex
2025-03-17,000688,科创50,1090.0,1090.11,1077.49,1083.21,-0.45,640170601.0,32364000000.0,csindex
2025-03-17,000852,中证1000,6585.82,6609.89,6557.63,6589.57,0.28,25208084100.0,353560000000.0,csindex
2025-03-17,399001,深证成指,11009.57,11015.47,10940.77,10957.82,-0.1865,701573926.93,933655218100.0,tencent
2025-03-17,399006,创业板指,2230.85,2233.33,2212.02,2215.13,-0.5205,245505172.0,461676726100.0,tencent
2025-03-17,899050,北证50,1412.41,1446.43,1411.68,1435.88,1.85,2168421294.0,48204000000.0,csindex
2025-03-18,000001,上证指数,3434.57,3437.07,3423.3,3429.76,0.11,45491606300.0,586338000000.0,csindex
2025-03-18,000300,沪深300,4011.78,4016.87,3995.96,4007.72,0.27,14020849600.0,292739000000.0,csindex
2025-03-18,000688,科创50,1087.34,1103.49,1087.34,1089.83,0.61,647930605.0,33282000000.0,csindex
2025-03-18,000852,中证1000,6605.04,6642.86,6581.96,6611.93,0.34,23472656300.0,344774000000.0,csindex
2025-03-18,399001,深证成指,10999.32,11041.41,10958.87,11014.75,0.5195,670260918.31,933349997300.0,tencent
2025-03-18,399006,创业板指,2225.2,2242.22,2215.37,2228.64,0.6099,238408415.0,461631427100.0,tencent
2025-03-18,899050,北证50,1443.48,1447.97,1419.49,1441.88,0.42,2051932349.0,44782000000.0,csindex
2025-03-19,000001,上证指数,3424.17,3439.05,3414.59,3426.43,-0.1,44031629900.0,559970000000.0,csindex
2025-03-19,000300,沪深300,4004.83,4025.3,3989.51,4010.17,0.06,14441942800.0,286075000000.0,csindex
2025-03-19,000688,科创50,1084.9,1089.63,1075.1,1076.94,-1.18,541079408.0,30327999999.999996,csindex
2025-03-19,000852,中证1000,6590.56,6598.51,6536.72,6564.68,-0.71,21966299900.0,319556000000.0,csindex
2025-03-19,399001,深证成指,11003.73,11030.19,10916.28,10979.05,-0.3241,658306054.89,906472303700.0,tencent
2025-03-19,399006,创业板指,2221.6,2237.95,2208.26,2222.35,-0.2822,229680955.0,440646530000.0,tencent
2025-03-19,899050,北证50,1424.62,1440.87,1389.7,1400.84,-2.84,1890663430.0,40665000000.0,csindex
2025-03-20,000001,上证指数,3425.22,3427.05,3404.66,3408.95,-0.51,45163068200.0,565608000000.0,csindex
2025-03-20,000300,沪深300,4011.06,4012.04,3969.93,3974.99,-0.88,13375467000.0,260021000000.0,csindex
2025-03-20,000688,科创50,1075.13,1076.37,1064.25,1064.79,-1.13,509089878.0,28749000000.0,csindex
2025-03-20,000852,中证1000,6551.82,6596.27,6528.86,6535.06,-0.45,23190747700.0,316002000000.0,csindex
2025-03-20,399001,深证成指,10971.41,10973.14,10869.16,10879.49,-0.9068,660332778.18,875945195300.0,tencent
2025-03-20,399006,创业板指,2220.5,2221.61,2198.38,2200.03,-1.0043,235839545.0,416932299400.0,tencent
2025-03-20,899050,北证50,1398.72,1417.0,1362.5,1362.5,-2.74,1637723650.0,35313000000.0,csindex
2025-03-21,000001,上证指数,3401.76,3414.71,3355.84,3364.83,-1.29,52086263000.0,623164000000.0,csindex
2025-03-21,000300,沪深300,3966.51,3983.15,3904.77,3914.7,-1.52,16590529400.0,309349000000.0,csindex
2025-03-21,000688,科创50,1063.33,1065.41,1036.37,1042.89,-2.06,621512087.0,35652000000.0,csindex
2025-03-21,000852,中证1000,6507.95,6531.76,6389.62,6405.61,-1.98,25620533500.0,330125000000.0,csindex
2025-03-21,399001,深证成指,10843.98,10898.26,10656.88,10687.55,-1.7642,737977425.05,927692315400.0001,tencent
2025-03-21,399006,创业板指,2193.36,2201.42,2149.09,2152.28,-2.1704,260886417.0,433846880500.0,tencent
2025-03-21,899050,北证50,1348.6,1363.66,1302.8,1305.62,-4.17,1468749256.0,29325000000.0,csindex
2025-03-24,000001,上证指数,3364.83,3373.69,3340.24,3370.03,0.15,51331026000.0,586745000000.0,csindex
2025-03-24,000300,沪深300,3916.11,3938.18,3907.2,3934.85,0.51,15223467400.0,266051000000.00003,csindex
2025-03-24,000688,科创50,1042.33,1048.17,1029.91,1045.94,0.29,595845576.0,30677000000.0,csindex
2025-03-24,000852,中证1000,6403.57,6412.52,6244.87,6360.34,-0.71,25768458300.0,320143000000.0,csindex
2025-03-24,399001,深证成指,10695.02,10723.75,10563.88,10695.49,0.0743,731868307.6,863993868600.0,tencent
2025-03-24,399006,创业板指,2154.67,2160.46,2125.13,2152.55,0.0125,243858778.0,400225317600.0,tencent
2025-03-24,899050,北证50,1305.44,1317.92,1267.51,1317.92,0.94,1244190120.0,24051000000.0,csindex
2025-03-25,000001,上证指数,3370.0,3379.99,3361.05,3369.98,0.0,45635739300.0,516435999999.99994,csindex
2025-03-25,000300,沪深300,3937.9,3946.36,3921.53,3932.3,-0.06,14047539900.0,239246000000.0,csindex
2025-03-25,000688,科创50,1045.85,1049.31,1028.54,1031.7,-1.36,503432923.0,28414000000.0,csindex
2025-03-25,000852,中证1000,6355.81,6382.19,6289.12,6310.76,-0.78,23166378100.0,281994000000.0,csindex
2025-03-25,399001,深证成指,10702.69,10735.55,10618.05,10649.08,-0.4339,602843293.6,741833982000.0,tencent
2025-03-25,399006,创业板指,2154.2,2165.01,2136.61,2145.48,-0.3284,198697315.0,347104338700.0,tencent
2025-03-25,899050,北证50,1319.1,1345.82,1315.16,1342.44,1.86,1492148100.0,29495999999.999996,csindex
2025-03-26,000001,上证指数,3365.67,3382.34,3365.67,3368.7,-0.04,42853377000.0,485185999999.99994,csindex
2025-03-26,000300,沪深300,3930.21,3942.03,3916.86,3919.36,-0.33,13116418700.0,220942999999.99997,csindex
2025-03-26,000688,科创50,1029.81,1040.22,1028.8,1029.05,-0.26,422890173.0,21236000000.0,csindex
2025-03-26,000852,中证1000,6297.33,6371.1,6297.33,6334.91,0.38,20667951300.0,248640000000.0,csindex
2025-03-26,399001,深证成指,10636.12,10703.04,10635.78,10643.82,-0.0494,562463496.7,669119730200.0,tencent
2025-03-26,399006,创业板指,2143.12,2157.78,2139.9,2139.9,-0.2601,184203191.0,307612308800.0,tencent
2025-03-26,899050,北证50,1337.85,1357.53,1337.72,1340.39,-0.15,1335375468.0,26100000000.0,csindex
2025-03-27,000001,上证指数,3362.71,3394.03,3351.17,3373.75,0.15,41477631400.0,496457000000.0,csindex
2025-03-27,000300,沪深300,3911.38,3952.99,3903.65,3932.41,0.33,12679373800.0,232173999999.99997,csindex
2025-03-27,000688,科创50,1028.69,1053.22,1026.2,1040.57,1.12,531008510.0,31149000000.0,csindex
2025-03-27,000852,中证1000,6315.1,6394.21,6254.89,6328.77,-0.1,19889470400.0,256610000000.0,csindex
2025-03-27,399001,深证成指,10610.89,10745.09,10556.62,10668.1,0.2281,573575591.91,694232398500.0,tencent
2025-03-27,399006,创业板指,2130.49,2165.16,2117.75,2145.1,0.243,191716879.0,324723520800.0,tencent
2025-03-27,899050,北证50,1329.61,1348.19,1304.2,1331.17,-0.69,1311523262.0,26383000000.0,csindex
2025-03-28,000001,上证指数,3372.04,3375.05,3346.08,3351.31,-0.67,41228428900.0,468808000000.0,csindex
2025-03-28,000300,沪深300,3930.78,3934.23,3907.38,3915.17,-0.44,12635621400.0,213379000000.0,csindex
2025-03-28,000688,科创50,1037.76,1044.92,1029.46,1029.48,-1.07,425316968.0,24371000000.0,csindex
2025-03-28,000852,中证1000,6326.81,6356.8,6261.69,6268.32,-0.96,19655352800.0,246786000000.0,csindex
2025-03-28,399001,深证成指,10658.15,10688.05,10593.85,10607.33,-0.5696,550601537.16,650166739600.0,tencent
2025-03-28,399006,创业板指,2140.07,2152.4,2128.21,2128.21,-0.7874,179554641.0,299470079800.0,tencent
2025-03-28,899050,北证50,1327.18,1337.01,1306.5,1306.5,-1.85,1245510675.0,26245999999.999996,csindex
2025-03-31,000001,上证指数,3343.34,3361.74,3317.74,3335.75,-0.46,47257197800.0,531476000000.0,csindex
2025-03-31,000300,沪深300,3905.98,3928.45,3872.4,3887.31,-0.71,16679852300.0,268480000000.00003,csindex
2025-03-31,000688,科创50,1024.26,1031.34,1011.97,1022.71,-0.66,510965440.0,26611000000.0,csindex
2025-03-31,000852,中证1000,6229.56,6259.36,6143.65,6226.65,-0.66,20738202700.0,267798999999.99997,csindex
2025-03-31,399001,深证成指,10559.66,10609.77,10427.96,10504.33,-0.971,566712756.42,690054229800.0,tencent
2025-03-31,399006,创业板指,2117.88,2123.87,2087.13,2103.7,-1.1517,186061401.0,321330783300.0,tencent
2025-03-31,899050,北证50,1295.76,1295.76,1256.04,1271.14,-2.71,1055031375.0,21992000000.0,csindex
2025-04-01,000001,上证指数,3340.71,3357.62,3338.78,3348.44,0.38,42258867000.0,499416000000.0,csindex
2025-04-01,000300,沪深300,3892.78,3905.26,3882.4,3887.68,0.01,14038027400.0,246042000000.0,csindex
2025-04-01,000688,科创50,1027.96,1037.32,1022.78,1024.38,0.16,508244261.0,28542000000.0,csindex
2025-04-01,000852,中证1000,6242.07,6300.67,6240.2,6259.48,0.53,18233221700.0,241767000000.0,csindex
2025-04-01,399001,深证成指,10523.65,10581.98,10491.7,10503.66,-0.0064,505965713.18,632850855400.0,tencent
2025-04-01,399006,创业板指,2108.46,2127.54,2100.3,2101.88,-0.0865,171368258.0,303716942200.0,tencent
2025-04-01,899050,北证50,1276.59,1298.38,1273.6,1276.43,0.42,969048920.0,20837000000.0,csindex
2025-04-02,000001,上证指数,3344.17,3361.13,3343.12,3350.13,0.05,35012736400.0,411666000000.0,csindex
2025-04-02,000300,沪深300,3884.42,3900.49,3877.16,3884.39,-0.08,11304317500.0,198268000000.0,csindex
2025-04-02,000688,科创50,1021.82,1030.91,1020.38,1022.75,-0.16,354801680.0,18036000000.0,csindex
2025-04-02,000852,中证1000,6252.63,6316.64,6251.85,6277.25,0.28,15926642500.0,208428000000.00003,csindex
2025-04-02,399001,深证成指,10500.53,10573.01,10490.85,10513.12,0.0901,459055451.36,562826586400.0,tencent
2025-04-02,399006,创业板指,2103.39,2121.56,2097.82,2104.63,0.1308,151329115.0,265072518299.99997,tencent
2025-04-02,899050,北证50,1276.15,1295.21,1274.96,1283.05,0.52,853430710.0,18402000000.0,csindex
2025-04-03,000001,上证指数,3319.61,3358.43,3319.61,3342.01,-0.24,40051782700.0,486510000000.00006,csindex
2025-04-03,000300,沪深300,3843.42,3883.7,3843.42,3861.5,-0.59,14259978900.0,263685000000.0,csindex
2025-04-03,000688,科创50,1011.6,1030.55,1011.6,1018.07,-0.46,463622367.0,27917000000.0,csindex
2025-04-03,000852,中证1000,6208.29,6299.16,6168.54,6203.26,-1.18,18369963000.0,238273000000.0,csindex
2025-04-03,399001,深证成指,10384.95,10481.6,10328.02,10365.73,-1.402,522538633.57,651109936800.0,tencent
2025-04-03,399006,创业板指,2078.15,2097.67,2057.63,2065.4,-1.864,163979246.0,298990003400.0,tencent
2025-04-03,899050,北证50,1262.88,1296.69,1262.61,1272.43,-0.83,1035227135.0,20765000000.0,csindex
2025-04-07,000001,上证指数,3193.1,3217.78,3040.69,3096.58,-7.34,66219958400.0,735367000000.0,csindex
2025-04-07,000300,沪深300,3675.2,3707.78,3514.12,3589.44,-7.05,31257858600.0,512972000000.0,csindex
2025-04-07,000688,科创50,960.49,982.77,877.71,924.17,-9.22,1168939792.0,55445000000.00001,csindex
2025-04-07,000852,中证1000,5811.54,5905.57,5437.45,5496.44,-11.39,27721482900.0,311471000000.0,csindex
2025-04-07,399001,深证成指,9747.66,9831.63,9220.12,9364.5,-9.659,729798956.17,852431715000.0,tencent
2025-04-07,399006,创业板指,1925.64,1939.27,1756.64,1807.21,-12.5007,304075576.0,464672649600.0,tencent
2025-04-07,899050,北证50,1182.82,1195.7,997.11,1044.07,-17.95,1794775501.0,30889000000.0,csindex
2025-04-08,000001,上证指数,3094.26,3145.55,3085.12,3145.55,1.58,66224238700.0,730166000000.0,csindex
2025-04-08,000300,沪深300,3597.99,3650.76,3583.87,3650.76,1.71,28019731200.0,464021000000.0,csindex
2025-04-08,000688,科创50,932.24,950.74,923.67,940.09,1.72,894676893.0,40548000000.0,csindex
2025-04-08,000852,中证1000,5475.56,5632.64,5426.03,5530.02,0.61,30970151600.0,342260000000.0,csindex
2025-04-08,399001,深证成指,9356.69,9505.64,9296.12,9424.68,0.6426,818901452.72,895477031200.0,tencent
2025-04-08,399006,创业板指,1837.54,1877.44,1812.13,1840.31,1.8316,256682141.0,390333762500.0,tencent
2025-04-08,899050,北证50,1064.76,1098.49,1055.71,1094.39,4.82,1689193684.0,27920000000.0,csindex
2025-04-09,000001,上证指数,3110.01,3186.81,3070.08,3186.81,1.31,68479717400.0,755430000000.0,csindex
2025-04-09,000300,沪深300,3606.1,3686.79,3587.34,3686.79,0.99,26230570800.0,455031000000.00006,csindex
2025-04-09,000688,科创50,922.86,992.34,917.35,980.57,4.31,925387597.0,50319000000.0,csindex
2025-04-09,000852,中证1000,5439.18,5688.48,5224.97,5652.33,2.21,30572403900.0,342055000000.0,csindex
2025-04-09,399001,深证成指,9271.24,9591.81,9119.6,9539.89,1.2224,872477164.67,944174886200.0,tencent
2025-04-09,399006,创业板指,1805.46,1872.93,1777.25,1858.36,0.9808,279452297.0,418890418500.0,tencent
2025-04-09,899050,北证50,1068.22,1211.99,1064.63,1206.75,10.27,2283688240.0,41725000000.0,csindex
2025-04-10,000001,上证指数,3227.84,3239.94,3201.57,3223.64,1.16,59120827300.0,682357000000.0,csindex
2025-04-10,000300,沪深300,3749.13,3756.14,3708.82,3735.12,1.31,22725222700.0,403843000000.0,csindex
2025-04-10,000688,科创50,1003.68,1006.15,985.71,991.22,1.09,698586429.0,37830000000.0,csindex
2025-04-10,000852,中证1000,5766.51,5883.46,5766.41,5784.59,2.34,27416184900.0,329964000000.0,csindex
2025-04-10,399001,深证成指,9757.98,9884.24,9713.64,9754.64,2.2511,797938784.08,927111334900.0,tencent
2025-04-10,399006,创业板指,1920.64,1944.1,1897.34,1900.53,2.2692,256686850.0,425156587400.0,tencent
2025-04-10,899050,北证50,1231.4,1305.46,1231.4,1265.34,4.86,2517586759.0,49862000000.0,csindex
2025-04-11,000001,上证指数,3219.51,3249.85,3211.35,3238.23,0.45,47553180400.0,580791000000.0,csindex
2025-04-11,000300,沪深300,3730.31,3762.37,3708.46,3750.52,0.41,16875969100.0,318535000000.0,csindex
2025-04-11,000688,科创50,990.83,1027.54,987.83,1011.71,2.07,756411666.0,43608000000.0,csindex
2025-04-11,000852,中证1000,5744.8,5923.14,5743.08,5862.19,1.34,22213916200.0,288233000000.0,csindex
2025-04-11,399001,深证成指,9681.45,9909.56,9679.28,9834.44,0.8181,637990026.83,767874017900.0001,tencent
2025-04-11,399006,创业板指,1885.86,1943.43,1884.6,1926.37,1.3596,202378237.0,348882512900.0,tencent
2025-04-11,899050,北证50,1243.43,1311.81,1242.69,1284.13,1.48,2101994774.0,42204000000.0,csindex
2025-04-14,000001,上证指数,3251.98,3272.72,3244.73,3262.81,0.76,47137322000.0,543810999999.99994,csindex
2025-04-14,000300,沪深300,3772.04,3776.63,3754.03,3759.14,0.23,16446240300.0,292571000000.0,csindex
2025-04-14,000688,科创50,1018.26,1025.44,1006.17,1014.28,0.25,553808671.0,31845999999.999996,csindex
2025-04-14,000852,中证1000,5933.99,5979.9,5914.25,5938.53,1.3,21658114100.0,272673000000.0,csindex
2025-04-14,399001,深证成指,9955.66,9964.73,9862.34,9884.3,0.507,630035329.21,733662247500.0,tencent
2025-04-14,399006,创业板指,1954.05,1956.16,1928.63,1932.91,0.3395,191935063.0,323184008000.0,tencent
2025-04-14,899050,北证50,1305.41,1318.48,1290.17,1310.63,2.06,1711553666.0,35386000000.0,csindex
2025-04-15,000001,上证指数,3260.69,3268.98,3246.34,3267.66,0.15,39666289500.0,456333000000.0,csindex
2025-04-15,000300,沪深300,3756.48,3764.49,3737.85,3761.23,0.06,13400604000.0,228605000000.00003,csindex
2025-04-15,000688,科创50,1011.67,1012.02,995.82,1006.34,-0.78,410208546.0,22437000000.0,csindex
2025-04-15,000852,中证1000,5938.57,5949.86,5872.29,5914.03,-0.41,18304784800.0,225752000000.0,csindex
2025-04-15,399001,深证成指,9886.1,9895.45,9804.6,9858.1,-0.2651,544569536.57,620861217900.0,tencent
2025-04-15,399006,创业板指,1933.89,1940.75,1918.44,1930.4,-0.1299,168422550.0,273743106700.00003,tencent
2025-04-15,899050,北证50,1311.53,1321.29,1288.64,1306.14,-0.34,1522512695.0,33183999999.999996,csindex
2025-04-16,000001,上证指数,3267.67,3276.0,3233.79,3276.0,0.26,42953485400.0,489201000000.0,csindex
2025-04-16,000300,沪深300,3757.88,3775.17,3721.6,3772.82,0.31,15635900600.0,261711000000.0,csindex
2025-04-16,000688,科创50,1016.76,1017.14,996.4,1014.51,0.81,461582074.0,28045999999.999996,csindex
2025-04-16,000852,中证1000,5897.2,5903.12,5758.67,5835.35,-1.33,19042390100.0,229430000000.00003,csindex
2025-04-16,399001,深证成指,9813.13,9814.5,9650.79,9774.73,-0.8457,555508747.92,622703442400.0,tencent
2025-04-16,399006,创业板指,1918.03,1919.09,1879.78,1907.11,-1.2065,170499714.0,273040794500.0,tencent
2025-04-16,899050,北证50,1295.15,1304.76,1264.94,1291.45,-1.12,1397041447.0,29092000000.0,csindex
2025-04-17,000001,上证指数,3261.72,3285.92,3258.15,3280.34,0.13,38201269800.0,442597000000.0,csindex
2025-04-17,000300,沪深300,3755.09,3779.13,3749.5,3772.22,-0.02,12237100200.0,209012000000.0,csindex
2025-04-17,000688,科创50,1007.63,1024.04,1006.77,1016.81,0.23,374853289.0,24116000000.0,csindex
2025-04-17,000852,中证1000,5802.29,5898.18,5801.12,5839.56,0.07,17319670800.0,212948000000.0,csindex
2025-04-17,399001,深证成指,9715.29,9828.92,9712.0,9759.05,-0.1604,493872134.26,556858435900.0,tencent
2025-04-17,399006,创业板指,1893.02,1923.53,1892.47,1908.78,0.0876,150012821.0,248279994200.00003,tencent
2025-04-17,899050,北证50,1284.17,1313.97,1275.59,1303.15,0.91,1442443537.0,31079000000.000004,csindex
2025-04-18,000001,上证指数,3270.35,3283.09,3262.39,3276.73,-0.11,35883619300.0,380313000000.0,csindex
2025-04-18,000300,沪深300,3760.04,3782.04,3754.41,3772.52,0.01,10294850900.0,173109000000.0,csindex
2025-04-18,000688,科创50,1011.51,1012.93,1003.43,1008.6,-0.81,300095971.0,16711000000.000002,csindex
2025-04-18,000852,中证1000,5833.11,5855.69,5793.79,5831.69,-0.13,16444460300.0,190724000000.0,csindex
2025-04-18,399001,深证成指,9745.75,9798.43,9719.95,9781.65,0.2316,486440347.48,534342502000.0,tencent
2025-04-18,399006,创业板指,1904.99,1917.59,1898.78,1913.97,0.2719,146860953.0,234120276900.0,tencent
2025-04-18,899050,北证50,1302.21,1341.37,1298.33,1328.89,1.97,1598584710.0,34655000000.0,csindex
2025-04-21,000001,上证指数,3273.14,3298.64,3270.01,3291.43,0.45,37930758800.0,429392000000.0,csindex
2025-04-21,000300,沪深300,3768.14,3790.18,3763.14,3784.88,0.33,12135573000.0,208086000000.0,csindex
2025-04-21,000688,科创50,1012.81,1021.38,1008.56,1019.41,1.07,339410900.0,22951000000.0,csindex
2025-04-21,000852,中证1000,5826.62,5952.72,5802.83,5952.64,2.07,19271150000.0,228800000000.0,csindex
2025-04-21,399001,深证成指,9768.65,9913.09,9733.43,9905.53,1.2665,533998892.07,612012816500.0,tencent
2025-04-21,399006,创业板指,1910.9,1947.56,1901.81,1944.32,1.5857,167432537.0,277261580700.0,tencent
2025-04-21,899050,北证50,1315.45,1363.85,1315.45,1363.85,2.63,1446801471.0,32405000000.0,csindex
2025-04-22,000001,上证指数,3289.17,3311.15,3288.33,3299.76,0.25,40316761500.0,452675000000.0,csindex
2025-04-22,000300,沪深300,3780.11,3799.23,3778.08,3783.95,-0.02,12568825700.0,210201000000.00003,csindex
2025-04-22,000688,科创50,1018.42,1023.5,1012.6,1016.22,-0.31,427546700.0,23589000000.0,csindex
2025-04-22,000852,中证1000,5947.15,5974.32,5923.59,5949.31,-0.06,20645707400.0,246794000000.0,csindex
2025-04-22,399001,深证成指,9882.96,9914.47,9857.77,9870.05,-0.3582,569736692.02,637326686300.0,tencent
2025-04-22,399006,创业板指,1933.83,1939.69,1923.37,1928.43,-0.8173,171458149.0,281085874200.0,tencent
2025-04-22,899050,北证50,1365.18,1377.48,1353.41,1355.09,-0.64,1518466888.0,31377999999.999996,csindex
2025-04-23,000001,上证指数,3308.15,3312.19,3293.06,3296.36,-0.1,41163321200.0,486209000000.0,csindex
2025-04-23,000300,沪深300,3803.43,3807.95,3780.52,3786.88,0.08,13198687000.0,247117000000.0,csindex
2025-04-23,000688,科创50,1019.02,1022.66,1010.09,1012.65,-0.35,405506800.0,23097000000.0,csindex
2025-04-23,000852,中证1000,5971.47,6013.28,5954.03,5984.58,0.59,21819615600.0,274310000000.0,csindex
2025-04-23,399001,深证成指,9956.37,9990.03,9892.7,9935.8,0.6662,621168380.25,743505156300.0,tencent
2025-04-23,399006,创业板指,1950.44,1962.68,1935.68,1949.16,1.075,199995890.0,346460823700.0,tencent
2025-04-23,899050,北证50,1360.99,1383.34,1352.48,1361.56,0.48,1474789680.0,32882000000.0,csindex
2025-04-24,000001,上证指数,3295.15,3313.51,3286.24,3297.29,0.03,39284474900.0,434706000000.00006,csindex
2025-04-24,000300,沪深300,3787.46,3807.26,3775.21,3784.36,-0.07,11716456000.0,205483000000.0,csindex
2025-04-24,000688,科创50,1012.33,1012.4,1000.46,1003.32,-0.92,360620600.0,20051000000.0,csindex
2025-04-24,000852,中证1000,5979.41,5984.37,5897.65,5920.48,-1.07,19979656400.0,237867000000.0,csindex
2025-04-24,399001,深证成指,9933.89,9969.97,9846.23,9878.32,-0.5785,579335114.65,674313084000.0,tencent
2025-04-24,399006,创业板指,1946.23,1958.22,1930.9,1935.86,-0.6823,181545884.0,305859189100.0,tencent
2025-04-24,899050,北证50,1357.2,1362.68,1313.14,1314.73,-3.44,1408817336.0,30061000000.0,csindex
2025-04-25,000001,上证指数,3300.39,3305.26,3288.75,3295.06,-0.07,41104319200.0,445418000000.0,csindex
2025-04-25,000300,沪深300,3792.08,3801.58,3780.78,3786.99,0.07,12459113300.0,220535000000.0,csindex
2025-04-25,000688,科创50,1003.87,1011.59,997.98,1004.57,0.13,388692700.0,20274000000.0,csindex
2025-04-25,000852,中证1000,5927.32,5982.71,5901.08,5939.5,0.32,19808766000.0,234798999999.99997,csindex
2025-04-25,399001,深证成指,9900.1,9976.77,9878.67,9917.05,0.3921,582049703.04,668149455600.0,tencent
2025-04-25,399006,创业板指,1941.81,1960.63,1937.71,1947.19,0.5853,169975509.0,291634268800.0,tencent
2025-04-25,899050,北证50,1313.84,1331.87,1300.07,1300.19,-1.11,1072114998.0,23603000000.0,csindex
2025-04-28,000001,上证指数,3292.06,3296.93,3279.88,3288.41,-0.2,41066586300.0,441916000000.0,csindex
2025-04-28,000300,沪深300,3786.39,3792.01,3772.8,3781.62,-0.14,12514509100.0,210635000000.0,csindex
2025-04-28,000688,科创50,1004.05,1008.59,997.9,1002.83,-0.17,357234800.0,18699000000.0,csindex
2025-04-28,000852,中证1000,5933.42,5939.96,5868.87,5877.06,-1.05,19495089100.0,221938000000.0,csindex
2025-04-28,399001,深证成指,9925.71,9926.9,9848.67,9855.2,-0.6237,556737814.93,614490372000.0,tencent
2025-04-28,399006,创业板指,1951.16,1951.16,1930.06,1934.46,-0.6538,162391960.0,263018614300.0,tencent
2025-04-28,899050,北证50,1303.11,1305.51,1275.66,1277.03,-1.78,994099337.0,20627000000.0,csindex
2025-04-29,000001,上证指数,3281.45,3294.98,3277.63,3286.65,-0.05,38896167200.0,430881000000.00006,csindex
2025-04-29,000300,沪深300,3776.0,3785.32,3768.03,3775.08,-0.17,11151469400.0,197463000000.0,csindex
2025-04-29,000688,科创50,996.97,1005.71,994.22,1003.87,0.1,400422200.0,18714000000.0,csindex
2025-04-29,000852,中证1000,5850.83,5921.56,5836.03,5903.38,0.45,18602339400.0,219412000000.0,csindex
2025-04-29,399001,深证成指,9828.46,9882.54,9799.65,9849.8,-0.0548,508317398.91,591239110300.0,tencent
2025-04-29,399006,创业板指,1929.27,1941.17,1923.86,1931.94,-0.1303,159664563.0,270700337800.0,tencent
2025-04-29,899050,北证50,1261.93,1301.16,1261.93,1292.8,1.23,968418549.0,19808000000.0,csindex
2025-04-30,000001,上证指数,3284.08,3292.2,3277.55,3279.03,-0.23,43579433500.0,505572999999.99994,csindex
2025-04-30,000300,沪深300,3775.83,3787.56,3768.76,3770.57,-0.12,14368165800.0,244819999999.99997,csindex
2025-04-30,000688,科创50,1000.65,1014.37,1000.65,1012.42,0.85,552138700.0,26295999999.999996,csindex
2025-04-30,000852,中证1000,5907.19,5972.66,5907.19,5950.12,0.79,19545899800.0,241759000000.0,csindex
2025-04-30,399001,深证成指,9863.5,9925.87,9845.36,9899.82,0.5078,559157909.28,663769896800.0,tencent
2025-04-30,399006,创业板指,1936.12,1954.62,1931.84,1948.03,0.8328,166298856.0,293365795500.0,tencent
2025-04-30,899050,北证50,1299.03,1336.62,1299.03,1331.13,2.96,1126638526.0,23969000000.0,csindex
2025-05-06,000001,上证指数,3295.25,3316.45,3286.99,3316.11,1.13,47436961700.0,551825000000.0,csindex
2025-05-06,000300,沪深300,3794.38,3809.09,3782.78,3808.54,1.01,15852045900.0,267937000000.0,csindex
2025-05-06,000688,科创50,1016.44,1027.02,1013.58,1026.52,1.39,539684100.0,27520999999.999996,csindex
2025-05-06,000852,中证1000,5993.33,6102.92,5993.33,6102.92,2.57,22020962300.0,283658000000.0,csindex
2025-05-06,399001,深证成指,9974.53,10082.34,9960.52,10082.34,1.8437,634060070.15,784366185699.9999,tencent
2025-05-06,399006,创业板指,1966.97,1988.05,1964.46,1986.41,1.9702,204520480.0,362505031100.0,tencent
2025-05-06,899050,北证50,1348.69,1373.9,1342.84,1373.9,3.21,1321076705.0,28464000000.0,csindex
2025-05-07,000001,上证指数,3354.97,3356.69,3324.81,3342.67,0.8,51115960600.0,595230000000.0,csindex
2025-05-07,000300,沪深300,3861.58,3863.68,3814.99,3831.63,0.61,16117229900.0,286011000000.0,csindex
2025-05-07,000688,科创50,1044.17,1044.57,1021.79,1030.19,0.36,555616300.0,27589999999.999996,csindex
2025-05-07,000852,中证1000,6171.61,6195.14,6063.64,6111.49,0.14,23392295100.0,296522000000.0,csindex
2025-05-07,399001,深证成指,10218.33,10248.98,10048.0,10104.13,0.2161,709978550.74,873103395699.9999,tencent
2025-05-07,399006,创业板指,2024.3,2035.47,1982.37,1996.51,0.5085,236535048.0,415009155000.0,tencent
2025-05-07,899050,北证50,1401.48,1410.59,1351.43,1367.57,-0.46,1694085584.0,36975000000.0,csindex
2025-05-08,000001,上证指数,3331.21,3359.73,3327.9,3352.0,0.28,42837776600.0,501610999999.99994,csindex
2025-05-08,000300,沪深300,3820.55,3867.33,3816.26,3852.9,0.56,12495983300.0,246987000000.0,csindex
2025-05-08,000688,科创50,1024.97,1030.09,1022.49,1026.44,-0.36,439933800.0,21702000000.0,csindex
2025-05-08,000852,中证1000,6093.56,6167.15,6087.37,6158.08,0.76,20391582600.0,262740000000.0,csindex
2025-05-08,399001,深证成指,10081.27,10222.81,10067.3,10197.66,0.9257,639008260.61,791790953300.0,tencent
2025-05-08,399006,创业板指,1994.05,2036.1,1991.65,2029.45,1.6499,207994995.0,375792952800.0,tencent
2025-05-08,899050,北证50,1359.37,1380.93,1349.11,1380.93,0.98,1300803534.0,28538000000.0,csindex
2025-05-09,000001,上证指数,3350.41,3351.22,3335.13,3342.0,-0.3,39890919100.0,464862000000.0,csindex
2025-05-09,000300,沪深300,3848.62,3853.66,3836.53,3846.16,-0.17,11938952600.0,216698000000.0,csindex
2025-05-09,000688,科创50,1020.79,1020.79,1006.32,1006.32,-1.96,455958800.0,23619000000.0,csindex
2025-05-09,000852,中证1000,6153.53,6153.53,6054.93,6082.08,-1.23,18922128700.0,242810000000.0,csindex
2025-05-09,399001,深证成指,10190.13,10190.13,10087.55,10126.83,-0.6946,600535346.57,727160070900.0,tencent
2025-05-09,399006,创业板指,2028.43,2028.43,2004.48,2011.77,-0.8712,192034207.0,336019098400.00006,tencent
2025-05-09,899050,北证50,1380.69,1399.14,1367.92,1379.31,-0.12,1356541587.0,30500000000.0,csindex
2025-05-12,000001,上证指数,3352.97,3372.47,3344.27,3369.24,0.82,41823991000.0,522081000000.00006,csindex
2025-05-12,000300,沪深300,3866.53,3890.73,3859.03,3890.61,1.16,15333246000.0,296123000000.0,csindex
2025-05-12,000688,科创50,1008.96,1016.73,1004.49,1011.23,0.49,512787100.0,26524000000.0,csindex
2025-05-12,000852,中证1000,6122.67,6167.46,6110.02,6167.46,1.4,19684721000.0,264308000000.0,csindex
2025-05-12,399001,深证成指,10220.33,10302.05,10200.21,10301.16,1.7215,595059404.77,786340324800.0,tencent
2025-05-12,399006,创业板指,2042.9,2066.31,2038.34,2064.71,2.6315,194830717.0,368144464900.0,tencent
2025-05-12,899050,北证50,1398.15,1419.13,1388.67,1419.13,2.89,1439724769.0,32592000000.0,csindex
2025-05-13,000001,上证指数,3386.23,3386.23,3370.25,3374.87,0.17,42624070000.0,506609000000.0,csindex
2025-05-13,000300,沪深300,3915.59,3915.59,3890.69,3896.26,0.15,14732029900.0,267586000000.0,csindex
2025-05-13,000688,科创50,1020.34,1021.53,1009.63,1009.68,-0.15,585073400.0,22752000000.0,csindex
2025-05-13,000852,中证1000,6219.45,6220.44,6141.68,6151.01,-0.27,20327421700.0,263463000000.0,csindex
2025-05-13,399001,深证成指,10401.95,10401.95,10274.34,10288.08,-0.127,613388689.47,784941212099.9999,tencent
2025-05-13,399006,创业板指,2091.35,2091.35,2058.74,2062.26,-0.1187,197528876.0,368205268300.0,tencent
2025-05-13,899050,北证50,1433.16,1435.03,1405.49,1405.8,-0.94,1594549858.0,34654000000.0,csindex
2025-05-14,000001,上证指数,3374.24,3417.31,3368.08,3403.95,0.86,46493444100.0,534872999999.99994,csindex
2025-05-14,000300,沪深300,3894.84,3960.52,3890.65,3943.21,1.21,17203377900.0,319465000000.0,csindex
2025-05-14,000688,科创50,1014.1,1021.39,1006.51,1013.77,0.41,486794500.0,21853000000.0,csindex
2025-05-14,000852,中证1000,6144.25,6199.3,6111.11,6160.37,0.15,21155908300.0,252514000000.0,csindex
2025-05-14,399001,深证成指,10278.91,10418.44,10240.13,10354.22,0.6429,622584785.73,781873182700.0,tencent
2025-05-14,399006,创业板指,2062.27,2103.37,2051.82,2083.14,1.0125,193291895.0,369453716500.0,tencent
2025-05-14,899050,北证50,1402.73,1425.14,1391.91,1420.93,1.08,1544494719.0,33314999999.999996,csindex
2025-05-15,000001,上证指数,3398.43,3402.87,3378.02,3380.82,-0.68,42410091600.0,461292000000.0,csindex
2025-05-15,000300,沪深300,3934.03,3936.47,3904.91,3907.2,-0.91,13808174900.0,241465000000.0,csindex
2025-05-15,000688,科创50,1011.57,1011.69,999.26,1000.97,-1.26,380856400.0,18253000000.0,csindex
2025-05-15,000852,中证1000,6146.0,6146.0,6055.84,6057.04,-1.68,19052381400.0,224908000000.0,csindex
2025-05-15,399001,深证成指,10324.84,10324.84,10186.45,10186.45,-1.6203,571421815.89,691113043100.0,tencent
2025-05-15,399006,创业板指,2076.04,2076.04,2043.1,2043.25,-1.9149,176731703.0,315808351100.0,tencent
2025-05-15,899050,北证50,1419.79,1443.09,1410.41,1415.47,-0.38,1833171342.0,38175000000.0,csindex
2025-05-16,000001,上证指数,3374.71,3380.29,3356.66,3367.46,-0.4,39540103000.0,435647000000.0,csindex
2025-05-16,000300,沪深300,3898.67,3903.85,3874.86,3889.09,-0.46,11840534500.0,208836000000.0,csindex
2025-05-16,000688,科创50,997.45,999.41,991.42,995.24,-0.57,363515700.0,17184000000.0,csindex
2025-05-16,000852,中证1000,6042.22,6098.88,6042.22,6068.12,0.18,17639475900.0,206157000000.00003,csindex
2025-05-16,399001,深证成指,10157.68,10217.91,10152.77,10179.6,-0.0672,541239329.25,653896066500.0,tencent
2025-05-16,399006,创业板指,2035.87,2050.89,2035.87,2039.45,-0.186,163275755.0,298445407800.0,tencent
2025-05-16,899050,北证50,1408.9,1429.45,1398.5,1422.43,0.49,1656179092.0,34684000000.0,csindex
2025-05-19,000001,上证指数,3365.88,3373.6,3356.65,3367.58,0.0,40307480500.0,437178000000.0,csindex
2025-05-19,000300,沪深300,3882.57,3885.59,3866.57,3877.15,-0.31,9864341400.0,184888000000.0,csindex
2025-05-19,000688,科创50,994.28,998.62,985.98,995.25,0.0,431333100.0,17661000000.0,csindex
2025-05-19,000852,中证1000,6073.2,6100.8,6009.95,6095.34,0.45,18471299000.0,214013000000.0,csindex
2025-05-19,399001,深证成指,10171.29,10184.4,10090.3,10171.09,-0.0836,553941509.59,649295736300.0,tencent
2025-05-19,399006,创业板指,2038.05,2038.05,2017.17,2032.76,-0.328,165912587.0,290243250100.0,tencent
2025-05-19,899050,北证50,1422.92,1456.64,1408.85,1456.19,2.37,1542336742.0,32576000000.0,csindex
2025-05-20,000001,上证指数,3371.69,3387.8,3369.96,3380.48,0.38,40554453400.0,450289999999.99994,csindex
2025-05-20,000300,沪深300,3883.1,3911.47,3881.74,3898.17,0.54,10488523400.0,201637000000.0,csindex
2025-05-20,000688,科创50,995.75,1002.0,993.69,997.68,0.24,365994300.0,17515000000.0,csindex
2025-05-20,000852,中证1000,6097.36,6154.95,6078.22,6146.02,0.83,19295729400.0,232587000000.0,csindex
2025-05-20,399001,深证成指,10182.25,10273.59,10151.86,10249.17,0.7677,599599479.38,719412151100.0,tencent
2025-05-20,399006,创业板指,2041.5,2059.52,2025.86,2048.46,0.7723,185317150.0,324213465900.0,tencent
2025-05-20,899050,北证50,1456.54,1479.36,1447.56,1473.99,1.22,1973182841.0,41693000000.0,csindex
2025-05-21,000001,上证指数,3380.21,3394.75,3380.21,3387.57,0.21,41249616500.0,465957000000.0,csindex
2025-05-21,000300,沪深300,3899.44,3928.63,3899.44,3916.38,0.47,10979134300.0,217038000000.0,csindex
2025-05-21,000688,科创50,996.66,999.96,993.74,995.49,-0.22,398585200.0,17383000000.0,csindex
2025-05-21,000852,中证1000,6137.1,6141.73,6109.92,6132.18,-0.23,19655084200.0,234419000000.0,csindex
2025-05-21,399001,深证成指,10246.51,10325.92,10243.18,10294.22,0.4395,579900580.75,707520849800.0,tencent
2025-05-21,399006,创业板指,2052.0,2077.48,2050.21,2065.39,0.8265,175588279.0,316019348100.0,tencent
2025-05-21,899050,北证50,1470.4,1500.31,1464.3,1479.81,0.39,1882578715.0,41112000000.0,csindex
2025-05-22,000001,上证指数,3381.87,3390.59,3376.23,3380.19,-0.22,39421720600.0,438335000000.00006,csindex
2025-05-22,000300,沪深300,3912.6,3923.02,3903.09,3913.87,-0.06,10759705200.0,197511000000.0,csindex
2025-05-22,000688,科创50,994.08,1000.38,989.06,990.71,-0.48,348305900.0,16440000000.0,csindex
2025-05-22,000852,中证1000,6113.21,6146.2,6062.59,6066.1,-1.08,18639573700.0,220814000000.0,csindex
2025-05-22,399001,深证成指,10274.68,10283.29,10214.5,10219.62,-0.7247,557473920.4,664355148900.0,tencent
2025-05-22,399006,创业板指,2065.41,2065.41,2043.89,2045.57,-0.9596,169780258.0,294063096600.0,tencent
2025-05-22,899050,北证50,1468.25,1468.25,1381.39,1388.83,-6.15,1718286650.0,37185000000.0,csindex
2025-05-23,000001,上证指数,3376.87,3389.47,3348.37,3348.37,-0.94,40022700400.0,468588000000.0,csindex
2025-05-23,000300,沪深300,3910.37,3931.55,3882.27,3882.27,-0.81,12027741900.0,232944999999.99997,csindex
2025-05-23,000688,科创50,989.71,997.02,980.58,980.58,-1.02,396657000.0,18696000000.0,csindex
2025-05-23,000852,中证1000,6060.52,6099.23,5989.68,5989.68,-1.26,18492377400.0,224806000000.0,csindex
2025-05-23,399001,深证成指,10210.62,10294.57,10132.41,10132.41,-0.8534,562096509.52,687001322800.0,tencent
2025-05-23,399006,创业板指,2043.2,2060.09,2021.5,2021.5,-1.1767,178391659.0,312868339300.0,tencent
2025-05-23,899050,北证50,1381.28,1411.51,1369.65,1370.04,-1.35,1269039388.0,27177000000.0,csindex
2025-05-26,000001,上证指数,3346.56,3362.31,3336.36,3346.84,-0.05,34756210100.0,400527000000.0,csindex
2025-05-26,000300,沪深300,3875.79,3884.54,3849.04,3860.11,-0.57,10960120700.0,208877000000.0,csindex
2025-05-26,000688,科创50,982.07,985.47,978.14,982.26,0.17,332997100.0,16184000000.0,csindex
2025-05-26,000852,中证1000,5991.86,6038.81,5981.84,6028.79,0.65,15598879400.0,191926000000.0,csindex
2025-05-26,399001,深证成指,10114.69,10142.94,10044.08,10091.16,-0.4071,484518140.37,609433795800.0,tencent
2025-05-26,399006,创业板指,2016.37,2023.49,1991.78,2005.26,-0.8034,147787119.0,268696372200.0,tencent
2025-05-26,899050,北证50,1370.67,1396.59,1368.2,1396.59,1.94,1145125286.0,24100000000.0,csindex
2025-05-27,000001,上证指数,3346.5,3351.57,3332.49,3340.69,-0.18,34407115700.0,394409000000.0,csindex
2025-05-27,000300,沪深300,3857.63,3865.43,3834.85,3839.4,-0.54,9857242500.0,178467000000.0,csindex
2025-05-27,000688,科创50,982.02,983.43,972.67,972.92,-0.95,346266500.0,16419999999.999998,csindex
2025-05-27,000852,中证1000,6019.54,6023.14,5971.35,6008.46,-0.34,15794575800.0,193606000000.0,csindex
2025-05-27,399001,深证成指,10074.03,10076.88,9996.83,10029.11,-0.6149,498056373.58,604517403100.0,tencent
2025-05-27,399006,创业板指,2001.62,2001.62,1983.9,1991.64,-0.6792,150972274.0,263612542399.99997,tencent
2025-05-27,899050,北证50,1396.1,1411.67,1393.26,1397.64,0.08,1287110535.0,25368000000.0,csindex
2025-05-28,000001,上证指数,3341.85,3348.23,3336.73,3339.93,-0.02,34155544300.0,389341000000.0,csindex
2025-05-28,000300,沪深300,3843.07,3849.74,3833.96,3836.24,-0.08,8903102600.0,162496000000.0,csindex
2025-05-28,000688,科创50,973.9,975.86,969.68,970.64,-0.23,299887600.0,14636000000.000002,csindex
2025-05-28,000852,中证1000,6006.89,6023.82,5972.18,5984.46,-0.4,15910549400.0,191733000000.0,csindex
2025-05-28,399001,深证成指,10039.25,10058.13,9987.41,10003.26,-0.2577,535691920.58,620609249500.0,tencent
2025-05-28,399006,创业板指,1996.49,2001.95,1981.67,1985.38,-0.3143,160736605.0,272207025900.0,tencent
2025-05-28,899050,北证50,1399.05,1409.49,1378.23,1378.23,-1.39,1253090736.0,24122000000.0,csindex
2025-05-29,000001,上证指数,3340.4,3368.63,3337.42,3363.45,0.7,39323380600.0,453741000000.0,csindex
2025-05-29,000300,沪深300,3838.01,3869.79,3831.46,3858.7,0.59,10847188600.0,209460000000.0,csindex
2025-05-29,000688,科创50,972.26,986.45,970.69,986.3,1.61,358830400.0,17868000000.0,csindex
2025-05-29,000852,中证1000,5980.86,6091.96,5980.86,6089.58,1.76,18937646600.0,232576000000.00003,csindex
2025-05-29,399001,深证成指,10006.43,10139.18,10002.09,10127.2,1.239,612671248.94,731680602200.0,tencent
2025-05-29,399006,创业板指,1988.32,2016.21,1986.63,2012.55,1.3685,196153778.0,336645286400.0,tencent
2025-05-29,899050,北证50,1378.62,1416.19,1378.62,1415.84,2.73,1408429722.0,28179000000.000004,csindex
2025-05-30,000001,上证指数,3358.81,3361.28,3341.65,3347.49,-0.47,38560217000.0,443359000000.0,csindex
2025-05-30,000300,沪深300,3850.49,3858.61,3829.25,3840.23,-0.48,11167222800.0,199390000000.0,csindex
2025-05-30,000688,科创50,981.35,981.35,974.11,977.03,-0.94,349103400.0,17633000000.0,csindex
2025-05-30,000852,中证1000,6075.45,6075.45,6016.89,6026.56,-1.03,18691867100.0,228039000000.0,csindex
2025-05-30,399001,深证成指,10091.19,10099.16,10022.81,10040.63,-0.8548,596050824.09,695819645300.0,tencent
2025-05-30,399006,创业板指,2002.73,2004.5,1988.19,1993.19,-0.962,192070841.0,321041246300.0,tencent
2025-05-30,899050,北证50,1409.06,1428.64,1406.44,1408.68,-0.5,1252793201.0,25430000000.0,csindex
2025-06-03,000001,上证指数,3340.07,3367.0,3340.07,3361.98,0.43,39806077200.0,468293000000.0,csindex
2025-06-03,000300,沪深300,3833.46,3863.3,3832.72,3852.01,0.31,13140309000.0,226783000000.0,csindex
2025-06-03,000688,科创50,977.23,987.62,976.11,981.71,0.48,588520000.0,23097000000.0,csindex
2025-06-03,000852,中证1000,6009.18,6086.62,6008.54,6070.04,0.72,19176467200.0,234296999999.99997,csindex
2025-06-03,399001,深证成指,10006.13,10088.19,10004.94,10057.17,0.1647,560674155.84,673116542500.0,tencent
2025-06-03,399006,创业板指,1986.54,2012.24,1985.57,2002.7,0.4771,185115747.0,307126792900.0,tencent
2025-06-03,899050,北证50,1397.99,1430.51,1389.83,1423.15,1.03,1095744957.0,22635000000.0,csindex
2025-06-04,000001,上证指数,3363.39,3379.64,3363.39,3376.2,0.42,38649464300.0,446845000000.0,csindex
2025-06-04,000300,沪深300,3855.49,3875.86,3855.49,3868.74,0.43,11680387300.0,211736000000.0,csindex
2025-06-04,000688,科创50,982.36,988.16,981.62,986.11,0.45,388337900.0,18282000000.0,csindex
2025-06-04,000852,中证1000,6067.83,6124.7,6067.83,6123.17,0.88,18695585000.0,232040000000.0,csindex
2025-06-04,399001,深证成指,10070.85,10158.02,10070.85,10144.58,0.8691,588080191.53,706202700300.0,tencent
2025-06-04,399006,创业板指,2009.37,2030.92,2009.37,2024.93,1.11,185041493.0,319493747400.0,tencent
2025-06-04,899050,北证50,1421.25,1440.48,1418.68,1438.73,1.09,1128488150.0,24560000000.0,csindex
2025-06-05,000001,上证指数,3378.22,3387.76,3371.15,3384.1,0.23,40625209300.0,498241000000.0,csindex
2025-06-05,000300,沪深300,3872.64,3883.13,3861.27,3877.56,0.23,12287818400.0,231748999999.99997,csindex
2025-06-05,000688,科创50,987.53,997.93,982.85,996.41,1.04,416000400.0,21630000000.0,csindex
2025-06-05,000852,中证1000,6125.89,6174.85,6101.85,6167.01,0.72,20607791900.0,273239000000.0,csindex
2025-06-05,399001,深证成指,10152.55,10220.3,10113.05,10203.5,0.5808,629553207.24,792163814300.0001,tencent
2025-06-05,399006,创业板指,2026.63,2053.56,2014.44,2048.61,1.1694,208483808.0,370015876200.0,tencent
2025-06-05,899050,北证50,1442.71,1444.83,1421.02,1434.62,-0.29,1188168422.0,26770000000.0,csindex
2025-06-06,000001,上证指数,3384.29,3391.45,3379.76,3385.36,0.04,38012288600.0,452743999999.99994,csindex
2025-06-06,000300,沪深300,3878.1,3889.46,3869.39,3873.98,-0.09,11098797100.0,202035000000.0,csindex
2025-06-06,000688,科创50,995.31,995.7,989.15,991.64,-0.48,369298600.0,17534000000.0,csindex
2025-06-06,000852,中证1000,6164.41,6169.57,6137.57,6152.84,-0.23,17833958200.0,240363000000.0,csindex
2025-06-06,399001,深证成指,10205.52,10223.56,10166.7,10183.7,-0.1941,563533703.38,699275374800.0,tencent
2025-06-06,399006,创业板指,2047.87,2051.91,2034.1,2039.44,-0.4476,178108991.0,322931592500.0,tencent
2025-06-06,899050,北证50,1428.33,1436.13,1420.37,1427.06,-0.53,1133458053.0,25371000000.0,csindex
2025-06-09,000001,上证指数,3388.78,3402.05,3383.07,3399.77,0.43,42734794700.0,511880000000.0,csindex
2025-06-09,000300,沪深300,3877.8,3894.65,3871.99,3885.25,0.29,13630629300.0,262023999999.99997,csindex
2025-06-09,000688,科创50,991.31,1002.4,989.53,997.61,0.6,428859600.0,19531000000.0,csindex
2025-06-09,000852,中证1000,6161.14,6226.38,6158.9,6218.96,1.07,19328363200.0,255785000000.0,csindex
2025-06-09,399001,深证成指,10200.45,10280.83,10190.25,10250.14,0.6524,615542720.79,774531408100.0,tencent
2025-06-09,399006,创业板指,2046.43,2075.58,2045.64,2061.29,1.0714,202827466.0,368246986300.0,tencent
2025-06-09,899050,北证50,1426.33,1446.34,1426.06,1442.51,1.08,1195664636.0,26431000000.0,csindex
2025-06-10,000001,上证指数,3402.01,3406.45,3365.67,3384.82,-0.44,48161856800.0,557428000000.0,csindex
2025-06-10,000300,沪深300,3887.55,3897.46,3850.47,3865.47,-0.51,14556385900.0,263648000000.0,csindex
2025-06-10,000688,科创50,1004.55,1004.78,978.79,982.9,-1.47,579086400.0,31552999999.999996,csindex
2025-06-10,000852,中证1000,6220.04,6220.04,6098.09,6161.69,-0.92,22006048500.0,277218000000.0,csindex
2025-06-10,399001,深证成指,10248.29,10256.85,10095.01,10162.18,-0.8581,711387441.9,857945116100.0,tencent
2025-06-10,399006,创业板指,2057.97,2063.87,2023.17,2037.27,-1.1653,237687808.0,411801077299.99994,tencent
2025-06-10,899050,北证50,1454.78,1457.31,1410.5,1427.93,-1.01,1687046763.0,36257000000.0,csindex
2025-06-11,000001,上证指数,3385.46,3413.51,3385.46,3402.32,0.52,42409031300.0,501807000000.0,csindex
2025-06-11,000300,沪深300,3870.67,3911.61,3870.67,3894.63,0.75,14241477200.0,257217999999.99997,csindex
2025-06-11,000688,科创50,982.6,990.14,980.29,980.93,-0.2,431685600.0,21328000000.0,csindex
2025-06-11,000852,中证1000,6162.16,6221.2,6162.16,6186.51,0.4,19764358000.0,243671000000.0,csindex
2025-06-11,399001,深证成指,10176.5,10295.4,10176.5,10246.02,0.825,615938135.16,753659809000.0,tencent
2025-06-11,399006,创业板指,2044.28,2076.91,2044.28,2061.87,1.2075,208455831.0,360485163100.0,tencent
2025-06-11,899050,北证50,1425.17,1438.94,1421.54,1427.91,0.0,1478017826.0,31402999999.999996,csindex
2025-06-12,000001,上证指数,3397.97,3408.2,3388.87,3402.66,0.01,40949061000.0,501625000000.0,csindex
2025-06-12,000300,沪深300,3885.52,3900.04,3870.38,3892.2,-0.06,13399869700.0,260240000000.0,csindex
2025-06-12,000688,科创50,978.69,982.12,974.63,977.97,-0.3,468891400.0,22227000000.0,csindex
2025-06-12,000852,中证1000,6171.56,6202.73,6151.04,6192.22,0.09,19701874900.0,250823999999.99997,csindex
2025-06-12,399001,深证成指,10208.3,10263.46,10182.41,10234.34,-0.114,605753084.37,770160430300.0,tencent
2025-06-12,399006,创业板指,2057.2,2076.84,2051.24,2067.15,0.2561,214021326.0,378571827600.0,tencent
2025-06-12,899050,北证50,1420.33,1432.41,1408.53,1424.38,-0.25,1420257914.0,31993000000.0,csindex
2025-06-13,000001,上证指数,3397.48,3401.55,3370.59,3377.0,-0.75,51006522100.0,605385000000.0,csindex
2025-06-13,000300,沪深300,3881.49,3889.16,3853.82,3864.18,-0.72,17253953600.0,309172000000.0,csindex
2025-06-13,000688,科创50,971.69,978.42,966.87,972.94,-0.51,909895100.0,34036000000.0,csindex
2025-06-13,000852,中证1000,6174.43,6183.71,6088.57,6106.01,-1.39,23688954700.0,298969000000.0,csindex
2025-06-13,399001,深证成指,10193.93,10215.54,10089.59,10122.11,-1.0966,698798230.69,861860263600.0,tencent
2025-06-13,399006,创业板指,2054.97,2065.87,2036.96,2043.82,-1.1286,241780969.0,410506201000.0,tencent
2025-06-13,899050,北证50,1415.31,1422.93,1382.74,1382.74,-2.92,1666154081.0,36932000000.0,csindex
2025-06-16,000001,上证指数,3369.37,3389.76,3368.88,3388.73,0.35,40538327800.0,481593999999.99994,csindex
2025-06-16,000300,沪深300,3853.62,3876.17,3853.62,3873.8,0.25,13734183500.0,246861000000.0,csindex
2025-06-16,000688,科创50,968.19,975.54,968.19,970.89,-0.21,490835300.0,22287000000.0,csindex
2025-06-16,000852,中证1000,6089.96,6151.51,6089.96,6147.46,0.68,19731093300.0,253088000000.0,csindex
2025-06-16,399001,深证成指,10096.57,10173.06,10096.57,10163.55,0.4094,568712564.64,733493561400.0,tencent
2025-06-16,399006,创业板指,2038.7,2062.42,2038.7,2057.32,0.6605,203702624.0,357646686500.0,tencent
2025-06-16,899050,北证50,1373.3,1408.15,1371.9,1408.15,1.84,1241577885.0,28730000000.0,csindex
2025-06-17,000001,上证指数,3388.18,3393.31,3376.42,3387.4,-0.04,39001244700.0,458038000000.0,csindex
2025-06-17,000300,沪深300,3875.18,3880.42,3860.41,3870.38,-0.09,12234252600.0,220400000000.0,csindex
2025-06-17,000688,科创50,971.53,972.2,960.64,963.08,-0.8,444514100.0,20721000000.0,csindex
2025-06-17,000852,中证1000,6153.15,6171.17,6120.57,6141.47,-0.1,20842728000.0,260873999999.99997,csindex
2025-06-17,399001,深证成指,10177.67,10198.98,10129.41,10151.43,-0.1192,597078587.25,749183713500.0,tencent
2025-06-17,399006,创业板指,2061.47,2063.08,2045.05,2049.94,-0.3587,216853533.0,372991717100.0,tencent
2025-06-17,899050,北证50,1409.76,1417.99,1400.33,1402.54,-0.4,1338503942.0,30058999999.999996,csindex
2025-06-18,000001,上证指数,3386.14,3391.71,3369.99,3388.81,0.04,37868489100.0,441010999999.99994,csindex
2025-06-18,000300,沪深300,3871.65,3881.35,3854.66,3874.97,0.12,12752862100.0,230554000000.0,csindex
2025-06-18,000688,科创50,962.24,971.8,960.02,968.18,0.53,418841400.0,20443000000.0,csindex
2025-06-18,000852,中证1000,6126.18,6143.21,6086.69,6135.39,-0.1,20410575500.0,256464000000.0,csindex
2025-06-18,399001,深证成指,10142.58,10190.04,10118.68,10175.59,0.238,587956237.38,750076595699.9999,tencent
2025-06-18,399006,创业板指,2046.69,2059.38,2039.25,2054.73,0.2337,211304448.0,371847691900.0,tencent
2025-06-18,899050,北证50,1398.17,1403.42,1377.2,1393.43,-0.65,1370137332.0,30838000000.0,csindex
2025-06-19,000001,上证指数,3384.29,3386.92,3353.94,3362.11,-0.79,41532765500.0,473259000000.0,csindex
2025-06-19,000300,沪深300,3870.05,3872.94,3834.95,3843.09,-0.82,13028065800.0,234840000000.0,csindex
2025-06-19,000688,科创50,966.92,974.48,960.54,962.94,-0.54,405625300.0,19632000000.0,csindex
2025-06-19,000852,中证1000,6127.94,6146.64,6028.72,6048.22,-1.42,21221733600.0,270827000000.0,csindex
2025-06-19,399001,深证成指,10156.17,10181.97,10027.33,10051.97,-1.2149,610432160.18,777379097200.0,tencent
2025-06-19,399006,创业板指,2049.18,2057.77,2021.18,2026.82,-1.3583,221788483.0,386860748300.0,tencent
2025-06-19,899050,北证50,1389.69,1404.53,1364.96,1365.79,-1.98,1383374879.0,30385000000.000004,csindex
2025-06-20,000001,上证指数,3358.91,3370.8,3357.71,3359.9,-0.07,35022366200.0,410872999999.99994,csindex
2025-06-20,000300,沪深300,3839.78,3856.48,3839.78,3846.64,0.09,11815102000.0,213523000000.0,csindex
2025-06-20,000688,科创50,963.78,967.98,956.87,957.87,-0.53,437414200.0,18133000000.0,csindex
2025-06-20,000852,中证1000,6039.99,6061.84,5997.59,5999.59,-0.8,18085734200.0,226532000000.00003,csindex
2025-06-20,399001,深证成指,10039.0,10084.1,9998.5,10005.03,-0.467,516822515.51,656864779600.0,tencent
2025-06-20,399006,创业板指,2026.88,2036.02,2007.51,2009.89,-0.8353,190308016.0,326385566300.0,tencent
2025-06-20,899050,北证50,1360.4,1378.63,1347.05,1347.46,-1.34,1100957767.0,24153000000.0,csindex
2025-06-23,000001,上证指数,3349.46,3389.45,3347.65,3381.58,0.65,38456139700.0,442789000000.00006,csindex
2025-06-23,000300,沪深300,3831.17,3867.59,3827.08,3857.9,0.29,13380089200.0,232482000000.00003,csindex
2025-06-23,000688,科创50,952.33,966.19,952.33,961.49,0.38,466469000.0,24995000000.0,csindex
2025-06-23,000852,中证1000,5966.5,6083.53,5965.66,6078.22,1.31,19355849000.0,239994999999.99997,csindex
2025-06-23,399001,深证成指,9950.14,10064.75,9950.14,10048.39,0.4334,538583381.31,679840129800.0,tencent
2025-06-23,399006,创业板指,1996.96,2021.76,1996.96,2017.63,0.3851,200250341.0,340328387700.00006,tencent
2025-06-23,899050,北证50,1340.82,1370.58,1336.79,1368.15,1.54,1081791636.0,24465000000.0,csindex
2025-06-24,000001,上证指数,3380.08,3423.78,3380.08,3420.57,1.15,46096380000.0,544882000000.0,csindex
2025-06-24,000300,沪深300,3862.39,3914.16,3862.39,3904.03,1.2,16365618800.0,294229000000.0,csindex
2025-06-24,000688,科创50,963.79,980.52,963.79,978.71,1.79,495520200.0,26980000000.0,csindex
2025-06-24,000852,中证1000,6082.74,6194.67,6082.74,6194.67,1.92,23345340300.0,303658000000.0,csindex
2025-06-24,399001,深证成指,10074.27,10224.12,10074.27,10217.63,1.6842,667686292.91,869731745400.0001,tencent
2025-06-24,399006,创业板指,2024.7,2065.84,2024.7,2064.13,2.3047,247840301.0,441660056200.0,tencent
2025-06-24,899050,北证50,1367.04,1419.92,1367.04,1418.02,3.65,1467051929.0,33785000000.000004,csindex
2025-06-25,000001,上证指数,3419.09,3459.01,3417.41,3455.97,1.04,50938406400.0,620173000000.0,csindex
2025-06-25,000300,沪深300,3907.07,3963.04,3902.18,3960.07,1.44,18721367100.0,361727000000.0,csindex
2025-06-25,000688,科创50,979.97,996.66,976.16,995.61,1.73,576087900.0,32674000000.0,csindex
2025-06-25,000852,中证1000,6196.15,6282.11,6194.15,6276.16,1.32,24755632500.0,334998000000.0,csindex
2025-06-25,399001,深证成指,10240.13,10403.51,10233.15,10393.72,1.7234,722467353.95,982615273000.0,tencent
2025-06-25,399006,创业板指,2073.26,2133.03,2072.87,2128.39,3.1132,267537197.0,518421004500.0,tencent
2025-06-25,899050,北证50,1419.32,1438.49,1410.73,1437.63,1.38,1591920167.0,36971000000.0,csindex
2025-06-26,000001,上证指数,3451.72,3462.75,3446.19,3448.45,-0.22,49654107700.0,603095000000.0,csindex
2025-06-26,000300,沪深300,3953.16,3964.48,3945.26,3946.02,-0.35,16531626300.0,328103000000.0,csindex
2025-06-26,000688,科创50,995.57,1005.89,989.97,989.97,-0.57,525005600.0,30735000000.000004,csindex
2025-06-26,000852,中证1000,6272.44,6310.54,6244.78,6247.79,-0.45,25424649500.0,343746000000.0,csindex
2025-06-26,399001,深证成指,10389.23,10440.73,10340.69,10343.48,-0.4834,721904765.62,980082935699.9999,tencent
2025-06-26,399006,创业板指,2128.86,2142.21,2113.14,2114.43,-0.6559,269411209.0,510182488200.0,tencent
2025-06-26,899050,北证50,1434.49,1459.36,1424.42,1424.56,-0.91,1711817230.0,40268000000.0,csindex
2025-06-27,000001,上证指数,3450.69,3462.63,3421.04,3424.23,-0.7,52312943200.0,605732000000.0,csindex
2025-06-27,000300,沪深300,3949.79,3969.26,3918.2,3921.76,-0.61,19455791300.0,343468000000.0,csindex
2025-06-27,000688,科创50,996.68,998.58,987.83,988.21,-0.18,497366800.0,27908000000.0,csindex
2025-06-27,000852,中证1000,6265.92,6319.16,6257.59,6276.94,0.47,24856335200.0,330455000000.0,csindex
2025-06-27,399001,深证成指,10371.81,10455.51,10343.3,10378.55,0.3391,699213590.64,935385167099.9999,tencent
2025-06-27,399006,创业板指,2125.85,2146.04,2112.75,2124.34,0.4687,242281223.0,464562098200.0,tencent
2025-06-27,899050,北证50,1440.31,1456.11,1431.4,1439.63,1.06,1437827234.0,34755000000.0,csindex
2025-06-30,000001,上证指数,3423.47,3447.46,3420.11,3444.43,0.59,45734804900.0,567137000000.0,csindex
2025-06-30,000300,沪深300,3920.31,3940.36,3911.6,3936.08,0.37,14517023600.0,288821000000.0,csindex
2025-06-30,000688,科创50,992.3,1004.47,992.3,1003.41,1.54,573673900.0,29555000000.0,csindex
2025-06-30,000852,中证1000,6297.08,6358.03,6292.51,6356.18,1.26,23732297300.0,336221000000.0,csindex
2025-06-30,399001,深证成指,10405.96,10470.24,10399.92,10465.12,0.8341,676811123.29,919747265900.0,tencent
2025-06-30,399006,创业板指,2132.93,2154.0,2128.78,2153.01,1.3496,238472882.0,462140244900.0,tencent
2025-06-30,899050,北证50,1444.06,1447.18,1434.04,1447.18,0.52,1272056010.0,30733999999.999996,csindex
2025-07-01,000001,上证指数,3445.85,3459.59,3441.04,3457.75,0.39,44435673900.0,553557000000.0,csindex
2025-07-01,000300,沪深300,3935.91,3946.25,3924.72,3942.76,0.17,12895936200.0,236069999999.99997,csindex
2025-07-01,000688,科创50,1002.09,1002.09,992.55,994.8,-0.86,488084900.0,28039999999.999996,csindex
2025-07-01,000852,中证1000,6358.06,6373.77,6308.06,6373.77,0.28,24353733000.0,334302000000.0,csindex
2025-07-01,399001,深证成指,10458.39,10483.33,10407.17,10476.29,0.1067,695943292.62,912479261500.0,tencent
2025-07-01,399006,创业板指,2149.22,2152.92,2134.57,2147.92,-0.2364,248615116.0,444490174500.0,tencent
2025-07-01,899050,北证50,1443.57,1459.13,1441.83,1457.07,0.68,1300214640.0,30726000000.0,csindex
2025-07-02,000001,上证指数,3458.17,3461.33,3447.96,3454.79,-0.09,49811677600.0,543131000000.00006,csindex
2025-07-02,000300,沪深300,3943.32,3952.14,3929.7,3943.68,0.02,14706306200.0,246638000000.0,csindex
2025-07-02,000688,科创50,992.38,992.47,981.22,982.64,-1.22,595127400.0,23992000000.0,csindex
2025-07-02,000852,中证1000,6358.87,6358.87,6285.0,6309.48,-1.01,23858090300.0,296644000000.0,csindex
2025-07-02,399001,深证成指,10455.83,10455.83,10386.49,10412.63,-0.6077,678825873.83,833849924700.0,tencent
2025-07-02,399006,创业板指,2140.14,2140.14,2118.55,2123.72,-1.1267,234278871.0,393780265800.0,tencent
2025-07-02,899050,北证50,1452.87,1452.87,1435.56,1439.15,-1.23,1289302672.0,28382000000.0,csindex
2025-07-03,000001,上证指数,3456.15,3463.62,3446.97,3461.15,0.18,43854346500.0,500212000000.0,csindex
2025-07-03,000300,沪深300,3949.4,3971.62,3945.14,3968.07,0.62,14100400600.0,269610000000.0,csindex
2025-07-03,000688,科创50,984.34,987.09,980.81,984.95,0.24,461081000.0,19704000000.0,csindex
2025-07-03,000852,中证1000,6306.75,6349.14,6295.23,6342.64,0.53,21398076500.0,270492000000.0,csindex
2025-07-03,399001,深证成指,10431.03,10546.74,10431.03,10534.58,1.1712,639360247.12,809544553000.0,tencent
2025-07-03,399006,创业板指,2130.74,2168.61,2130.74,2164.09,1.9009,219337576.0,382001353800.0,tencent
2025-07-03,899050,北证50,1441.32,1445.71,1431.29,1442.17,0.21,1053473246.0,23919000000.0,csindex
2025-07-04,000001,上证指数,3459.59,3497.22,3455.49,3472.32,0.32,50019521000.0,567241000000.0,csindex
2025-07-04,000300,沪深300,3967.46,4013.85,3958.38,3982.2,0.36,15719713300.0,290513000000.0,csindex
2025-07-04,000688,科创50,984.53,997.41,976.83,984.8,-0.01,530478700.0,24524000000.0,csindex
2025-07-04,000852,中证1000,6338.56,6375.07,6292.14,6312.2,-0.48,23813321000.0,304677000000.0,csindex
2025-07-04,399001,深证成指,10534.99,10610.5,10480.72,10508.76,-0.2451,667665463.68,861316252700.0,tencent
2025-07-04,399006,创业板指,2168.35,2187.88,2153.62,2156.23,-0.3632,232294631.0,420451538600.0,tencent
2025-07-04,899050,北证50,1440.85,1442.28,1414.31,1415.04,-1.88,1189567029.0,26155000000.0,csindex
2025-07-07,000001,上证指数,3467.98,3474.8,3462.79,3473.13,0.02,43663134000.0,476197000000.0,csindex
2025-07-07,000300,沪深300,3977.29,3979.75,3956.57,3965.17,-0.43,13113527300.0,225107000000.00003,csindex
2025-07-07,000688,科创50,983.2,987.11,976.9,978.29,-0.66,379110700.0,17519000000.0,csindex
2025-07-07,000852,中证1000,6305.04,6333.51,6303.86,6327.14,0.24,21047736100.0,264835000000.0,csindex
2025-07-07,399001,深证成指,10488.11,10501.31,10426.55,10435.51,-0.697,578881971.07,732452712000.0,tencent
2025-07-07,399006,创业板指,2148.93,2155.69,2126.32,2130.19,-1.2077,188872554.0,346509413100.0,tencent
2025-07-07,899050,北证50,1406.65,1413.02,1398.71,1401.92,-0.93,863599785.0,18570000000.0,csindex
2025-07-08,000001,上证指数,3474.63,3499.89,3474.63,3497.48,0.7,49348477300.0,567507000000.0,csindex
2025-07-08,000300,沪深300,3965.43,4002.27,3965.43,3998.45,0.84,15640289500.0,292090000000.0,csindex
2025-07-08,000688,科创50,978.9,993.19,977.6,991.95,1.4,615751700.0,23088000000.0,csindex
2025-07-08,000852,中证1000,6321.55,6408.11,6318.52,6407.7,1.27,23512558300.0,306817000000.0,csindex
2025-07-08,399001,深证成指,10431.78,10593.84,10431.78,10588.39,1.465,666334799.08,886442571400.0,tencent
2025-07-08,399006,创业板指,2129.49,2183.06,2129.49,2181.08,2.389,228272821.0,436540336400.0,tencent
2025-07-08,899050,北证50,1403.84,1420.99,1403.39,1420.99,1.36,937838537.0,20848000000.0,csindex
2025-07-09,000001,上证指数,3498.72,3512.67,3491.2,3493.05,-0.13,52392008800.0,595963000000.0,csindex
2025-07-09,000300,沪深300,3997.5,4016.74,3987.43,3991.4,-0.18,17329379600.0,305399000000.0,csindex
2025-07-09,000688,科创50,991.34,993.61,981.5,983.11,-0.89,470230800.0,20414000000.0,csindex
2025-07-09,000852,中证1000,6412.14,6431.09,6375.08,6390.47,-0.27,23617558900.0,303196000000.0,csindex
2025-07-09,399001,深证成指,10592.51,10656.58,10557.81,10581.8,-0.0622,703429755.23,909224442200.0,tencent
2025-07-09,399006,创业板指,2179.32,2204.64,2179.11,2184.67,0.1646,233669091.0,435507746400.0,tencent
2025-07-09,899050,北证50,1426.22,1439.39,1405.13,1410.36,-0.75,1033252657.0,22444000000.0,csindex
2025-07-10,000001,上证指数,3491.5,3526.59,3491.5,3509.68,0.48,56415980500.0,613161000000.0,csindex
2025-07-10,000300,沪深300,3993.42,4032.98,3992.52,4010.02,0.47,20977890400.0,347837000000.0,csindex
2025-07-10,000688,科创50,981.74,986.31,978.89,979.99,-0.32,543718100.0,22168000000.0,csindex
2025-07-10,000852,中证1000,6385.21,6427.74,6367.66,6406.57,0.25,24018338000.0,296726000000.0,csindex
2025-07-10,399001,深证成指,10593.7,10667.41,10562.16,10631.13,0.4662,702268358.19,881009191200.0,tencent
2025-07-10,399006,创业板指,2192.99,2199.71,2174.21,2189.58,0.2247,220559910.0,419452676100.0,tencent
2025-07-10,899050,北证50,1407.61,1412.2,1393.7,1408.17,-0.15,1063755339.0,21131000000.0,csindex
2025-07-11,000001,上证指数,3511.37,3555.22,3506.8,3510.18,0.01,66418524900.0,753549000000.0,csindex
2025-07-11,000300,沪深300,4011.47,4065.94,4010.11,4014.81,0.12,26205277300.0,443781000000.00006,csindex
2025-07-11,000688,科创50,980.38,1000.03,979.18,994.45,1.48,600255700.0,31327999999.999996,csindex
2025-07-11,000852,中证1000,6411.31,6487.44,6388.4,6461.1,0.85,28256128300.0,352066000000.0,csindex
2025-07-11,399001,深证成指,10637.45,10757.24,10610.8,10696.1,0.6111,743294396.25,958583794700.0,tencent
2025-07-11,399006,创业板指,2190.01,2223.31,2181.19,2207.1,0.8002,238426461.0,460007393600.0,tencent
2025-07-11,899050,北证50,1409.18,1428.15,1407.32,1420.81,0.9,1190109810.0,24766000000.0,csindex
2025-07-14,000001,上证指数,3513.25,3532.12,3513.25,3519.65,0.27,57208470500.0,623102000000.0,csindex
2025-07-14,000300,沪深300,4021.21,4034.92,4017.67,4017.67,0.07,20791717500.0,321416000000.0,csindex
2025-07-14,000688,科创50,995.29,998.97,992.39,992.39,-0.21,457645500.0,22922000000.0,csindex
2025-07-14,000852,中证1000,6465.51,6474.93,6443.56,6462.31,0.02,24205780100.0,302637000000.0,csindex
2025-07-14,399001,深证成指,10705.44,10715.07,10663.87,10684.52,-0.1083,647071649.76,835648432500.0,tencent
2025-07-14,399006,创业板指,2207.54,2208.08,2189.08,2197.07,-0.4544,202146011.0,387275031599.99994,tencent
2025-07-14,899050,北证50,1421.93,1430.02,1416.54,1428.57,0.55,1093979639.0,22464000000.0,csindex
2025-07-15,000001,上证指数,3519.81,3527.04,3483.38,3505.0,-0.42,57207472600.0,646852000000.0,csindex
2025-07-15,000300,沪深300,4023.99,4042.66,3994.26,4019.06,0.03,19104293100.0,353525000000.0,csindex
2025-07-15,000688,科创50,990.73,998.08,986.5,996.25,0.39,516786900.0,26658999999.999996,csindex
2025-07-15,000852,中证1000,6452.0,6472.53,6381.56,6442.83,-0.3,26986941100.0,347378000000.0,csindex
2025-07-15,399001,深证成指,10700.37,10784.97,10651.15,10744.56,0.5619,726515143.02,965211745500.0,tencent
2025-07-15,399006,创业板指,2211.4,2245.44,2209.9,2235.05,1.7287,224843887.0,447437697100.0,tencent
2025-07-15,899050,北证50,1427.92,1428.28,1405.27,1412.12,-1.15,1130965486.0,23203000000.0,csindex
2025-07-16,000001,上证指数,3502.9,3511.81,3489.14,3503.78,-0.03,47087857800.0,572419000000.0,csindex
2025-07-16,000300,沪深300,4019.39,4027.86,3993.92,4007.2,-0.3,15102730800.0,300657000000.0,csindex
2025-07-16,000688,科创50,996.33,1008.47,994.38,997.63,0.14,426207800.0,26893000000.0,csindex
2025-07-16,000852,中证1000,6440.52,6487.83,6433.51,6462.06,0.3,22023002400.0,306083000000.0,csindex
2025-07-16,399001,深证成指,10749.71,10804.18,10697.4,10720.81,-0.221,616738926.56,869623405300.0,tencent
2025-07-16,399006,创业板指,2241.21,2259.64,2227.82,2230.19,-0.2174,205109817.0,429014875000.0,tencent
2025-07-16,899050,北证50,1412.16,1423.44,1412.16,1415.98,0.27,959963929.0,19881000000.0,csindex
2025-07-17,000001,上证指数,3500.37,3517.28,3499.19,3516.83,0.37,47221105600.0,609791000000.0,csindex
2025-07-17,000300,沪深300,4005.07,4034.59,4005.07,4034.49,0.68,16124904100.0,325517000000.0,csindex
2025-07-17,000688,科创50,997.71,1005.67,992.56,1005.65,0.8,535346500.0,28344000000.0,csindex
2025-07-17,000852,中证1000,6458.41,6535.67,6451.15,6535.67,1.14,22783164600.0,325984000000.0,csindex
2025-07-17,399001,深证成指,10718.85,10873.62,10718.85,10873.62,1.4254,635724294.06,929583770600.0,tencent
2025-07-17,399006,创业板指,2228.52,2269.67,2228.52,2269.33,1.755,213485493.0,443117313800.0,tencent
2025-07-17,899050,北证50,1414.25,1431.11,1410.92,1428.11,0.86,958444223.0,21158000000.0,csindex
2025-07-18,000001,上证指数,3519.48,3536.01,3518.23,3534.48,0.5,49348408800.0,643628000000.0,csindex
2025-07-18,000300,沪深300,4039.87,4064.64,4039.32,4058.55,0.6,18621106300.0,354244000000.0,csindex
2025-07-18,000688,科创50,1008.13,1013.12,1003.09,1007.53,0.19,497635100.0,26945999999.999996,csindex
2025-07-18,000852,中证1000,6546.36,6563.82,6521.5,6552.07,0.25,23446171300.0,330217000000.0,csindex
2025-07-18,399001,深证成指,10902.72,10946.4,10865.89,10913.84,0.3699,644821897.27,927427195000.0,tencent
2025-07-18,399006,创业板指,2279.67,2296.91,2263.97,2277.15,0.3446,211967077.0,432492028200.0,tencent
2025-07-18,899050,北证50,1426.65,1428.09,1414.67,1418.61,-0.66,986614875.0,22463000000.0,csindex
2025-07-21,000001,上证指数,3542.82,3560.63,3542.57,3559.79,0.72,63364973600.0,730906000000.0,csindex
2025-07-21,000300,沪深300,4069.77,4086.12,4063.44,4085.61,0.67,22326847600.0,377939000000.0,csindex
2025-07-21,000688,科创50,1007.58,1010.34,1005.03,1007.89,0.04,580870500.0,26907000000.0,csindex
2025-07-21,000852,中证1000,6557.25,6614.61,6555.04,6612.26,0.92,27659155200.0,359908000000.0,csindex
2025-07-21,399001,深证成指,10937.6,11008.48,10922.52,11007.49,0.8581,732596839.5,969074333199.9999,tencent
2025-07-21,399006,创业板指,2285.41,2297.14,2273.81,2296.88,0.8664,225424052.0,444016671300.0,tencent
2025-07-21,899050,北证50,1436.82,1454.24,1433.37,1452.34,2.38,1288746228.0,27448000000.0,csindex
2025-07-22,000001,上证指数,3561.63,3584.72,3547.25,3581.86,0.62,71615523000.0,840573000000.0,csindex
2025-07-22,000300,沪深300,4087.34,4119.2,4068.34,4118.96,0.82,25759698500.0,450874000000.0,csindex
2025-07-22,000688,科创50,1007.51,1019.03,1005.84,1016.27,0.83,697700700.0,31505000000.0,csindex
2025-07-22,000852,中证1000,6607.83,6642.24,6597.05,6637.1,0.38,30165999400.0,395915000000.0,csindex
2025-07-22,399001,深证成指,11004.01,11099.83,10970.22,11099.83,0.8389,786153136.68,1052464845800.0,tencent
2025-07-22,399006,创业板指,2295.36,2313.46,2290.38,2310.86,0.6087,242464648.0,481258167200.0,tencent
2025-07-22,899050,北证50,1462.27,1466.36,1449.84,1458.86,0.45,1661940020.0,35920000000.0,csindex
2025-07-23,000001,上证指数,3588.88,3613.02,3577.59,3582.3,0.01,76767238800.0,857045999999.9999,csindex
2025-07-23,000300,沪深300,4129.15,4155.68,4113.91,4119.77,0.02,30050615400.0,470331000000.00006,csindex
2025-07-23,000688,科创50,1016.58,1030.54,1014.84,1020.86,0.45,705393200.0,33386000000.0,csindex
2025-07-23,000852,中证1000,6634.12,6667.86,6594.48,6607.22,-0.45,29410927500.0,378330000000.0,csindex
2025-07-23,399001,深证成指,11101.32,11158.22,11042.2,11059.04,-0.3675,772954593.0,1007553832400.0,tencent
2025-07-23,399006,创业板指,2308.11,2333.31,2304.63,2310.67,-0.0082,234159582.0,448738026100.0,tencent
2025-07-23,899050,北证50,1461.16,1461.31,1434.97,1435.74,-1.58,1518339098.0,34095999999.999996,csindex
2025-07-24,000001,上证指数,3578.91,3608.73,3577.11,3605.73,0.65,77326583500.0,852240000000.0,csindex
2025-07-24,000300,沪深300,4116.83,4152.43,4111.88,4149.04,0.71,31963239200.0,487000000000.0,csindex
2025-07-24,000688,科创50,1019.72,1032.84,1019.31,1032.84,1.17,721447800.0,32633999999.999996,csindex
2025-07-24,000852,中证1000,6602.17,6701.12,6602.17,6701.12,1.42,28541821900.0,374406000000.0,csindex
2025-07-24,399001,深证成指,11069.6,11193.06,11069.6,11193.06,1.2119,742250097.07,992466090699.9999,tencent
2025-07-24,399006,创业板指,2319.25,2345.37,2318.42,2345.37,1.5017,233231978.0,458237292600.0,tencent
2025-07-24,899050,北证50,1431.55,1452.64,1431.55,1451.47,1.09,1387380444.0,29479000000.000004,csindex
2025-07-25,000001,上证指数,3604.45,3610.03,3586.22,3593.66,-0.33,69718954900.0,821610000000.0,csindex
2025-07-25,000300,沪深300,4145.32,4150.5,4117.8,4127.16,-0.53,27359496300.0,430446000000.0,csindex
2025-07-25,000688,科创50,1032.45,1059.73,1028.79,1054.2,2.07,743388800.0,41937000000.0,csindex
2025-07-25,000852,中证1000,6708.08,6716.7,6674.54,6706.61,0.08,26400479800.0,363140000000.0,csindex
2025-07-25,399001,深证成指,11196.2,11210.91,11139.32,11168.14,-0.2226,724401444.99,965727200400.0001,tencent
2025-07-25,399006,创业板指,2348.28,2350.06,2332.02,2340.06,-0.2264,225715186.0,431936895400.0,tencent
2025-07-25,899050,北证50,1453.22,1463.52,1451.86,1458.98,0.52,1280682479.0,28469000000.0,csindex
2025-07-28,000001,上证指数,3594.23,3606.27,3582.15,3597.94,0.12,59418787700.0,761265000000.0,csindex
2025-07-28,000300,沪深300,4128.2,4146.12,4112.97,4135.82,0.21,22275981500.0,406793000000.0,csindex
2025-07-28,000688,科创50,1054.91,1059.05,1048.55,1055.11,0.09,631929800.0,35094000000.0,csindex
2025-07-28,000852,中证1000,6713.82,6736.08,6679.21,6729.98,0.35,25274290400.0,359576000000.0,csindex
2025-07-28,399001,深证成指,11176.39,11226.18,11114.92,11217.58,0.4427,684039261.63,981041846800.0001,tencent
2025-07-28,399006,创业板指,2346.38,2366.51,2334.16,2362.6,0.9632,216864238.0,450381938600.0,tencent
2025-07-28,899050,北证50,1464.37,1466.76,1451.44,1455.37,-0.25,1046691758.0,24236000000.0,csindex
2025-07-29,000001,上证指数,3595.81,3611.35,3585.94,3609.71,0.33,61064205800.0,793606000000.0,csindex
2025-07-29,000300,沪深300,4132.68,4153.33,4117.58,4152.02,0.39,23080788000.0,428764000000.00006,csindex
2025-07-29,000688,科创50,1053.12,1071.44,1051.55,1070.45,1.45,691330600.0,40517000000.0,csindex
2025-07-29,000852,中证1000,6724.32,6773.88,6684.16,6773.88,0.65,25926123600.0,383704000000.0,csindex
2025-07-29,399001,深证成指,11199.63,11289.42,11136.28,11289.41,0.6403,687782458.25,1009564173300.0,tencent
2025-07-29,399006,创业板指,2362.77,2406.59,2355.38,2406.59,1.8619,230716099.0,492234724500.0,tencent
2025-07-29,899050,北证50,1451.38,1465.32,1440.19,1465.32,0.68,1152430732.0,26422000000.000004,csindex
2025-07-30,000001,上证指数,3608.35,3636.17,3593.73,3615.72,0.17,63722191600.0,819628000000.0001,csindex
2025-07-30,000300,沪深300,4148.94,4185.21,4127.43,4151.24,-0.02,24985304800.0,445168000000.0,csindex
2025-07-30,000688,科创50,1065.94,1073.82,1051.11,1058.57,-1.11,683250800.0,35323000000.0,csindex
2025-07-30,000852,中证1000,6758.33,6770.88,6662.91,6718.48,-0.82,26817955900.0,392675000000.0,csindex
2025-07-30,399001,深证成指,11262.98,11307.62,11127.0,11203.03,-0.7651,713948129.86,1024651537600.0,tencent
2025-07-30,399006,创业板指,2395.86,2395.89,2349.18,2367.68,-1.6168,250304909.0,499872987900.0,tencent
2025-07-30,899050,北证50,1460.46,1462.61,1435.48,1439.64,-1.75,1199390374.0,27011000000.0,csindex
2025-07-31,000001,上证指数,3604.7,3606.37,3562.61,3573.21,-1.18,65450934900.0,845893000000.0,csindex
2025-07-31,000300,沪深300,4141.56,4141.82,4063.67,4075.59,-1.82,26708740600.0,492143000000.0,csindex
2025-07-31,000688,科创50,1057.32,1070.76,1045.45,1047.87,-1.01,836001800.0,45684000000.0,csindex
2025-07-31,000852,中证1000,6701.16,6750.08,6639.12,6661.19,-0.85,27013867700.0,401822000000.0,csindex
2025-07-31,399001,深证成指,11208.46,11223.64,10976.21,11009.77,-1.7251,741311343.34,1090142295600.0,tencent
2025-07-31,399006,创业板指,2382.97,2394.22,2321.72,2328.31,-1.6628,252753645.0,541201300500.0,tencent
2025-07-31,899050,北证50,1437.82,1449.13,1419.04,1422.87,-1.16,1147648830.0,26099000000.0,csindex
2025-08-01,000001,上证指数,3568.26,3581.75,3550.04,3559.95,-0.37,50956308000.0,684645000000.0,csindex
2025-08-01,000300,沪深300,4069.93,4085.35,4040.46,4054.93,-0.51,19622182600.0,359685000000.0,csindex
2025-08-01,000688,科创50,1047.38,1056.42,1029.53,1036.77,-1.06,626311300.0,33049000000.0,csindex
2025-08-01,000852,中证1000,6665.64,6702.68,6625.93,6670.47,0.14,23248467000.0,349071000000.0,csindex
2025-08-01,399001,深证成指,11001.25,11068.31,10919.89,10991.32,-0.1676,624304839.8,913705309200.0,tencent
2025-08-01,399006,创业板指,2323.92,2348.02,2304.39,2322.63,-0.244,228168384.0,465280871900.0,tencent
2025-08-01,899050,北证50,1424.22,1431.78,1414.21,1419.61,-0.23,971234237.0,21730000000.0,csindex
2025-08-04,000001,上证指数,3547.16,3583.31,3547.16,3583.31,0.66,45857361800.0,639776000000.0,csindex
2025-08-04,000300,沪深300,4037.94,4070.7,4037.94,4070.7,0.39,16227590200.0,295977000000.0,csindex
2025-08-04,000688,科创50,1034.13,1049.46,1033.85,1049.41,1.22,592839200.0,33222000000.000004,csindex
2025-08-04,000852,中证1000,6637.84,6739.73,6631.12,6739.69,1.04,21349152500.0,329555000000.0,csindex
2025-08-04,399001,深证成指,10932.62,11041.56,10928.49,11041.56,0.4571,588265628.49,858774512800.0,tencent
2025-08-04,399006,创业板指,2307.37,2334.43,2304.48,2334.32,0.5033,211838848.0,434925193500.0,tencent
2025-08-04,899050,北证50,1413.26,1433.25,1410.55,1433.25,0.96,869598711.0,19810000000.0,csindex
2025-08-05,000001,上证指数,3588.81,3617.6,3586.97,3617.6,0.96,49979778000.0,656383000000.0,csindex
2025-08-05,000300,沪深300,4080.39,4106.3,4075.58,4103.45,0.8,17885199900.0,306934000000.0,csindex
2025-08-05,000688,科创50,1048.71,1054.11,1046.53,1053.65,0.4,548712600.0,26802000000.0,csindex
2025-08-05,000852,中证1000,6753.53,6787.48,6744.07,6787.48,0.71,22372467700.0,348578000000.0,csindex
2025-08-05,399001,深证成指,11078.58,11106.96,11041.47,11106.96,0.5923,637905911.61,939698369599.9999,tencent
2025-08-05,399006,创业板指,2349.44,2351.0,2323.74,2343.38,0.3881,225177287.0,475628162100.0,tencent
2025-08-05,899050,北证50,1437.34,1439.54,1429.33,1436.78,0.25,882652938.0,19975000000.0,csindex
2025-08-06,000001,上证指数,3615.81,3634.31,3613.99,3633.99,0.45,51246727300.0,707221000000.0,csindex
2025-08-06,000300,沪深300,4100.43,4116.71,4098.35,4113.49,0.24,17667615500.0,307675000000.0,csindex
2025-08-06,000688,科创50,1051.87,1060.4,1049.6,1059.76,0.58,607042900.0,34761000000.0,csindex
2025-08-06,000852,中证1000,6784.17,6865.02,6774.03,6861.31,1.09,25813388800.0,399056000000.0,csindex
2025-08-06,399001,深证成指,11091.83,11177.88,11086.72,11177.78,0.6376,695936984.21,1026846804900.0,tencent
2025-08-06,399006,创业板指,2335.95,2359.82,2335.95,2358.95,0.6644,254893313.0,521782312800.0,tencent
2025-08-06,899050,北证50,1438.51,1462.07,1432.21,1459.51,1.58,1086597858.0,25468000000.0,csindex
2025-08-07,000001,上证指数,3637.78,3645.12,3622.52,3639.67,0.16,53550120200.0,749700000000.0,csindex
2025-08-07,000300,沪深300,4120.28,4129.74,4094.82,4114.67,0.03,19864190200.0,358108000000.0,csindex
2025-08-07,000688,科创50,1059.84,1069.04,1053.73,1058.21,-0.15,618381800.0,38436000000.0,csindex
2025-08-07,000852,中证1000,6864.45,6876.5,6813.77,6862.15,0.01,26138960000.0,411410999999.99994,csindex
2025-08-07,399001,深证成指,11189.49,11229.59,11089.58,11157.94,-0.1775,711415718.49,1075789507400.0,tencent
2025-08-07,399006,创业板指,2359.42,2372.68,2322.81,2342.86,-0.6821,257978554.0,547650851200.0,tencent
2025-08-07,899050,北证50,1463.13,1469.15,1453.45,1459.46,0.0,1119825870.0,27250000000.0,csindex
2025-08-08,000001,上证指数,3634.85,3645.37,3625.45,3635.13,-0.12,52640757200.0,713570000000.0,csindex
2025-08-08,000300,沪深300,4109.27,4122.21,4097.42,4104.97,-0.24,17317120100.0,308508000000.0,csindex
2025-08-08,000688,科创50,1052.46,1052.74,1042.84,1043.54,-1.39,679274200.0,33381000000.0,csindex
2025-08-08,000852,中证1000,6844.44,6865.84,6816.09,6838.13,-0.35,25146567100.0,381545000000.0,csindex
2025-08-08,399001,深证成指,11136.34,11184.55,11108.46,11128.67,-0.2623,681934694.93,996656917099.9999,tencent
2025-08-08,399006,创业板指,2338.25,2353.99,2330.01,2333.96,-0.3799,243495473.0,500290277600.0,tencent
2025-08-08,899050,北证50,1457.8,1458.28,1441.72,1441.72,-1.21,1047599860.0,26304000000.000004,csindex
2025-08-11,000001,上证指数,3637.05,3656.85,3629.63,3647.55,0.34,55139334800.0,751329000000.0,csindex
2025-08-11,000300,沪深300,4110.29,4134.25,4103.61,4122.51,0.43,19044371600.0,360686000000.0,csindex
2025-08-11,000688,科创50,1043.23,1053.7,1043.08,1049.73,0.59,634311100.0,30339999999.999996,csindex
2025-08-11,000852,中证1000,6850.57,6957.4,6850.57,6943.94,1.55,26097024100.0,401163000000.0,csindex
2025-08-11,399001,深证成指,11159.03,11311.88,11159.03,11291.43,1.4625,713852946.05,1075643532300.0,tencent
2025-08-11,399006,创业板指,2336.93,2384.86,2336.93,2379.82,1.9649,244909805.0,530898989400.0,tencent
2025-08-11,899050,北证50,1447.44,1462.86,1445.98,1458.72,1.18,974000229.0,23226000000.0,csindex
2025-08-12,000001,上证指数,3647.96,3669.04,3647.96,3665.92,0.5,53662373900.0,778161000000.0,csindex
2025-08-12,000300,沪深300,4123.58,4153.29,4121.22,4143.83,0.52,17728782300.0,383088000000.0,csindex
2025-08-12,000688,科创50,1048.21,1077.88,1044.33,1069.81,1.91,774462600.0,53179999999.99999,csindex
2025-08-12,000852,中证1000,6943.67,6963.8,6894.85,6963.61,0.28,26048986900.0,409922999999.99994,csindex
2025-08-12,399001,深证成指,11292.46,11351.63,11255.48,11351.63,0.5331,709632720.11,1103359004000.0,tencent
2025-08-12,399006,创业板指,2381.16,2409.4,2368.81,2409.4,1.243,244883792.0,545327208600.0,tencent
2025-08-12,899050,北证50,1456.22,1457.5,1437.1,1449.63,-0.62,1004122989.0,24105000000.0,csindex
2025-08-13,000001,上证指数,3668.66,3688.63,3666.55,3683.46,0.48,61352888400.0,887023000000.0,csindex
2025-08-13,000300,沪深300,4150.5,4186.75,4147.2,4176.58,0.79,21393499900.0,462777000000.00006,csindex
2025-08-13,000688,科创50,1069.52,1079.14,1067.5,1077.7,0.74,749692800.0,47687000000.0,csindex
2025-08-13,000852,中证1000,6966.27,7070.5,6966.27,7064.33,1.45,29465387400.0,471479000000.0,csindex
2025-08-13,399001,深证成指,11371.08,11558.59,11362.9,11551.37,1.7596,795541705.24,1263914042200.0,tencent
2025-08-13,399006,创业板指,2417.47,2497.86,2414.48,2496.5,3.615,272434252.0,631372426200.0,tencent
2025-08-13,899050,北证50,1449.4,1467.25,1445.43,1461.86,0.84,1008830590.0,24687000000.0,csindex
2025-08-14,000001,上证指数,3685.52,3704.77,3662.57,3666.44,-0.46,64782958700.0,949464000000.0,csindex
2025-08-14,000300,沪深300,4179.97,4220.31,4165.94,4173.31,-0.08,22110359500.0,485076000000.0,csindex
2025-08-14,000688,科创50,1079.22,1109.85,1079.22,1085.74,0.75,963996000.0,65652000000.0,csindex
2025-08-14,000852,中证1000,7072.9,7077.81,6957.4,6976.49,-1.24,31727293600.0,513604000000.0,csindex
2025-08-14,399001,深证成指,11557.0,11607.41,11417.93,11451.43,-0.8652,867991461.73,1329744664100.0,tencent
2025-08-14,399006,创业板指,2496.63,2513.37,2463.86,2469.66,-1.0751,293131579.0,644317908400.0,tencent
2025-08-14,899050,北证50,1463.55,1463.55,1430.8,1432.8,-1.99,1120427064.0,27385000000.000004,csindex
2025-08-15,000001,上证指数,3659.81,3702.26,3658.38,3696.77,0.83,67852170300.0,960625000000.0,csindex
2025-08-15,000300,沪深300,4162.42,4214.73,4157.5,4202.35,0.7,26132756600.0,518687000000.0,csindex
2025-08-15,000688,科创50,1079.16,1104.5,1077.0,1101.29,1.43,952712800.0,53157000000.00001,csindex
2025-08-15,000852,中证1000,6956.51,7117.51,6956.51,7117.5,2.02,30400522600.0,492509000000.0,csindex
2025-08-15,399001,深证成指,11419.28,11647.39,11419.28,11634.67,1.6001,798946150.64,1283986982900.0,tencent
2025-08-15,399006,创业板指,2464.67,2541.89,2464.67,2534.22,2.6141,280039651.0,652239416800.0,tencent
2025-08-15,899050,北证50,1432.26,1480.66,1431.9,1476.33,3.04,1120033119.0,28576000000.0,csindex
2025-08-18,000001,上证指数,3712.5,3745.94,3702.38,3728.03,0.85,77601666900.0,1133942000000.0,csindex
2025-08-18,000300,沪深300,4218.25,4272.96,4203.42,4239.41,0.88,30147910200.0,635366000000.0,csindex
2025-08-18,000688,科创50,1114.32,1138.42,1105.58,1124.82,2.14,1260547700.0,68521000000.0,csindex
2025-08-18,000852,中证1000,7158.53,7267.98,7143.07,7237.6,1.69,37983126300.0,606867000000.0,csindex
2025-08-18,399001,深证成指,11690.94,11919.57,11642.59,11835.57,1.7267,1002271708.29,1630221110300.0,tencent
2025-08-18,399006,创业板指,2549.55,2633.86,2529.25,2606.2,2.8403,361326575.0,829586439700.0,tencent
2025-08-18,899050,北证50,1480.58,1582.43,1480.58,1576.63,6.79,1806607921.0,45464000000.0,csindex
2025-08-19,000001,上证指数,3728.49,3746.67,3718.15,3727.29,-0.02,69609975000.0,1060899000000.0,csindex
2025-08-19,000300,沪深300,4241.77,4264.23,4215.21,4223.37,-0.38,25081877100.0,553536000000.0,csindex
2025-08-19,000688,科创50,1122.64,1133.63,1111.66,1112.27,-1.12,842576900.0,54923000000.0,csindex
2025-08-19,000852,中证1000,7231.93,7289.03,7193.59,7242.85,0.07,34087904500.0,558781000000.0,csindex
2025-08-19,399001,深证成指,11827.9,11908.68,11774.92,11821.63,-0.1178,943169648.85,1527469705900.0,tencent
2025-08-19,399006,创业板指,2596.58,2634.6,2586.95,2601.74,-0.1711,324363016.0,755313950400.0001,tencent
2025-08-19,899050,北证50,1587.33,1637.5,1587.33,1596.67,1.27,2062224186.0,52894000000.00001,csindex
2025-08-20,000001,上证指数,3716.68,3767.43,3704.99,3766.21,1.04,67983642600.0,1017500000000.0,csindex
2025-08-20,000300,沪深300,4208.4,4272.15,4190.56,4271.4,1.14,24648177300.0,538814999999.99994,csindex
2025-08-20,000688,科创50,1109.7,1148.74,1105.27,1148.15,3.23,1000487200.0,65459000000.0,csindex
2025-08-20,000852,中证1000,7212.97,7305.46,7166.99,7305.46,0.86,32475150300.0,517521000000.0,csindex
2025-08-20,399001,深证成指,11749.99,11926.74,11677.85,11926.74,0.8891,894032918.65,1390733947700.0,tencent
2025-08-20,399006,创业板指,2572.01,2608.0,2547.44,2607.65,0.2272,283145029.0,643538683200.0,tencent
2025-08-20,899050,北证50,1590.66,1617.67,1583.32,1615.16,1.16,1564881024.0,40687000000.0,csindex
2025-08-21,000001,上证指数,3770.68,3787.98,3757.99,3771.1,0.13,69155295900.0,997742000000.0,csindex
2025-08-21,000300,沪深300,4284.37,4308.45,4273.65,4288.07,0.39,25903001400.0,558521000000.0,csindex
2025-08-21,000688,科创50,1150.98,1173.28,1143.16,1149.15,0.09,981130200.0,65717999999.99999,csindex
2025-08-21,000852,中证1000,7318.76,7343.17,7215.34,7253.34,-0.71,32682289100.0,516507000000.0,csindex
2025-08-21,399001,深证成指,11965.8,12011.78,11865.46,11919.76,-0.0585,915642356.38,1426314863000.0,tencent
2025-08-21,399006,创业板指,2614.91,2626.37,2582.05,2595.47,-0.4671,292433377.0,648034828200.0,tencent
2025-08-21,899050,北证50,1619.29,1627.08,1573.6,1589.4,-1.59,1428558864.0,36819000000.0,csindex
2025-08-22,000001,上证指数,3772.28,3825.76,3772.28,3825.76,1.45,69813627700.0,1095091000000.0,csindex
2025-08-22,000300,沪深300,4287.36,4378.39,4287.36,4378.0,2.1,29043489700.0,675935000000.0,csindex
2025-08-22,000688,科创50,1162.29,1248.07,1162.29,1247.86,8.59,1624784100.0,110430000000.0,csindex
2025-08-22,000852,中证1000,7250.19,7362.94,7250.19,7362.94,1.51,32680749200.0,527766000000.0,csindex
2025-08-22,399001,深证成指,11902.04,12167.28,11902.04,12166.06,2.0663,891655700.58,1451618129600.0,tencent
2025-08-22,399006,创业板指,2587.53,2683.9,2587.53,2682.55,3.3551,293811031.0,690572806600.0,tencent
2025-08-22,899050,北证50,1589.59,1611.32,1586.99,1600.27,0.68,1243300387.0,32639999999.999996,csindex
2025-08-25,000001,上证指数,3848.16,3883.56,3839.97,3883.56,1.51,88547480200.0,1360904000000.0,csindex
2025-08-25,000300,沪深300,4416.29,4472.65,4404.78,4469.22,2.08,35809000600.0,823682000000.0,csindex
2025-08-25,000688,科创50,1282.05,1320.72,1252.84,1287.73,3.2,1883804500.0,134540000000.00002,csindex
2025-08-25,000852,中证1000,7418.35,7504.01,7405.94,7477.73,1.56,40845765500.0,660911000000.0,csindex
2025-08-25,399001,深证成指,12291.12,12477.97,12246.56,12441.07,2.2605,1070803276.98,1780233495800.0002,tencent
2025-08-25,399006,创业板指,2720.28,2782.01,2700.28,2762.99,2.9986,352036541.0,866162737700.0,tencent
2025-08-25,899050,北证50,1608.69,1618.66,1589.57,1604.01,0.23,1418607245.0,36555000000.0,csindex
2025-08-26,000001,上证指数,3871.47,3888.6,3859.76,3868.38,-0.39,73456530500.0,1114188000000.0,csindex
2025-08-26,000300,沪深300,4453.35,4476.8,4435.53,4452.59,-0.37,27062139500.0,627950000000.0,csindex
2025-08-26,000688,科创50,1266.59,1284.07,1257.44,1270.87,-1.31,1137635600.0,82091000000.0,csindex
2025-08-26,000852,中证1000,7457.77,7526.17,7435.3,7476.47,-0.02,36368466100.0,573343000000.0,csindex
2025-08-26,399001,深证成指,12398.81,12561.49,12361.49,12473.17,0.258,968856013.18,1564831995900.0,tencent
2025-08-26,399006,创业板指,2747.11,2773.24,2726.72,2742.13,-0.755,307531115.0,741435050300.0,tencent
2025-08-26,899050,北证50,1600.32,1612.97,1584.96,1591.9,-0.76,1293575615.0,32245000000.0,csindex
2025-08-27,000001,上证指数,3869.61,3887.2,3800.35,3800.35,-1.76,85863349900.0,1326849000000.0,csindex
2025-08-27,000300,沪深300,4458.84,4494.91,4386.13,4386.13,-1.49,33313389800.0,785098000000.0,csindex
2025-08-27,000688,科创50,1285.44,1332.82,1272.55,1272.56,0.13,1611894800.0,121089000000.00002,csindex
2025-08-27,000852,中证1000,7488.93,7565.35,7336.5,7336.5,-1.87,41675926500.0,672784000000.0,csindex
2025-08-27,399001,深证成指,12483.19,12665.36,12295.07,12295.07,-1.4279,1143640218.65,1838716010300.0,tencent
2025-08-27,399006,创业板指,2747.5,2822.27,2723.2,2723.2,-0.6903,363608516.0,878307266600.0,tencent
2025-08-27,899050,北证50,1593.25,1596.74,1550.43,1550.43,-2.6,1375563445.0,32872000000.000004,csindex
2025-08-28,000001,上证指数,3796.71,3845.09,3761.42,3843.6,1.14,78835194700.0,1265186000000.0,csindex
2025-08-28,000300,沪深300,4378.04,4464.8,4364.17,4463.78,1.77,29683453600.0,739424000000.0,csindex
2025-08-28,000688,科创50,1280.24,1365.92,1275.5,1364.6,7.23,1900940100.0,135515000000.00002,csindex
2025-08-28,000852,中证1000,7331.19,7447.11,7216.77,7447.11,1.51,38146643500.0,631712000000.0,csindex
2025-08-28,399001,深证成指,12254.27,12571.37,12199.94,12571.37,2.2472,1060772708.54,1705617179700.0,tencent
2025-08-28,399006,创业板指,2707.34,2827.17,2707.34,2827.17,3.8179,341026597.0,830114973700.0,tencent
2025-08-28,899050,北证50,1550.19,1557.68,1507.72,1554.43,0.26,1271795484.0,30530000000.0,csindex
2025-08-29,000001,上证指数,3842.82,3867.61,3839.21,3857.93,0.37,73946236600.0,1221692000000.0,csindex
2025-08-29,000300,沪深300,4455.8,4516.84,4452.36,4496.76,0.74,35193894700.0,831194000000.0,csindex
2025-08-29,000688,科创50,1335.65,1346.76,1314.74,1341.31,-1.71,1561683000.0,111148000000.0,csindex
2025-08-29,000852,中证1000,7449.86,7477.2,7380.83,7438.68,-0.11,32764088100.0,565059000000.0,csindex
2025-08-29,399001,深证成指,12568.63,12791.18,12508.97,12696.15,0.9926,900391593.16,1576605426800.0,tencent
2025-08-29,399006,创业板指,2828.01,2933.99,2809.32,2890.13,2.227,284075157.0,763779377600.0,tencent
2025-08-29,899050,北证50,1557.53,1604.6,1557.53,1574.25,1.27,1295847317.0,32295000000.0,csindex
2025-09-01,000001,上证指数,3869.75,3879.05,3853.66,3875.53,0.46,74770953600.0,1208348000000.0,csindex
2025-09-01,000300,沪深300,4516.88,4528.13,4487.53,4523.71,0.6,32036670800.0,770378000000.0,csindex
2025-09-01,000688,科创50,1348.53,1366.92,1322.8,1357.15,1.18,1543817900.0,95841000000.0,csindex
2025-09-01,000852,中证1000,7475.0,7502.59,7424.34,7501.15,0.84,32422071200.0,564568000000.0,csindex
2025-09-01,399001,深证成指,12773.22,12830.18,12663.34,12828.95,1.046,906187103.37,1541612589300.0,tencent
2025-09-01,399006,创业板指,2914.64,2958.14,2886.73,2956.37,2.2919,276014321.0,727001509900.0,tencent
2025-09-01,899050,北证50,1575.83,1578.55,1555.93,1568.62,-0.36,1179673617.0,28044000000.0,csindex
2025-09-02,000001,上证指数,3877.09,3885.31,3828.68,3858.13,-0.45,76261883300.0,1222778000000.0,csindex
2025-09-02,000300,沪深300,4521.98,4548.89,4454.42,4490.45,-0.74,30393256600.0,777999000000.0,csindex
2025-09-02,000688,科创50,1353.94,1364.2,1314.12,1328.28,-2.13,1339363800.0,90062000000.0,csindex
2025-09-02,000852,中证1000,7498.44,7499.6,7258.59,7313.88,-2.5,35043585300.0,598514000000.0,csindex
2025-09-02,399001,深证成指,12817.03,12857.16,12450.46,12553.84,-2.1444,991083796.03,1652213634700.0,tencent
2025-09-02,399006,创业板指,2951.03,2979.73,2839.92,2872.22,-2.8464,300447509.0,797341335600.0,tencent
2025-09-02,899050,北证50,1570.11,1587.37,1539.55,1574.88,0.4,1638193937.0,37775000000.0,csindex
2025-09-03,000001,上证指数,3865.29,3868.39,3794.88,3813.56,-1.16,64566851000.0,1012295999999.9999,csindex
2025-09-03,000300,沪深300,4501.34,4510.73,4427.52,4459.83,-0.68,25432021700.0,655697000000.0,csindex
2025-09-03,000688,科创50,1318.51,1325.75,1296.71,1306.48,-1.64,1093792300.0,68153000000.0,csindex
2025-09-03,000852,中证1000,7336.39,7361.03,7182.29,7206.88,-1.46,29028856800.0,486667000000.0,csindex
2025-09-03,399001,深证成指,12599.96,12669.8,12393.09,12472.0,-0.6519,856848814.75,1351790359500.0,tencent
2025-09-03,399006,创业板指,2882.84,2926.78,2859.51,2899.37,0.9453,244128872.0,652655660800.0,tencent
2025-09-03,899050,北证50,1580.76,1585.49,1548.59,1551.45,-1.49,1354948377.0,32016000000.000004,csindex
2025-09-04,000001,上证指数,3807.76,3808.4,3732.84,3765.88,-1.25,71022793300.0,1107892000000.0,csindex
2025-09-04,000300,沪深300,4461.25,4465.5,4327.51,4365.21,-2.12,30793460900.0,773125000000.0,csindex
2025-09-04,000688,科创50,1301.98,1304.05,1210.87,1226.98,-6.08,1529605300.0,90477000000.0,csindex
2025-09-04,000852,中证1000,7214.72,7255.0,6939.66,7041.15,-2.3,29762275400.0,488595000000.0,csindex
2025-09-04,399001,深证成指,12526.3,12580.09,11967.57,12118.7,-2.8327,899356047.0,1436365320800.0002,tencent
2025-09-04,399006,创业板指,2933.68,2956.41,2741.08,2776.25,-4.2464,256229516.0,711729435600.0,tencent
2025-09-04,899050,北证50,1554.45,1580.2,1514.2,1538.98,-0.8,1669521946.0,37960000000.0,csindex
2025-09-05,000001,上证指数,3761.88,3817.16,3745.31,3812.51,1.24,62622338000.0,979062000000.0001,csindex
2025-09-05,000300,沪深300,4365.61,4466.56,4350.3,4460.32,2.18,24962565700.0,664167000000.0,csindex
2025-09-05,000688,科创50,1232.21,1275.1,1220.78,1268.55,3.39,1365915700.0,74741000000.0,csindex
2025-09-05,000852,中证1000,7046.96,7248.58,7017.95,7245.67,2.9,28276593100.0,458843000000.0,csindex
2025-09-05,399001,深证成指,12140.76,12597.89,12085.54,12590.56,3.8937,816494225.86,1325596804600.0,tencent
2025-09-05,399006,创业板指,2789.91,2962.47,2775.17,2958.18,6.5531,241521965.0,671992144500.0,tencent
2025-09-05,899050,北证50,1542.65,1620.43,1538.05,1618.18,5.15,1904770901.0,44059000000.0,csindex
2025-09-08,000001,上证指数,3811.67,3833.14,3803.6,3826.84,0.38,66006689800.0,1025884000000.0,csindex
2025-09-08,000300,沪深300,4467.17,4482.76,4438.07,4467.57,0.16,26763838200.0,683631000000.0,csindex
2025-09-08,000688,科创50,1266.47,1280.82,1253.73,1275.87,0.58,1295355100.0,70266000000.0,csindex
2025-09-08,000852,中证1000,7257.33,7321.16,7220.59,7311.03,0.9,30781328900.0,495541000000.0,csindex
2025-09-08,399001,深证成指,12631.98,12689.17,12511.42,12666.84,0.6059,822135722.24,1392846217800.0,tencent
2025-09-08,399006,创业板指,2964.43,2964.43,2883.26,2933.25,-0.8427,246417816.0,694518534000.0,tencent
2025-09-08,899050,北证50,1634.92,1670.01,1615.84,1647.01,1.78,1826764008.0,44715000000.0,csindex
2025-09-09,000001,上证指数,3816.66,3834.67,3791.72,3807.29,-0.51,60023938000.0,917795000000.0001,csindex
2025-09-09,000300,沪深300,4448.74,4472.09,4412.69,4436.26,-0.7,22137546000.0,562861000000.0,csindex
2025-09-09,000688,科创50,1250.96,1271.96,1239.94,1245.53,-2.38,1120618700.0,68963000000.0,csindex
2025-09-09,000852,中证1000,7287.4,7315.97,7198.32,7226.03,-1.16,28244306100.0,431929000000.0,csindex
2025-09-09,399001,深证成指,12598.29,12653.87,12434.84,12510.6,-1.2335,758347025.35,1200728197300.0,tencent
2025-09-09,399006,创业板指,2901.29,2924.58,2843.67,2867.97,-2.2255,216032269.0,568078481300.0,tencent
2025-09-09,899050,北证50,1631.93,1638.51,1607.97,1612.41,-2.1,1434706802.0,33937000000.0,csindex
2025-09-10,000001,上证指数,3806.58,3827.0,3794.06,3812.22,0.13,53453982500.0,821114000000.0,csindex
2025-09-10,000300,沪深300,4438.3,4466.63,4414.59,4445.36,0.21,20359764600.0,535539000000.00006,csindex
2025-09-10,000688,科创50,1253.5,1272.91,1246.26,1259.1,1.09,989643700.0,71142000000.0,csindex
2025-09-10,000852,中证1000,7214.23,7296.0,7179.76,7230.17,0.06,25267415800.0,396105000000.0,csindex
2025-09-10,399001,深证成指,12511.08,12621.19,12415.19,12557.68,0.3763,716827858.9,1157008991300.0,tencent
2025-09-10,399006,创业板指,2890.05,2926.16,2860.26,2904.27,1.2657,201444180.0,563107738600.0,tencent
2025-09-10,899050,北证50,1601.22,1623.92,1601.22,1609.82,-0.16,1106126099.0,26113000000.0,csindex
2025-09-11,000001,上证指数,3806.06,3875.31,3796.43,3875.31,1.65,61701293000.0,1016794000000.0,csindex
2025-09-11,000300,沪深300,4438.84,4548.03,4427.92,4548.03,2.31,25326405100.0,693157000000.0,csindex
2025-09-11,000688,科创50,1254.19,1332.76,1244.14,1326.03,5.32,1354350400.0,106002000000.0,csindex
2025-09-11,000852,中证1000,7215.93,7399.89,7161.28,7399.89,2.35,29397514200.0,486237000000.0,csindex
2025-09-11,399001,深证成指,12570.87,12979.89,12516.34,12979.89,3.3622,835692601.32,1420924654199.9998,tencent
2025-09-11,399006,创业板指,2917.77,3053.75,2899.83,3053.75,5.1469,247034712.0,698915040500.0,tencent
2025-09-11,899050,北证50,1604.38,1639.68,1591.05,1635.43,1.59,1108644624.0,27220999999.999996,csindex
2025-09-12,000001,上证指数,3875.51,3892.74,3866.54,3870.6,-0.12,70064178400.0,1093807000000.0,csindex
2025-09-12,000300,沪深300,4544.59,4564.67,4517.79,4522.0,-0.57,26644200300.0,689576000000.0,csindex
2025-09-12,000688,科创50,1324.84,1360.07,1323.45,1338.02,0.9,1369601100.0,115808000000.0,csindex
2025-09-12,000852,中证1000,7402.42,7472.87,7387.59,7422.88,0.31,31583879300.0,508828000000.0,csindex
2025-09-12,399001,深证成指,12941.26,13048.52,12905.47,12924.13,-0.4296,868290491.83,1427118173100.0,tencent
2025-09-12,399006,创业板指,3024.1,3056.53,3009.9,3020.42,-1.0914,244051798.0,675019611300.0,tencent
2025-09-12,899050,北证50,1632.3,1637.62,1597.79,1600.88,-2.11,1131121637.0,27714000000.0,csindex
2025-09-15,000001,上证指数,3876.1,3879.74,3855.97,3860.5,-0.26,64479394400.0,986171999999.9999,csindex
2025-09-15,000300,沪深300,4534.89,4566.91,4522.5,4533.06,0.24,23188567800.0,613315000000.0,csindex
2025-09-15,000688,科创50,1362.85,1366.46,1332.43,1340.4,0.18,1424889500.0,97645000000.0,csindex
2025-09-15,000852,中证1000,7445.5,7454.3,7404.5,7415.57,-0.1,30130776100.0,475105000000.0,csindex
2025-09-15,399001,深证成指,12971.43,13098.78,12943.4,13005.77,0.6317,798857680.34,1291248301100.0,tencent
2025-09-15,399006,创业板指,3052.06,3106.88,3044.69,3066.18,1.515,224871259.0,616541058500.0,tencent
2025-09-15,899050,北证50,1605.14,1622.48,1605.14,1606.96,0.38,1082749621.0,26013000000.0,csindex
2025-09-16,000001,上证指数,3865.98,3876.69,3838.65,3861.87,0.04,67343972300.0,989786000000.0,csindex
2025-09-16,000300,沪深300,4539.92,4552.42,4494.79,4523.34,-0.21,24926920600.0,613728000000.0,csindex
2025-09-16,000688,科创50,1347.2,1370.29,1347.2,1358.05,1.32,1158610900.0,94773000000.0,csindex
2025-09-16,000852,中证1000,7426.41,7487.07,7364.73,7483.63,0.92,30901059000.0,474734000000.0,csindex
2025-09-16,399001,深证成指,13017.58,13071.21,12863.82,13063.97,0.4475,889812067.47,1351636076600.0,tencent
2025-09-16,399006,创业板指,3072.3,3089.78,3020.63,3087.04,0.6803,242587260.0,638221520000.0,tencent
2025-09-16,899050,北证50,1606.41,1623.78,1593.94,1617.13,0.63,1078345187.0,25902999999.999996,csindex
2025-09-17,000001,上证指数,3854.07,3882.67,3848.95,3876.34,0.37,66343471300.0,1006679000000.0001,csindex
2025-09-17,000300,沪深300,4517.29,4556.03,4503.8,4551.02,0.61,23571647200.0,608454000000.0,csindex
2025-09-17,000688,科创50,1351.64,1378.87,1338.95,1370.43,0.91,1256012000.0,92229000000.0,csindex
2025-09-17,000852,中证1000,7478.41,7564.82,7461.41,7554.81,0.95,30170648500.0,493296000000.0,csindex
2025-09-17,399001,深证成指,13062.64,13226.2,13004.38,13215.46,1.1596,853723161.96,1370067340600.0,tencent
2025-09-17,399006,创业板指,3085.71,3152.31,3064.77,3147.35,1.9537,244207711.0,662943750200.0,tencent
2025-09-17,899050,北证50,1615.72,1618.73,1604.26,1607.44,-0.6,1077248838.0,26448000000.0,csindex
2025-09-18,000001,上证指数,3876.06,3899.96,3801.0,3831.66,-1.15,87602738900.0,1365962000000.0,csindex
2025-09-18,000300,沪深300,4546.03,4573.83,4454.99,4498.11,-1.16,30985982600.0,839987000000.0001,csindex
2025-09-18,000688,科创50,1385.5,1433.57,1351.14,1380.35,0.72,1742902500.0,139608000000.0,csindex
2025-09-18,000852,中证1000,7552.23,7665.97,7393.18,7476.4,-1.04,39860010200.0,654023000000.0,csindex
2025-09-18,399001,深证成指,13161.15,13328.1,12915.97,13075.66,-1.0579,1073785345.26,1769208959800.0,tencent
2025-09-18,399006,创业板指,3119.77,3168.68,3051.3,3095.85,-1.6363,310707378.0,829509324800.0,tencent
2025-09-18,899050,北证50,1604.96,1627.22,1578.85,1591.17,-1.01,1383049780.0,31874000000.0,csindex
2025-09-19,000001,上证指数,3830.44,3843.17,3811.9,3820.09,-0.3,68229261300.0,1016348000000.0,csindex
2025-09-19,000300,沪深300,4499.09,4533.09,4491.84,4501.92,0.08,22504400000.0,603887000000.0,csindex
2025-09-19,000688,科创50,1388.86,1400.69,1359.29,1362.65,-1.28,1213906200.0,101284000000.0,csindex
2025-09-19,000852,中证1000,7473.02,7520.92,7405.29,7438.19,-0.51,29589587000.0,483203000000.0,csindex
2025-09-19,399001,深证成指,13074.91,13182.6,13016.06,13070.86,-0.0367,819739633.57,1307489962600.0,tencent
2025-09-19,399006,创业板指,3098.28,3128.38,3072.76,3091.0,-0.1567,226063739.0,599354630500.0,tencent
2025-09-19,899050,北证50,1591.01,1596.6,1577.29,1578.0,-0.83,1112836309.0,25932000000.0,csindex
2025-09-22,000001,上证指数,3822.01,3831.74,3806.2,3828.58,0.22,56832568600.0,941800000000.0,csindex
2025-09-22,000300,沪深300,4512.03,4523.87,4487.13,4522.61,0.46,19645995600.0,563149000000.0,csindex
2025-09-22,000688,科创50,1361.25,1422.74,1353.71,1408.64,3.38,1265197300.0,114242000000.0,csindex
2025-09-22,000852,中证1000,7457.89,7489.48,7418.46,7489.48,0.69,27036260200.0,440514999999.99994,csindex
2025-09-22,399001,深证成指,13119.83,13157.97,13006.36,13157.97,0.6664,722355718.24,1179690201300.0,tencent
2025-09-22,399006,创业板指,3093.97,3107.89,3053.35,3107.89,0.5464,199289291.0,543771160500.0,tencent
2025-09-22,899050,北证50,1580.69,1598.65,1571.76,1589.19,0.71,925171515.0,21217000000.0,csindex
2025-09-23,000001,上证指数,3830.14,3838.61,3774.53,3821.83,-0.18,70190286800.0,1071698000000.0,csindex
2025-09-23,000300,沪深300,4536.76,4560.73,4459.73,4519.78,-0.06,25282706200.0,680514000000.0,csindex
2025-09-23,000688,科创50,1406.61,1419.28,1364.44,1407.3,-0.1,1518367400.0,115457000000.0,csindex
2025-09-23,000852,中证1000,7500.62,7504.23,7261.67,7408.07,-1.09,31326028000.0,503960000000.00006,csindex
2025-09-23,399001,深证成指,13246.93,13267.9,12875.33,13119.82,-0.2899,860693567.93,1422691445400.0,tencent
2025-09-23,399006,创业板指,3139.5,3157.02,3041.46,3114.55,0.2143,249119042.0,665817366400.0,tencent
2025-09-23,899050,北证50,1587.56,1588.51,1526.95,1547.45,-2.63,1079089113.0,24405000000.0,csindex
2025-09-24,000001,上证指数,3804.48,3854.92,3804.33,3853.64,0.83,60205667000.0,1015708000000.0,csindex
2025-09-24,000300,沪深300,4495.27,4567.49,4494.11,4566.07,1.02,22048260800.0,629161000000.0,csindex
2025-09-24,000688,科创50,1395.37,1479.7,1394.68,1456.47,3.49,1978034100.0,126825000000.0,csindex
2025-09-24,000852,中证1000,7375.91,7534.22,7342.47,7534.22,1.7,27891276100.0,494397999999.99994,csindex
2025-09-24,399001,深证成指,13037.08,13356.14,13009.64,13356.14,1.8012,727910237.6,1311083097500.0,tencent
2025-09-24,399006,创业板指,3089.9,3185.84,3085.7,3185.57,2.2803,221457643.0,628520763400.0,tencent
2025-09-24,899050,北证50,1548.69,1579.22,1546.62,1578.92,2.03,865280808.0,20688000000.0,csindex
2025-09-25,000001,上证指数,3852.43,3866.11,3840.46,3853.3,-0.01,58995053100.0,1001211000000.0,csindex
2025-09-25,000300,沪深300,4563.98,4613.95,4558.84,4593.49,0.6,22982333300.0,669867000000.0,csindex
2025-09-25,000688,科创50,1449.65,1486.43,1448.69,1474.49,1.24,1654722000.0,102949000000.0,csindex
2025-09-25,000852,中证1000,7521.32,7563.08,7487.12,7506.51,-0.37,26440371200.0,464745000000.0,csindex
2025-09-25,399001,深证成指,13333.02,13529.33,13295.53,13445.9,0.6721,740565636.5,1369884560300.0,tencent
2025-09-25,399006,创业板指,3167.75,3266.0,3161.08,3235.76,1.5755,226942858.0,659766094800.0,tencent
2025-09-25,899050,北证50,1572.49,1582.33,1557.22,1557.22,-1.37,880455971.0,20920000000.0,csindex
2025-09-26,000001,上证指数,3839.86,3856.61,3828.11,3828.11,-0.65,55127533500.0,927865000000.0,csindex
2025-09-26,000300,沪深300,4576.91,4597.85,4550.05,4550.05,-0.95,20848211400.0,598724000000.0,csindex
2025-09-26,000688,科创50,1461.95,1485.88,1448.96,1450.82,-1.6,1725102900.0,93898000000.0,csindex
2025-09-26,000852,中证1000,7476.94,7516.11,7396.58,7397.59,-1.45,25875025900.0,436863000000.0,csindex
2025-09-26,399001,深证成指,13394.79,13453.86,13205.63,13209.0,-1.7619,694552823.24,1219024952100.0,tencent
2025-09-26,399006,创业板指,3222.19,3251.88,3150.84,3151.53,-2.6031,209243820.0,567076786400.0,tencent
2025-09-26,899050,北证50,1555.74,1556.34,1528.98,1528.98,-1.81,799228390.0,19456000000.0,csindex
2025-09-29,000001,上证指数,3828.17,3881.0,3809.54,3862.53,0.9,60846639900.0,968212000000.0001,csindex
2025-09-29,000300,沪深300,4555.03,4647.57,4541.43,4620.05,1.54,27435887700.0,693395000000.0,csindex
2025-09-29,000688,科创50,1448.55,1470.41,1424.84,1470.41,1.35,1541410700.0,96297000000.0,csindex
2025-09-29,000852,中证1000,7415.13,7517.12,7376.91,7497.83,1.36,25868018400.0,419535000000.00006,csindex
2025-09-29,399001,深证成指,13248.2,13531.98,13239.73,13479.43,2.0473,675906008.25,1193253421100.0,tencent
2025-09-29,399006,创业板指,3165.07,3259.42,3164.8,3238.01,2.7441,200825881.0,570667910900.0,tencent
2025-09-29,899050,北证50,1531.18,1548.52,1531.18,1539.47,0.69,701792970.0,16933000000.000002,csindex
2025-09-30,000001,上证指数,3869.7,3887.57,3866.28,3882.78,0.52,56973463100.0,973275000000.0,csindex
2025-09-30,000300,沪深300,4629.9,4647.5,4616.22,4640.69,0.45,24798035900.0,664624000000.0,csindex
2025-09-30,000688,科创50,1488.29,1505.91,1478.42,1495.29,1.69,1473150600.0,99799000000.0,csindex
2025-09-30,000852,中证1000,7525.62,7592.91,7524.92,7574.96,1.03,25517378500.0,442639999999.99994,csindex
2025-09-30,399001,深证成指,13504.65,13598.18,13460.32,13526.51,0.3493,658567252.34,1208141143800.0,tencent
2025-09-30,399006,创业板指,3239.33,3279.02,3218.69,3238.16,0.0046,196651530.0,580477829300.0,tencent
2025-09-30,899050,北证50,1547.69,1548.94,1528.63,1528.63,-0.7,679397148.0,16141999999.999998,csindex
2025-10-09,000001,上证指数,3898.31,3936.58,3885.74,3933.97,1.32,72521850100.0,1216889000000.0,csindex
2025-10-09,000300,沪深300,4662.11,4726.34,4651.99,4709.48,1.48,34767869600.0,862208000000.0,csindex
2025-10-09,000688,科创50,1526.92,1588.83,1522.79,1539.08,2.93,2214971600.0,146061000000.0,csindex
2025-10-09,000852,中证1000,7623.3,7671.17,7590.47,7648.05,0.96,30349138000.0,530500000000.0,csindex
2025-10-09,399001,深证成指,13598.35,13806.69,13565.29,13725.56,1.4716,797114827.88,1436312889700.0,tencent
2025-10-09,399006,创业板指,3251.04,3322.44,3243.71,3261.82,0.7307,230359686.0,654497296100.0,tencent
2025-10-09,899050,北证50,1538.34,1539.81,1520.69,1525.81,-0.18,817209167.0,19130000000.0,csindex
2025-10-10,000001,上证指数,3915.48,3933.01,3886.31,3897.03,-0.94,71891767300.0,1132127000000.0,csindex
2025-10-10,000300,沪深300,4679.5,4692.59,4600.96,4616.83,-1.97,31902089900.0,792743000000.0,csindex
2025-10-10,000688,科创50,1511.16,1512.34,1444.99,1452.68,-5.61,1797651300.0,119485999999.99998,csindex
2025-10-10,000852,中证1000,7608.29,7621.98,7513.17,7533.82,-1.49,29042992200.0,485704000000.0,csindex
2025-10-10,399001,深证成指,13633.19,13644.51,13304.6,13355.42,-2.6967,780249411.3,1383492750200.0,tencent
2025-10-10,399006,创业板指,3230.46,3235.86,3097.63,3113.26,-4.5545,219702850.0,617600575500.0,tencent
2025-10-10,899050,北证50,1528.97,1528.97,1502.97,1506.91,-1.24,796542536.0,18878000000.0,csindex
2025-10-13,000001,上证指数,3800.11,3895.83,3800.11,3889.5,-0.19,70950610100.0,1085414000000.0,csindex
2025-10-13,000300,沪深300,4490.87,4601.81,4490.87,4593.98,-0.5,31501035400.0,714002000000.0,csindex
2025-10-13,000688,科创50,1409.68,1476.13,1409.68,1473.02,1.4,1677396600.0,111559999999.99998,csindex
2025-10-13,000852,中证1000,7250.58,7535.21,7250.58,7519.76,-0.19,28840041100.0,470991000000.0,csindex
2025-10-13,399001,深证成指,12837.25,13256.51,12837.25,13231.47,-0.9281,742803634.44,1269338155700.0,tencent
2025-10-13,399006,创业板指,2975.03,3096.4,2975.03,3078.76,-1.1082,210881631.0,574184690600.0,tencent
2025-10-13,899050,北证50,1444.1,1489.47,1443.91,1487.41,-1.29,856041663.0,19793000000.0,csindex
2025-10-14,000001,上证指数,3910.78,3918.44,3851.12,3865.23,-0.62,80083963100.0,1209984000000.0,csindex
2025-10-14,000300,沪深300,4634.05,4641.45,4520.93,4539.06,-1.2,37295403000.0,808959000000.0,csindex
2025-10-14,000688,科创50,1488.05,1489.17,1399.97,1410.3,-4.26,1846890800.0,117052000000.0,csindex
2025-10-14,000852,中证1000,7580.39,7611.83,7342.6,7373.15,-1.95,30441201300.0,506689999999.99994,csindex
2025-10-14,399001,深证成指,13369.56,13405.51,12844.02,12895.11,-2.5421,781349621.15,1366249533899.9998,tencent
2025-10-14,399006,创业板指,3121.0,3124.83,2943.58,2955.98,-3.988,216718242.0,603426623200.0,tencent
2025-10-14,899050,北证50,1498.05,1515.21,1482.63,1484.19,-0.22,859690424.0,20683000000.0,csindex
2025-10-15,000001,上证指数,3867.54,3912.29,3857.67,3912.21,1.22,64501295500.0,961552000000.0,csindex
2025-10-15,000300,沪深300,4544.24,4608.82,4526.83,4606.29,1.48,28477185500.0,607326000000.0,csindex
2025-10-15,000688,科创50,1409.53,1430.28,1390.99,1430.0,1.4,1288930800.0,79721000000.0,csindex
2025-10-15,000852,中证1000,7384.01,7484.05,7315.48,7483.45,1.5,24485396500.0,403798000000.0,csindex
2025-10-15,399001,深证成指,12919.27,13123.28,12817.89,13118.75,1.7343,664972504.99,1111306358100.0,tencent
2025-10-15,399006,创业板指,2964.52,3030.59,2927.51,3025.87,2.3644,179838526.0,488635658900.0,tencent
2025-10-15,899050,北证50,1485.32,1511.56,1475.09,1508.31,1.62,742297791.0,17797000000.0,csindex
2025-10-16,000001,上证指数,3900.68,3931.05,3899.17,3916.23,0.1,59545149100.0,869265000000.0,csindex
2025-10-16,000300,沪深300,4588.92,4645.1,4586.28,4618.42,0.26,24823551800.0,560567000000.0,csindex
2025-10-16,000688,科创50,1419.55,1444.23,1409.7,1416.58,-0.94,1089813700.0,74172000000.0,csindex
2025-10-16,000852,中证1000,7460.76,7472.75,7378.3,7401.84,-1.09,23464307000.0,374297000000.0,csindex
2025-10-16,399001,深证成指,13064.26,13218.17,13033.37,13086.41,-0.2465,630427149.69,1061873251700.0,tencent
2025-10-16,399006,创业板指,3008.37,3068.84,3001.1,3037.44,0.3824,173471667.0,473693916400.0,tencent
2025-10-16,899050,北证50,1500.01,1515.8,1486.7,1488.71,-1.3,764738809.0,17745000000.0,csindex
2025-10-17,000001,上证指数,3912.04,3921.06,3835.36,3839.76,-1.95,61756301800.0,873182000000.0,csindex
2025-10-17,000300,沪深300,4610.7,4618.56,4509.33,4514.23,-2.26,25690561700.0,559086000000.0,csindex
2025-10-17,000688,科创50,1411.74,1415.66,1360.45,1363.17,-3.77,1167923100.0,72842000000.0,csindex
2025-10-17,000852,中证1000,7395.87,7426.21,7176.96,7185.48,-2.92,25432732500.0,383875000000.0,csindex
2025-10-17,399001,深证成指,13060.24,13091.76,12677.44,12688.94,-3.0373,667473474.54,1064934758199.9999,tencent
2025-10-17,399006,创业板指,3026.4,3042.29,2932.68,2935.37,-3.3604,178268865.0,461990890100.0,tencent
2025-10-17,899050,北证50,1488.87,1493.14,1432.43,1432.87,-3.75,735224263.0,16563999999.999998,csindex
2025-10-20,000001,上证指数,3865.55,3877.72,3850.37,3863.89,0.63,54926171200.0,772503000000.0,csindex
2025-10-20,000300,沪深300,4558.24,4570.44,4520.5,4538.22,0.53,21842040500.0,505799000000.0,csindex
2025-10-20,000688,科创50,1390.71,1397.73,1358.69,1367.9,0.35,936950300.0,68935000000.0,csindex
2025-10-20,000852,中证1000,7259.49,7301.99,7196.28,7239.18,0.75,21857967600.0,328445000000.0,csindex
2025-10-20,399001,深证成指,12877.7,12948.32,12742.84,12813.21,0.9794,582877735.62,965101984800.0,tencent
2025-10-20,399006,创业板指,3007.21,3042.2,2970.19,2993.45,1.9786,155937611.0,435092587200.0,tencent
2025-10-20,899050,北证50,1447.59,1456.07,1423.18,1429.28,-0.25,613179292.0,13886000000.000002,csindex
2025-10-21,000001,上证指数,3870.75,3919.32,3868.15,3916.33,1.36,59941571300.0,837937999999.9999,csindex
2025-10-21,000300,沪深300,4556.12,4615.46,4547.93,4607.87,1.53,21571117500.0,551390000000.0,csindex
2025-10-21,000688,科创50,1374.98,1410.07,1368.01,1406.32,2.81,951331300.0,76300000000.0,csindex
2025-10-21,000852,中证1000,7257.11,7350.92,7236.63,7344.05,1.45,23725016500.0,348159000000.0,csindex
2025-10-21,399001,深证成指,12880.17,13100.08,12848.32,13077.32,2.0612,635613699.55,1035955935699.9999,tencent
2025-10-21,399006,创业板指,3017.77,3101.93,2994.76,3083.72,3.0156,172028506.0,475632220600.0,tencent
2025-10-21,899050,北证50,1435.37,1458.63,1424.4,1458.42,2.04,860833024.0,18992000000.0,csindex
2025-10-22,000001,上证指数,3896.07,3918.59,3893.33,3913.76,-0.07,54311734400.0,741525000000.0,csindex
2025-10-22,000300,沪深300,4576.03,4603.49,4567.24,4592.57,-0.33,18533396000.0,440935000000.00006,csindex
2025-10-22,000688,科创50,1392.59,1424.23,1380.98,1405.41,-0.06,816675700.0,70473000000.0,csindex
2025-10-22,000852,中证1000,7304.96,7349.8,7278.71,7312.21,-0.43,22732450300.0,332181000000.0,csindex
2025-10-22,399001,深证成指,12985.96,13078.64,12932.01,12996.61,-0.6172,593388177.82,926331521700.0,tencent
2025-10-22,399006,创业板指,3061.27,3089.76,3044.04,3059.32,-0.7913,158313410.0,412989919700.0,tencent
2025-10-22,899050,北证50,1454.75,1490.27,1453.46,1471.07,0.87,955969995.0,22651000000.0,csindex
2025-10-23,000001,上证指数,3904.16,3926.22,3877.53,3922.41,0.22,56518926400.0,718931000000.0,csindex
2025-10-23,000300,沪深300,4578.7,4611.34,4541.69,4606.34,0.3,20046391700.0,420800000000.0,csindex
2025-10-23,000688,科创50,1396.09,1403.94,1375.75,1401.26,-0.3,777447300.0,55402000000.0,csindex
2025-10-23,000852,中证1000,7292.39,7319.55,7192.42,7308.1,-0.06,23156897600.0,328575000000.0,csindex
2025-10-23,399001,深证成指,12959.42,13042.34,12803.86,13025.45,0.2219,614713854.2,924978490000.0,tencent
2025-10-23,399006,创业板指,3050.74,3066.46,3003.34,3062.16,0.0928,162399491.0,404538353000.0,tencent
2025-10-23,899050,北证50,1464.89,1469.17,1440.23,1455.37,-1.07,749742762.0,17025000000.0,csindex
2025-10-24,000001,上证指数,3929.12,3950.31,3928.96,3950.31,0.71,56785844300.0,858491000000.0,csindex
2025-10-24,000300,沪深300,4622.79,4660.68,4622.79,4660.68,1.18,20881448300.0,551987000000.0,csindex
2025-10-24,000688,科创50,1421.21,1466.85,1416.46,1462.22,4.35,1081786200.0,98926000000.0,csindex
2025-10-24,000852,中证1000,7340.67,7419.41,7340.67,7419.24,1.52,24555995300.0,397473000000.0,csindex
2025-10-24,399001,深证成指,13091.34,13289.18,13091.34,13289.18,2.0247,652544989.22,1115717842800.0,tencent
2025-10-24,399006,创业板指,3087.63,3171.57,3082.06,3171.57,3.573,183073810.0,526377356900.0,tencent
2025-10-24,899050,北证50,1464.31,1474.12,1464.2,1472.08,1.15,751763368.0,17596000000.0,csindex
2025-10-27,000001,上证指数,3969.22,3999.07,3963.1,3996.94,1.18,63758954500.0,1043404000000.0001,csindex
2025-10-27,000300,沪深300,4699.38,4720.43,4687.69,4716.02,1.19,26220067400.0,672670000000.0,csindex
2025-10-27,000688,科创50,1489.66,1491.11,1457.65,1484.21,1.5,1320700300.0,107029000000.0,csindex
2025-10-27,000852,中证1000,7483.3,7511.41,7430.62,7495.38,1.03,26534474900.0,458170000000.0,csindex
2025-10-27,399001,深证成指,13448.92,13510.71,13346.81,13489.4,1.5066,724022532.32,1296727492300.0,tencent
2025-10-27,399006,创业板指,3227.18,3241.95,3179.62,3234.45,1.9826,207256404.0,611718604900.0,tencent
2025-10-27,899050,北证50,1481.26,1484.16,1465.18,1469.15,-0.2,700046372.0,16666999999.999998,csindex
2025-10-28,000001,上证指数,3986.89,4010.73,3976.83,3988.22,-0.22,57735768400.0,940761000000.0,csindex
2025-10-28,000300,沪深300,4697.73,4734.32,4679.23,4691.97,-0.51,22090664500.0,571563000000.0,csindex
2025-10-28,000688,科创50,1470.48,1496.06,1463.46,1471.73,-0.84,1085480600.0,87813000000.0,csindex
2025-10-28,000852,中证1000,7462.91,7534.05,7443.7,7479.22,-0.22,25180424900.0,431016000000.0,csindex
2025-10-28,399001,深证成指,13411.67,13572.9,13375.32,13430.1,-0.4396,682532175.91,1207098813700.0,tencent
2025-10-28,399006,创业板指,3205.44,3282.33,3205.05,3229.58,-0.1506,201432398.0,569336706000.0,tencent
2025-10-28,899050,北证50,1469.5,1472.49,1450.47,1451.57,-1.2,767426272.0,17668000000.0,csindex
2025-10-29,000001,上证指数,3990.27,4016.33,3986.94,4016.33,0.7,61291746600.0,968216000000.0,csindex
2025-10-29,000300,沪深300,4701.04,4747.84,4697.27,4747.84,1.19,24621132400.0,645899000000.0,csindex
2025-10-29,000688,科创50,1466.44,1495.38,1465.31,1489.12,1.18,1266585900.0,86154000000.0,csindex
2025-10-29,000852,中证1000,7481.24,7569.12,7469.07,7569.12,1.2,26584612900.0,439162000000.0,csindex
2025-10-29,399001,深证成指,13484.01,13691.38,13475.65,13691.38,1.9455,730709746.09,1287814408500.0,tencent
2025-10-29,399006,创业板指,3263.98,3324.27,3258.69,3324.27,2.932,207178367.0,616645544500.0,tencent
2025-10-29,899050,北证50,1455.57,1578.31,1439.48,1573.71,8.41,1475357872.0,34900000000.0,csindex
2025-10-30,000001,上证指数,4007.82,4025.7,3984.83,3986.9,-0.73,66848560900.0,1070059000000.0,csindex
2025-10-30,000300,沪深300,4735.98,4761.83,4706.45,4709.91,-0.8,27328911800.0,719956000000.0,csindex
2025-10-30,000688,科创50,1485.94,1494.4,1461.3,1461.3,-1.87,1358141800.0,98812000000.0,csindex
2025-10-30,000852,中证1000,7560.6,7569.16,7476.7,7485.08,-1.11,29738526900.0,478507000000.0,csindex
2025-10-30,399001,深证成指,13661.61,13700.25,13509.24,13532.13,-1.1631,773249172.62,1351618220900.0,tencent
2025-10-30,399006,创业板指,3313.79,3331.86,3259.21,3263.02,-1.8425,217610201.0,641418557100.0,tencent
2025-10-30,899050,北证50,1561.25,1616.38,1553.32,1553.32,-1.29,1705298302.0,42899000000.0,csindex
2025-10-31,000001,上证指数,3985.06,3986.74,3951.73,3954.79,-0.81,67561540600.0,1031104999999.9999,csindex
2025-10-31,000300,沪深300,4702.49,4706.14,4640.67,4640.67,-1.47,28146474000.0,680712000000.0,csindex
2025-10-31,000688,科创50,1451.06,1452.24,1415.53,1415.53,-3.13,1407525200.0,94951000000.0,csindex
2025-10-31,000852,中证1000,7480.66,7583.03,7480.66,7506.67,0.29,29974520600.0,475588000000.0,csindex
2025-10-31,399001,深证成指,13517.17,13618.15,13378.21,13378.21,-1.1374,745760929.04,1286687778000.0,tencent
2025-10-31,399006,创业板指,3260.26,3281.66,3187.53,3187.53,-2.3135,213475247.0,591529403300.0,tencent
2025-10-31,899050,北证50,1552.48,1618.27,1547.18,1582.71,1.89,1298655669.0,32323000000.0,csindex
2025-11-03,000001,上证指数,3954.08,3977.31,3937.02,3976.52,0.55,64124594500.0,941704000000.0001,csindex
2025-11-03,000300,沪深300,4636.73,4653.4,4595.73,4653.4,0.27,23986980900.0,557603000000.0,csindex
2025-11-03,000688,科创50,1403.46,1406.01,1372.25,1400.86,-1.04,1343344200.0,77516000000.0,csindex
2025-11-03,000852,中证1000,7507.37,7539.33,7417.27,7538.12,0.42,27824170500.0,432422999999.99994,csindex
2025-11-03,399001,深证成指,13364.42,13404.06,13158.31,13404.06,0.1932,716885878.21,1165427053000.0,tencent
2025-11-03,399006,创业板指,3179.3,3199.4,3120.85,3196.87,0.293,208981991.0,535801515300.0,tencent
2025-11-03,899050,北证50,1578.21,1601.6,1562.68,1567.23,-0.98,1053364716.0,26027999999.999996,csindex
2025-11-04,000001,上证指数,3973.46,3985.88,3938.52,3960.19,-0.41,61549379200.0,852937999999.9999,csindex
2025-11-04,000300,沪深300,4649.35,4665.32,4595.07,4618.7,-0.75,23322403200.0,505178000000.0,csindex
2025-11-04,000688,科创50,1406.86,1415.73,1378.64,1387.24,-0.97,1078230200.0,68382000000.00001,csindex
2025-11-04,000852,中证1000,7523.64,7523.64,7387.38,7435.73,-1.36,25167741300.0,381679000000.0,csindex
2025-11-04,399001,深证成指,13373.55,13399.92,13094.21,13175.22,-1.7072,682919687.04,1062819659000.0,tencent
2025-11-04,399006,创业板指,3190.4,3207.1,3111.02,3134.09,-1.9638,191439663.0,476816600400.0,tencent
2025-11-04,899050,北证50,1562.33,1563.84,1512.97,1528.79,-2.45,957663697.0,22948000000.0,csindex
2025-11-05,000001,上证指数,3922.58,3979.75,3922.58,3969.25,0.23,61499161800.0,827134000000.0,csindex
2025-11-05,000300,沪深300,4562.11,4642.61,4558.76,4627.26,0.19,20304587100.0,468360999999.99994,csindex
2025-11-05,000688,科创50,1355.72,1398.37,1355.72,1390.39,0.23,1180566100.0,62704999999.99999,csindex
2025-11-05,000852,中证1000,7332.1,7490.9,7332.1,7464.86,0.39,25854817800.0,373352000000.0,csindex
2025-11-05,399001,深证成指,12953.84,13273.24,12953.84,13223.56,0.3669,702201489.22,1045207672200.0,tencent
2025-11-05,399006,创业板指,3068.95,3179.93,3068.95,3166.23,1.0255,200008334.0,473630640400.0,tencent
2025-11-05,899050,北证50,1504.21,1539.78,1502.45,1525.57,-0.21,1006119253.0,22214000000.0,csindex
2025-11-06,000001,上证指数,3973.35,4008.8,3973.35,4007.76,0.97,62736754700.0,930276000000.0,csindex
2025-11-06,000300,沪深300,4642.01,4698.09,4642.01,4693.4,1.43,22424100800.0,553642000000.0,csindex
2025-11-06,000688,科创50,1405.15,1442.81,1403.07,1436.86,3.34,1370438500.0,90992000000.0,csindex
2025-11-06,000852,中证1000,7482.91,7551.83,7466.75,7551.83,1.17,26361295900.0,405169000000.0,csindex
2025-11-06,399001,深证成指,13272.47,13468.4,13272.47,13452.42,1.7307,708963302.71,1124972130200.0,tencent
2025-11-06,399006,创业板指,3185.13,3236.68,3177.6,3224.62,1.8441,195826587.0,501171180900.00006,tencent
2025-11-06,899050,北证50,1527.13,1530.25,1511.0,1519.81,-0.38,925816917.0,20912000000.0,csindex
2025-11-07,000001,上证指数,3994.32,4012.01,3993.69,3997.56,-0.25,59650703400.0,875487000000.0001,csindex
2025-11-07,000300,沪深300,4673.76,4701.37,4666.04,4678.79,-0.31,21249737700.0,507574000000.0,csindex
2025-11-07,000688,科创50,1420.23,1434.39,1414.47,1415.69,-1.47,1319918500.0,64751000000.0,csindex
2025-11-07,000852,中证1000,7519.75,7581.56,7492.93,7541.88,-0.13,26788866400.0,419610999999.99994,csindex
2025-11-07,399001,深证成指,13380.35,13496.7,13322.61,13404.06,-0.3595,700567747.1,1123566510500.0,tencent
2025-11-07,399006,创业板指,3201.26,3240.35,3178.8,3208.21,-0.5089,199442356.0,498517531300.0,tencent
2025-11-07,899050,北证50,1517.16,1540.73,1510.04,1522.73,0.19,979267074.0,21490000000.0,csindex
2025-11-10,000001,上证指数,4001.79,4018.7,3990.84,4018.6,0.53,63404999300.0,960589000000.0,csindex
2025-11-10,000300,沪深300,4688.12,4695.18,4654.21,4695.05,0.35,23602676400.0,593977000000.0,csindex
2025-11-10,000688,科创50,1422.32,1431.77,1389.77,1407.56,-0.57,1344762300.0,72773000000.0,csindex
2025-11-10,000852,中证1000,7568.75,7592.76,7515.68,7563.25,0.28,27436131700.0,433797999999.99994,csindex
2025-11-10,399001,深证成指,13453.37,13502.16,13306.66,13427.61,0.1757,757097253.85,1213865329700.0,tencent
2025-11-10,399006,创业板指,3221.93,3236.61,3138.3,3178.83,-0.9158,205337561.0,518899316800.0,tencent
2025-11-10,899050,北证50,1525.09,1528.99,1509.83,1512.52,-0.67,952043502.0,20176000000.0,csindex
2025-11-11,000001,上证指数,4023.88,4024.94,3991.52,4002.76,-0.39,58199492100.0,858362000000.0001,csindex
2025-11-11,000300,沪深300,4706.34,4707.13,4648.49,4652.17,-0.91,18663885800.0,477629000000.0,csindex
2025-11-11,000688,科创50,1416.86,1423.68,1385.07,1387.53,-1.42,1175212700.0,64848000000.0,csindex
2025-11-11,000852,中证1000,7579.91,7598.99,7530.14,7540.79,-0.3,26525073100.0,404867000000.0,csindex
2025-11-11,399001,深证成指,13476.25,13493.17,13271.67,13289.0,-1.0323,733580236.48,1135223894900.0,tencent
2025-11-11,399006,创业板指,3197.12,3209.89,3130.58,3134.32,-1.4002,203102230.0,506695096000.0,tencent
2025-11-11,899050,北证50,1515.61,1518.4,1494.13,1497.14,-1.02,953402578.0,20479000000.0,csindex
2025-11-12,000001,上证指数,3996.56,4020.38,3980.68,4000.14,-0.07,58619322800.0,840467000000.0,csindex
2025-11-12,000300,沪深300,4643.56,4669.61,4620.99,4645.91,-0.13,20946059200.0,492309000000.0,csindex
2025-11-12,000688,科创50,1377.15,1388.51,1362.38,1379.45,-0.58,1272404100.0,61853000000.0,csindex
2025-11-12,000852,中证1000,7520.18,7537.76,7421.46,7486.38,-0.72,26696336300.0,390482000000.0,csindex
2025-11-12,399001,深证成指,13240.7,13312.53,13120.71,13240.62,-0.3641,731002669.68,1104567011900.0,tencent
2025-11-12,399006,创业板指,3122.58,3137.58,3078.64,3122.03,-0.3921,199842484.0,487834671000.0,tencent
2025-11-12,899050,北证50,1494.52,1495.39,1471.95,1490.63,-0.43,913252863.0,19914000000.0,csindex
2025-11-13,000001,上证指数,3996.51,4030.4,3994.77,4029.5,0.73,61303106100.0,876401000000.0,csindex
2025-11-13,000300,沪深300,4643.79,4703.49,4643.79,4702.07,1.21,20736747400.0,510060999999.99994,csindex
2025-11-13,000688,科创50,1376.37,1404.63,1373.49,1399.29,1.44,1211163000.0,62760000000.0,csindex
2025-11-13,000852,中证1000,7483.66,7604.89,7475.51,7590.58,1.39,27563607300.0,420596000000.0,csindex
2025-11-13,399001,深证成指,13228.5,13488.63,13222.78,13476.52,1.7816,748084542.32,1165561187900.0,tencent
2025-11-13,399006,创业板指,3119.09,3209.7,3107.62,3201.75,2.5535,206383934.0,522922954500.0,tencent
2025-11-13,899050,北证50,1497.21,1545.16,1496.32,1529.62,2.61,1089923884.0,23866000000.0,csindex
2025-11-14,000001,上证指数,4007.13,4034.08,3990.31,3990.49,-0.97,62201711800.0,837970000000.0001,csindex
2025-11-14,000300,沪深300,4663.32,4684.26,4628.02,4628.14,-1.57,19209267600.0,444720000000.0,csindex
2025-11-14,000688,科创50,1379.44,1390.62,1361.23,1361.23,-2.72,1152590000.0,61291999999.99999,csindex
2025-11-14,000852,中证1000,7527.83,7591.32,7502.76,7502.76,-1.16,27197278300.0,406293000000.0,csindex
2025-11-14,399001,深证成指,13323.45,13394.06,13216.03,13216.03,-1.9329,769416240.36,1120109421300.0,tencent
2025-11-14,399006,创业板指,3145.92,3167.11,3111.51,3111.51,-2.8185,209983125.0,487920567800.0,tencent
2025-11-14,899050,北证50,1517.33,1536.49,1511.9,1514.2,-1.01,997151569.0,22462000000.0,csindex
2025-11-17,000001,上证指数,3988.56,3992.4,3958.95,3972.03,-0.46,59201795000.0,805733000000.0,csindex
2025-11-17,000300,沪深300,4616.81,4624.9,4580.26,4598.05,-0.65,18895546600.0,438939999999.99994,csindex
2025-11-17,000688,科创50,1363.48,1377.55,1344.91,1354.04,-0.53,1130595500.0,59541999999.99999,csindex
2025-11-17,000852,中证1000,7514.84,7544.72,7487.81,7523.08,0.27,26115611800.0,391318000000.0,csindex
2025-11-17,399001,深证成指,13200.54,13251.78,13137.28,13202.0,-0.1062,748687700.69,1105057953100.0,tencent
2025-11-17,399006,创业板指,3097.34,3120.73,3082.23,3105.2,-0.2028,213074768.0,486643595900.00006,tencent
2025-11-17,899050,北证50,1514.47,1530.7,1503.32,1526.46,0.81,871733780.0,19678000000.0,csindex
2025-11-18,000001,上证指数,3962.44,3966.89,3926.59,3939.81,-0.81,59441104600.0,790949000000.0,csindex
2025-11-18,000300,沪深300,4584.79,4606.62,4552.8,4568.19,-0.65,17771318500.0,420150000000.0,csindex
2025-11-18,000688,科创50,1350.51,1374.03,1348.1,1357.93,0.29,1153598500.0,61224000000.0,csindex
2025-11-18,000852,中证1000,7508.53,7521.66,7412.28,7448.1,-1.0,27748040900.0,418064999999.99994,csindex
2025-11-18,399001,深证成指,13161.7,13223.12,13022.44,13080.49,-0.9204,788847182.7,1135119123800.0,tencent
2025-11-18,399006,创业板指,3089.38,3115.31,3052.64,3069.22,-1.1587,224288955.0,501566746500.0,tencent
2025-11-18,899050,北证50,1522.62,1531.47,1478.08,1481.82,-2.92,892260620.0,20102000000.0,csindex
2025-11-19,000001,上证指数,3937.92,3960.05,3930.07,3946.74,0.18,53114960100.0,720909000000.0,csindex
2025-11-19,000300,沪深300,4568.04,4607.86,4568.04,4588.29,0.44,17292497400.0,385230000000.0,csindex
2025-11-19,000688,科创50,1355.13,1363.86,1338.45,1344.8,-0.97,900613000.0,45505000000.0,csindex
2025-11-19,000852,中证1000,7438.14,7471.73,7348.04,7387.21,-0.82,23839382000.0,367173000000.0,csindex
2025-11-19,399001,深证成指,13071.94,13164.97,13009.01,13080.09,-0.0031,695235913.76,1004999694800.0,tencent
2025-11-19,399006,创业板指,3065.17,3113.22,3061.96,3076.85,0.2486,209978109.0,455663420200.00006,tencent
2025-11-19,899050,北证50,1479.93,1491.17,1454.92,1461.12,-1.4,788657765.0,16938000000.0,csindex
2025-11-20,000001,上证指数,3960.7,3967.97,3927.51,3931.05,-0.4,53474954000.0,711341000000.0,csindex
2025-11-20,000300,沪深300,4619.54,4620.65,4560.18,4564.95,-0.51,19456259300.0,415064999999.99994,csindex
2025-11-20,000688,科创50,1362.85,1364.48,1327.29,1328.19,-1.24,774703900.0,43745000000.0,csindex
2025-11-20,000852,中证1000,7429.7,7439.04,7332.32,7340.41,-0.63,22753609000.0,356712000000.0,csindex
2025-11-20,399001,深证成指,13215.07,13226.04,12970.56,12980.82,-0.7589,673147680.58,996847443300.0,tencent
2025-11-20,399006,创业板指,3131.84,3137.07,3039.38,3042.34,-1.1216,194502677.0,445180401100.0,tencent
2025-11-20,899050,北证50,1467.8,1481.21,1445.3,1445.54,-1.07,691768903.0,14610000000.0,csindex
2025-11-21,000001,上证指数,3896.66,3912.01,3834.75,3834.89,-2.45,63164625100.0,824931000000.0,csindex
2025-11-21,000300,沪深300,4513.39,4527.04,4453.18,4453.61,-2.44,22285101300.0,481296000000.0,csindex
2025-11-21,000688,科创50,1300.48,1311.32,1282.45,1285.83,-3.19,1007064900.0,56029999999.99999,csindex
2025-11-21,000852,中证1000,7235.33,7274.33,7067.7,7067.7,-3.72,28480069000.0,408672000000.0,csindex
2025-11-21,399001,深证成指,12752.72,12812.38,12538.07,12538.07,-3.4108,811578932.77,1140729557300.0,tencent
2025-11-21,399006,创业板指,2979.37,2996.79,2920.04,2920.08,-4.0186,246486373.0,530102715000.0,tencent
2025-11-21,899050,北证50,1428.36,1438.53,1376.85,1377.39,-4.71,866446864.0,18245000000.0,csindex
2025-11-24,000001,上证指数,3848.66,3854.33,3816.58,3836.77,0.05,50460171600.0,715539000000.0,csindex
2025-11-24,000300,沪深300,4473.16,4478.81,4421.81,4448.05,-0.12,18583372900.0,425807000000.0,csindex
2025-11-24,000688,科创50,1295.88,1306.04,1273.49,1296.6,0.84,881365300.0,50827000000.0,csindex
2025-11-24,000852,中证1000,7105.64,7190.72,7064.6,7156.41,1.26,24065506200.0,368993000000.0,csindex
2025-11-24,399001,深证成指,12605.13,12655.29,12448.32,12585.08,0.3749,689953294.24,1012234281700.0,tencent
2025-11-24,399006,创业板指,2946.46,2951.43,2892.27,2929.04,0.3068,219085909.0,476216236200.0,tencent
2025-11-24,899050,北证50,1389.51,1397.9,1375.04,1386.04,0.63,601474004.0,12800000000.0,csindex
2025-11-25,000001,上证指数,3850.57,3882.03,3845.14,3870.02,0.87,47872761100.0,722789000000.0,csindex
2025-11-25,000300,沪深300,4475.84,4510.77,4467.35,4490.4,0.95,16957192900.0,411524000000.0,csindex
2025-11-25,000688,科创50,1309.67,1323.21,1298.85,1302.17,0.43,827302300.0,52735000000.0,csindex
2025-11-25,000852,中证1000,7195.1,7311.73,7194.77,7249.95,1.31,24542942900.0,404174000000.0,csindex
2025-11-25,399001,深证成指,12692.09,12882.81,12684.29,12777.31,1.5274,699842030.79,1089358574500.0,tencent
2025-11-25,399006,创业板指,2970.73,3027.83,2961.93,2980.93,1.7716,228087380.0,522454800200.00006,tencent
2025-11-25,899050,北证50,1396.45,1414.39,1392.7,1396.83,0.78,636171993.0,14172999999.999998,csindex
2025-11-26,000001,上证指数,3867.43,3879.92,3861.18,3864.18,-0.15,45758975500.0,701020000000.0,csindex
2025-11-26,000300,沪深300,4490.2,4538.14,4485.7,4517.63,0.61,15620036800.0,427360999999.99994,csindex
2025-11-26,000688,科创50,1296.46,1327.54,1293.18,1315.04,0.99,781582700.0,57576000000.0,csindex
2025-11-26,000852,中证1000,7236.66,7307.2,7225.09,7248.45,-0.02,23177682400.0,376964000000.0,csindex
2025-11-26,399001,深证成指,12769.93,13012.33,12749.02,12907.83,1.0215,686733778.09,1082326611500.0,tencent
2025-11-26,399006,创业板指,2976.7,3081.49,2962.99,3044.69,2.1389,212833213.0,523599027200.0,tencent
2025-11-26,899050,北证50,1404.64,1405.55,1386.37,1391.0,-0.42,633264995.0,14009000000.0,csindex
2025-11-27,000001,上证指数,3867.2,3895.59,3864.13,3875.26,0.29,44402194700.0,698519000000.0,csindex
2025-11-27,000300,沪深300,4520.01,4559.22,4509.86,4515.4,-0.05,15031177200.0,417789999999.99994,csindex
2025-11-27,000688,科创50,1325.85,1351.44,1308.85,1310.7,-0.33,803048900.0,61810000000.0,csindex
2025-11-27,000852,中证1000,7243.71,7330.6,7243.71,7257.45,0.12,21127741200.0,365626000000.0,csindex
2025-11-27,399001,深证成指,12903.91,13082.77,12863.26,12875.2,-0.2528,637558377.39,1011274506700.0,tencent
2025-11-27,399006,创业板指,3041.2,3113.44,3027.31,3031.3,-0.4398,195142886.0,494734769099.99994,tencent
2025-11-27,899050,北证50,1387.2,1405.86,1381.69,1382.31,-0.62,602508779.0,13524000000.0,csindex
2025-11-28,000001,上证指数,3870.94,3888.89,3856.25,3888.6,0.34,44993197300.0,645756000000.0,csindex
2025-11-28,000300,沪深300,4511.5,4531.72,4492.43,4526.66,0.25,14290209600.0,341832000000.0,csindex
2025-11-28,000688,科创50,1307.96,1329.33,1303.2,1327.15,1.25,882469200.0,49577000000.0,csindex
2025-11-28,000852,中证1000,7257.17,7334.21,7239.85,7334.21,1.06,20068050800.0,342185000000.0,csindex
2025-11-28,399001,深证成指,12869.66,13000.07,12834.09,12984.08,0.8457,611391068.92,940040409300.0001,tencent
2025-11-28,399006,创业板指,3029.98,3067.76,3013.49,3052.59,0.7023,187381791.0,456720531100.0,tencent
2025-11-28,899050,北证50,1386.34,1391.06,1379.06,1387.7,0.39,562665470.0,12064000000.0,csindex
2025-12-01,000001,上证指数,3894.21,3914.46,3890.95,3914.01,0.65,53755413300.0,785658000000.0,csindex
2025-12-01,000300,沪深300,4539.19,4576.97,4531.29,4576.49,1.1,20038231700.0,463862000000.0,csindex
2025-12-01,000688,科创50,1329.42,1341.95,1310.42,1336.76,0.72,1119198600.0,65492999999.99999,csindex
2025-12-01,000852,中证1000,7356.51,7388.62,7342.6,7386.68,0.72,23441158300.0,392320000000.0,csindex
2025-12-01,399001,深证成指,13038.16,13149.4,12993.89,13146.72,1.2526,694440764.3,1088279479800.0,tencent
2025-12-01,399006,创业板指,3060.56,3093.96,3037.69,3092.5,1.3074,210082058.0,518300906300.0,tencent
2025-12-01,899050,北证50,1390.9,1417.31,1386.78,1408.79,1.52,696379867.0,15605000000.000002,csindex
2025-12-02,000001,上证指数,3908.46,3908.77,3888.33,3897.71,-0.42,45558449400.0,627441000000.0,csindex
2025-12-02,000300,沪深300,4571.91,4575.49,4539.43,4554.33,-0.48,14849313200.0,364366000000.0,csindex
2025-12-02,000688,科创50,1334.0,1335.75,1315.46,1320.16,-1.24,762146400.0,47079000000.0,csindex
2025-12-02,000852,中证1000,7364.2,7364.2,7299.27,7313.18,-1.0,20051247700.0,320219000000.0,csindex
2025-12-02,399001,深证成指,13130.07,13132.81,13011.11,13056.7,-0.6847,643851126.07,965989590300.0,tencent
2025-12-02,399006,创业板指,3091.37,3094.18,3056.36,3071.15,-0.6904,192465241.0,447296232200.0,tencent
2025-12-02,899050,北证50,1409.08,1415.22,1397.09,1398.13,-0.76,599791631.0,13944999999.999998,csindex
2025-12-03,000001,上证指数,3894.16,3901.7,3869.95,3878.0,-0.51,48561727000.0,647167000000.0,csindex
2025-12-03,000300,沪深300,4554.59,4569.82,4523.5,4531.05,-0.51,16976279000.0,374486000000.0,csindex
2025-12-03,000688,科创50,1317.58,1324.71,1303.34,1308.37,-0.89,702705800.0,43255000000.0,csindex
2025-12-03,000852,中证1000,7312.67,7324.21,7220.98,7248.27,-0.89,21463340000.0,335034000000.0,csindex
2025-12-03,399001,深证成指,13071.16,13126.67,12922.67,12955.25,-0.777,691706046.69,1022795744700.0,tencent
2025-12-03,399006,创业板指,3078.86,3105.3,3028.7,3036.79,-1.1188,195851910.0,466296756300.0,tencent
2025-12-03,899050,北证50,1401.22,1417.17,1390.68,1392.49,-0.4,605658846.0,13731000000.0,csindex
2025-12-04,000001,上证指数,3879.74,3888.86,3859.05,3875.79,-0.06,44504029000.0,623713000000.0,csindex
2025-12-04,000300,沪深300,4533.6,4557.42,4514.19,4546.57,0.34,14719811000.0,348767000000.0,csindex
2025-12-04,000688,科创50,1303.99,1326.23,1294.76,1326.16,1.36,677877100.0,48748000000.0,csindex
2025-12-04,000852,中证1000,7246.86,7269.9,7185.91,7248.66,0.01,19483925400.0,311316000000.0,csindex
2025-12-04,399001,深证成指,12957.8,13042.96,12881.56,13006.72,0.3973,634198084.2,925247252300.0,tencent
2025-12-04,399006,创业板指,3037.05,3075.46,3016.58,3067.48,1.0106,175615636.0,411728074700.0,tencent
2025-12-04,899050,北证50,1396.04,1401.59,1386.11,1387.29,-0.37,573564575.0,12808000000.000002,csindex
2025-12-05,000001,上证指数,3873.12,3907.78,3863.31,3902.81,0.7,50036876800.0,716742000000.0,csindex
2025-12-05,000300,沪深300,4547.91,4593.83,4535.02,4584.54,0.84,19679996800.0,412147000000.0,csindex
2025-12-05,000688,科创50,1319.72,1330.59,1303.72,1326.1,0.0,709168600.0,49821000000.0,csindex
2025-12-05,000852,中证1000,7244.28,7347.0,7194.66,7342.49,1.29,21572766300.0,352806000000.0,csindex
2025-12-05,399001,深证成指,13020.29,13164.48,12938.35,13147.68,1.0837,669303064.88,1009028858300.0,tencent
2025-12-05,399006,创业板指,3084.22,3115.81,3048.94,3109.3,1.3633,188484887.0,471739553200.0,tencent
2025-12-05,899050,北证50,1387.21,1410.33,1382.17,1408.34,1.52,593638635.0,13294000000.0,csindex
2025-12-08,000001,上证指数,3909.23,3936.31,3904.74,3924.08,0.54,54734978900.0,839439000000.0,csindex
2025-12-08,000300,沪深300,4593.14,4640.63,4592.74,4621.75,0.81,19962099000.0,496716000000.0,csindex
2025-12-08,000688,科创50,1325.97,1360.71,1325.74,1350.8,1.86,831105000.0,63952000000.0,csindex
2025-12-08,000852,中证1000,7359.49,7446.19,7359.49,7423.05,1.1,24091899500.0,418475000000.0,csindex
2025-12-08,399001,深证成指,13178.96,13389.67,13178.96,13329.99,1.3866,729089825.35,1197207361400.0,tencent
2025-12-08,399006,创业板指,3119.15,3214.48,3119.15,3190.27,2.6041,211907775.0,581821165900.0,tencent
2025-12-08,899050,北证50,1416.09,1432.92,1412.35,1426.25,1.27,635965574.0,15097999999.999998,csindex
2025-12-09,000001,上证指数,3916.51,3923.9,3902.13,3909.52,-0.37,52453825600.0,781160000000.0,csindex
2025-12-09,000300,沪深300,4611.38,4628.7,4584.25,4598.22,-0.51,18416034400.0,452114000000.00006,csindex
2025-12-09,000688,科创50,1338.85,1358.9,1337.32,1347.11,-0.27,705705700.0,54819000000.00001,csindex
2025-12-09,000852,中证1000,7400.93,7439.55,7370.3,7380.58,-0.57,22849142800.0,392313000000.0,csindex
2025-12-09,399001,深证成指,13295.62,13398.25,13227.77,13277.36,-0.3948,688045902.08,1122792903300.0,tencent
2025-12-09,399006,创业板指,3183.61,3235.54,3175.51,3209.6,0.6059,194117870.0,528106023600.0,tencent
2025-12-09,899050,北证50,1421.11,1421.11,1401.67,1401.73,-1.72,615019914.0,13916000000.0,csindex
2025-12-10,000001,上证指数,3901.13,3906.12,3876.47,3900.5,-0.23,49733150400.0,730360000000.0,csindex
2025-12-10,000300,沪深300,4586.25,4598.54,4549.08,4591.83,-0.14,16911110600.0,401453000000.0,csindex
2025-12-10,000688,科创50,1337.52,1350.65,1317.71,1346.7,-0.03,827364000.0,55357000000.00001,csindex
2025-12-10,000852,中证1000,7367.49,7421.42,7332.05,7408.24,0.37,21561113400.0,360245000000.0,csindex
2025-12-10,399001,深证成指,13251.27,13344.85,13126.21,13316.42,0.2942,676290971.23,1048145055500.0,tencent
2025-12-10,399006,创业板指,3201.38,3220.24,3143.41,3209.0,-0.0187,185507666.0,489058569200.0,tencent
2025-12-10,899050,北证50,1397.01,1399.25,1373.99,1389.8,-0.85,607974936.0,13276000000.0,csindex
2025-12-11,000001,上证指数,3903.89,3904.96,3862.82,3873.32,-0.7,52565860000.0,764350000000.0,csindex
2025-12-11,000300,沪深300,4597.19,4610.28,4547.14,4552.18,-0.86,16841940500.0,432431000000.00006,csindex
2025-12-11,000688,科创50,1349.67,1350.87,1325.83,1325.83,-1.55,812499600.0,53240000000.0,csindex
2025-12-11,000852,中证1000,7421.79,7425.44,7312.0,7312.0,-1.3,23402087300.0,381934000000.0,csindex
2025-12-11,399001,深证成指,13333.29,13388.26,13147.39,13147.39,-1.2693,705369906.97,1092762489900.0,tencent
2025-12-11,399006,创业板指,3210.55,3246.32,3163.67,3163.67,-1.4126,194039411.0,513225393000.0,tencent
2025-12-11,899050,北证50,1393.32,1482.59,1382.01,1443.17,3.84,1288664991.0,28293000000.0,csindex
2025-12-12,000001,上证指数,3869.41,3891.81,3850.6,3889.35,0.41,57394713000.0,909951000000.0,csindex
2025-12-12,000300,沪深300,4558.74,4583.68,4530.78,4580.95,0.63,21282652000.0,523863000000.0,csindex
2025-12-12,000688,科创50,1324.3,1351.56,1314.01,1348.88,1.74,1218971100.0,83866000000.0,csindex
2025-12-12,000852,中证1000,7312.87,7384.85,7284.56,7370.94,0.81,24352518300.0,422779000000.0,csindex
2025-12-12,399001,深证成指,13174.45,13284.27,13085.42,13258.33,0.8438,700998215.3,1182255359700.0,tencent
2025-12-12,399006,创业板指,3172.73,3203.25,3137.63,3194.36,0.9701,202785453.0,560158751400.0,tencent
2025-12-12,899050,北证50,1434.11,1477.11,1415.8,1447.69,0.31,1132605358.0,26945999999.999996,csindex
2025-12-15,000001,上证指数,3865.4,3896.98,3863.63,3867.92,-0.55,50092279000.0,764605000000.0,csindex
2025-12-15,000300,沪深300,4550.0,4595.05,4548.44,4552.06,-0.63,16758996700.0,424383000000.0,csindex
2025-12-15,000688,科创50,1333.36,1343.78,1318.53,1318.91,-2.22,847012000.0,58346000000.0,csindex
2025-12-15,000852,中证1000,7324.48,7375.61,7305.83,7309.08,-0.84,22095769700.0,372659000000.0,csindex
2025-12-15,399001,深证成指,13150.43,13244.03,13111.38,13112.09,-1.103,627285731.27,1008834668199.9999,tencent
2025-12-15,399006,创业板指,3157.32,3184.62,3135.66,3137.8,-1.7706,180673480.0,466792575100.0,tencent
2025-12-15,899050,北证50,1443.07,1453.83,1430.17,1431.95,-1.09,902507103.0,21093000000.0,csindex
2025-12-16,000001,上证指数,3861.51,3862.43,3815.84,3824.81,-1.11,51249482700.0,733294000000.0,csindex
2025-12-16,000300,沪深300,4542.42,4553.08,4484.27,4497.55,-1.2,16516520100.0,390500000000.0,csindex
2025-12-16,000688,科创50,1313.53,1317.15,1286.25,1293.38,-1.94,733072600.0,47152000000.0,csindex
2025-12-16,000852,中证1000,7302.16,7302.16,7143.61,7181.62,-1.74,23052600700.0,361622000000.0,csindex
2025-12-16,399001,深证成指,13084.88,13113.99,12851.22,12914.67,-1.5056,664521844.25,990879111800.0001,tencent
2025-12-16,399006,创业板指,3130.43,3141.58,3058.79,3071.76,-2.1047,181550894.0,446175544000.0,tencent
2025-12-16,899050,北证50,1429.07,1471.0,1422.27,1439.65,0.54,1054145544.0,24100000000.0,csindex
2025-12-17,000001,上证指数,3822.51,3881.75,3818.0,3870.28,1.19,51231369200.0,766821000000.0,csindex
2025-12-17,000300,沪深300,4499.77,4594.66,4498.93,4579.88,1.83,17842483000.0,452505000000.0,csindex
2025-12-17,000688,科创50,1294.7,1327.76,1289.24,1325.33,2.47,773892100.0,50178000000.0,csindex
2025-12-17,000852,中证1000,7178.31,7303.38,7149.02,7288.74,1.49,22049877500.0,366264000000.0,csindex
2025-12-17,399001,深证成指,12927.39,13254.81,12927.39,13224.51,2.3991,653501696.76,1044325059300.0001,tencent
2025-12-17,399006,创业板指,3072.62,3181.69,3072.62,3175.91,3.3906,186868324.0,488537918700.0,tencent
2025-12-17,899050,北证50,1434.68,1440.9,1420.45,1439.02,-0.04,1039995529.0,23363000000.0,csindex
2025-12-18,000001,上证指数,3857.26,3888.29,3856.42,3876.37,0.16,46117262500.0,704896000000.0,csindex
2025-12-18,000300,沪深300,4553.98,4571.97,4544.14,4552.79,-0.59,15168132800.0,382102000000.0,csindex
2025-12-18,000688,科创50,1314.67,1323.68,1305.97,1305.97,-1.46,627046500.0,38719000000.0,csindex
2025-12-18,000852,中证1000,7244.64,7336.73,7241.86,7272.4,-0.22,20004466200.0,348984000000.0,csindex
2025-12-18,399001,深证成指,13112.61,13205.22,13053.97,13053.97,-1.2896,590116206.86,950587343400.0,tencent
2025-12-18,399006,创业板指,3138.66,3154.07,3107.06,3107.06,-2.1679,169218740.0,444395999099.99994,tencent
2025-12-18,899050,北证50,1430.92,1451.39,1429.19,1431.71,-0.51,937203872.0,21527000000.0,csindex
2025-12-19,000001,上证指数,3878.23,3902.67,3871.78,3890.45,0.36,51351189300.0,738066000000.0,csindex
2025-12-19,000300,沪深300,4561.37,4591.09,4546.85,4568.18,0.34,15487622000.0,371577000000.0,csindex
2025-12-19,000688,科创50,1314.75,1323.86,1306.8,1308.59,0.2,643658500.0,38885000000.0,csindex
2025-12-19,000852,中证1000,7295.67,7357.04,7279.99,7329.81,0.79,21920554700.0,362345000000.0,csindex
2025-12-19,399001,深证成指,13116.19,13217.44,13070.73,13140.21,0.6606,657127412.29,987848687099.9999,tencent
2025-12-19,399006,创业板指,3134.8,3157.29,3112.03,3122.24,0.4886,177361917.0,438271870300.0,tencent
2025-12-19,899050,北证50,1435.87,1451.64,1432.9,1445.84,0.99,1027374661.0,23023000000.0,csindex
2025-12-22,000001,上证指数,3900.54,3920.01,3900.52,3917.36,0.69,52293899200.0,789756000000.0,csindex
2025-12-22,000300,沪深300,4587.67,4615.87,4587.67,4611.62,0.95,16525285600.0,448241000000.0,csindex
2025-12-22,000688,科创50,1314.07,1338.14,1314.07,1335.25,2.04,801867000.0,55139000000.0,csindex
2025-12-22,000852,中证1000,7363.06,7433.43,7363.06,7408.35,1.07,22160188600.0,381186000000.0,csindex
2025-12-22,399001,深证成指,13225.4,13349.08,13225.4,13332.73,1.4651,653549135.02,1072183327500.0,tencent
2025-12-22,399006,创业板指,3153.75,3197.94,3153.75,3191.98,2.2337,175227535.0,482641701599.99994,tencent
2025-12-22,899050,北证50,1450.54,1458.18,1440.79,1449.28,0.24,1010436911.0,20471000000.0,csindex
2025-12-23,000001,上证指数,3919.11,3937.13,3910.74,3919.98,0.07,52115695200.0,806853000000.0,csindex
2025-12-23,000300,沪深300,4616.03,4644.53,4607.8,4620.73,0.2,16925641200.0,433141000000.0,csindex
2025-12-23,000688,科创50,1333.54,1348.54,1331.39,1340.02,0.36,762758600.0,52824000000.0,csindex
2025-12-23,000852,中证1000,7410.22,7441.41,7363.93,7392.42,-0.22,22428856600.0,397182000000.0,csindex
2025-12-23,399001,深证成指,13338.93,13447.29,13305.76,13368.99,0.272,674894657.92,1092987268500.0,tencent
2025-12-23,399006,创业板指,3196.31,3227.07,3184.53,3205.01,0.4082,183880580.0,493682524799.99994,tencent
2025-12-23,899050,北证50,1448.63,1454.7,1433.81,1439.94,-0.64,1037580775.0,21686000000.0,csindex
2025-12-24,000001,上证指数,3920.35,3947.04,3912.31,3940.95,0.53,47489644700.0,773929000000.0,csindex
2025-12-24,000300,沪深300,4623.68,4639.43,4602.14,4634.06,0.29,15371124100.0,406376000000.0,csindex
2025-12-24,000688,科创50,1342.13,1352.74,1332.92,1352.13,0.9,733909000.0,51088000000.0,csindex
2025-12-24,000852,中证1000,7391.56,7513.25,7386.49,7506.38,1.54,21796145500.0,406286000000.0,csindex
2025-12-24,399001,深证成指,13378.48,13497.1,13347.76,13486.42,0.8784,640440440.05,1106339627500.0,tencent
2025-12-24,399006,创业板指,3207.41,3235.0,3193.97,3229.58,0.7666,182675050.0,502569104700.0,tencent
2025-12-24,899050,北证50,1434.26,1447.9,1428.93,1445.55,0.39,797346649.0,17113000000.0,csindex
2025-12-25,000001,上证指数,3937.72,3964.07,3936.08,3959.62,0.47,46931309300.0,785019000000.0,csindex
2025-12-25,000300,沪深300,4629.32,4651.15,4621.92,4642.54,0.18,13943418600.0,385356000000.0,csindex
2025-12-25,000688,科创50,1347.78,1356.6,1339.97,1349.06,-0.23,726230500.0,44828000000.0,csindex
2025-12-25,000852,中证1000,7507.3,7591.78,7502.15,7579.38,0.97,22874491700.0,434418999999.99994,csindex
2025-12-25,399001,深证成指,13472.7,13563.06,13407.37,13531.41,0.3336,660794062.92,1139504120000.0,tencent
2025-12-25,399006,创业板指,3232.97,3249.11,3200.49,3239.34,0.3022,193569997.0,526293462500.0,tencent
2025-12-25,899050,北证50,1443.89,1466.29,1440.88,1457.96,0.86,844111464.0,19537000000.0,csindex
2025-12-26,000001,上证指数,3957.83,3977.71,3945.52,3963.68,0.1,55548959200.0,893644000000.0,csindex
2025-12-26,000300,沪深300,4639.79,4676.13,4635.11,4657.24,0.32,17539656500.0,460427000000.00006,csindex
2025-12-26,000688,科创50,1346.11,1356.11,1339.14,1345.83,-0.24,852160100.0,45190000000.0,csindex
2025-12-26,000852,中证1000,7575.93,7644.84,7550.01,7605.53,0.35,26626161100.0,473666000000.0,csindex
2025-12-26,399001,深证成指,13539.05,13674.87,13517.8,13603.89,0.5356,741292909.65,1266547060100.0,tencent
2025-12-26,399006,创业板指,3232.41,3268.69,3219.13,3243.88,0.1402,210934630.0,571313750400.0,tencent
2025-12-26,899050,北证50,1459.46,1472.21,1454.77,1463.03,0.35,942897176.0,21073000000.0,csindex
2025-12-29,000001,上证指数,3964.65,3983.98,3956.95,3965.28,0.04,56368719700.0,903820000000.0001,csindex
2025-12-29,000300,沪深300,4658.27,4672.04,4629.06,4639.37,-0.38,20039713300.0,482614000000.00006,csindex
2025-12-29,000688,科创50,1345.98,1364.27,1341.94,1346.32,0.04,1039029700.0,58489000000.0,csindex
2025-12-29,000852,中证1000,7606.44,7637.91,7574.77,7594.16,-0.15,26406479600.0,466872999999.99994,csindex
2025-12-29,399001,深证成指,13604.29,13650.7,13494.96,13537.1,-0.491,713871413.13,1235517815500.0,tencent
2025-12-29,399006,创业板指,3237.77,3250.09,3208.08,3222.61,-0.6557,196242768.0,537966376200.0,tencent
2025-12-29,899050,北证50,1459.78,1469.0,1453.58,1456.45,-0.45,824673793.0,18479000000.0,csindex
2025-12-30,000001,上证指数,3947.87,3979.99,3947.42,3965.12,0.0,52593258800.0,887533000000.0,csindex
2025-12-30,000300,沪深300,4617.32,4664.33,4616.63,4651.28,0.26,18037497400.0,457185000000.00006,csindex
2025-12-30,000688,科创50,1346.13,1367.01,1346.03,1359.87,1.01,794150500.0,59271000000.0,csindex
2025-12-30,000852,中证1000,7556.54,7636.15,7552.4,7597.3,0.04,26333187400.0,468024000000.0,csindex
2025-12-30,399001,深证成指,13466.3,13645.56,13465.67,13604.07,0.4947,716223366.0,1254792193400.0,tencent
2025-12-30,399006,创业板指,3208.32,3251.13,3207.73,3242.9,0.6296,206953285.0,559494560600.0,tencent
2025-12-30,899050,北证50,1450.59,1465.42,1442.04,1450.64,-0.4,805605207.0,19085000000.0,csindex
2025-12-31,000001,上证指数,3968.73,3977.54,3955.49,3968.84,0.09,49075149000.0,829512000000.0001,csindex
2025-12-31,000300,沪深300,4656.48,4667.05,4622.1,4629.94,-0.46,17076022400.0,444492000000.0,csindex
2025-12-31,000688,科创50,1367.17,1368.48,1342.68,1344.2,-1.15,730691500.0,49285000000.0,csindex
2025-12-31,000852,中证1000,7606.65,7619.22,7560.72,7595.28,-0.03,24454923100.0,440672000000.0,csindex
2025-12-31,399001,深证成指,13627.26,13642.53,13491.68,13525.02,-0.5811,713396441.0,1215630485900.0,tencent
2025-12-31,399006,创业板指,3247.74,3254.89,3198.25,3203.17,-1.2251,206198167.0,543691721800.0,tencent
2025-12-31,899050,北证50,1449.56,1451.78,1440.43,1440.43,-0.7,759864511.0,20688000000.0,csindex
2026-01-05,000001,上证指数,3986.97,4025.26,3983.58,4023.42,1.38,59695045500.0,1067334000000.0,csindex
2026-01-05,000300,沪深300,4661.62,4721.64,4661.62,4717.75,1.9,23414483900.0,630577000000.0,csindex
2026-01-05,000688,科创50,1360.9,1403.53,1360.9,1403.41,4.41,1034546600.0,81188000000.0,csindex
2026-01-05,000852,中证1000,7639.54,7753.96,7623.75,7753.88,2.09,30537472600.0,542231000000.00006,csindex
2026-01-05,399001,深证成指,13633.63,13828.97,13633.63,13828.63,2.2448,830357123.0,1478937004700.0,tencent
2026-01-05,399006,创业板指,3229.93,3295.29,3229.93,3294.55,2.8528,263142610.0,696218047200.0,tencent
2026-01-05,899050,北证50,1444.23,1466.73,1438.76,1466.42,1.8,799632980.0,21138000000.0,csindex
2026-01-06,000001,上证指数,4026.02,4083.67,4025.09,4083.67,1.5,70247227000.0,1175769000000.0,csindex
2026-01-06,000300,沪深300,4719.21,4790.69,4718.01,4790.69,1.55,29697068600.0,725415000000.0,csindex
2026-01-06,000688,科创50,1401.79,1442.1,1400.4,1429.3,1.84,1182033200.0,80798000000.0,csindex
2026-01-06,000852,中证1000,7756.16,7864.9,7755.07,7864.9,1.43,33116203400.0,580815000000.0,csindex
2026-01-06,399001,深证成指,13830.3,14024.12,13827.79,14022.55,1.4023,931832648.0,1630738606200.0,tencent
2026-01-06,399006,创业板指,3279.81,3321.44,3265.73,3319.29,0.7509,278150655.0,756528810000.0,tencent
2026-01-06,899050,北证50,1467.99,1493.04,1467.99,1493.04,1.81,1003778220.0,25989000000.0,csindex
2026-01-07,000001,上证指数,4083.84,4098.78,4069.44,4085.77,0.05,68338435200.0,1197423000000.0,csindex
2026-01-07,000300,沪深300,4796.93,4802.6,4751.07,4776.67,-0.29,25909556400.0,664898000000.0,csindex
2026-01-07,000688,科创50,1442.51,1452.04,1427.98,1443.39,0.99,1233854800.0,87128000000.0,csindex
2026-01-07,000852,中证1000,7881.84,7939.75,7864.14,7906.42,0.53,31873436700.0,617917000000.0,csindex
2026-01-07,399001,深证成指,14062.02,14111.18,13935.53,14030.56,0.0571,913575189.0,1656718096800.0,tencent
2026-01-07,399006,创业板指,3331.34,3351.22,3298.55,3329.69,0.3133,271641051.0,756998657700.0,tencent
2026-01-07,899050,北证50,1492.39,1515.28,1486.32,1496.28,0.22,1035310009.0,27548000000.0,csindex
2026-01-08,000001,上证指数,4077.72,4093.87,4067.12,4082.98,-0.07,66613133700.0,1183189000000.0,csindex
2026-01-08,000300,沪深300,4761.01,4765.49,4717.01,4737.65,-0.82,23880495700.0,630656000000.0,csindex
2026-01-08,000688,科创50,1441.19,1483.23,1441.19,1455.17,0.82,1348228800.0,99248000000.0,csindex
2026-01-08,000852,中证1000,7886.81,7993.63,7886.63,7971.59,0.82,32556390800.0,605389000000.0,csindex
2026-01-08,399001,深证成指,13971.89,14033.59,13883.81,13959.48,-0.5066,920288378.0,1617076629199.9998,tencent
2026-01-08,399006,创业板指,3308.74,3328.96,3285.16,3302.31,-0.8223,280864919.0,750335142099.9999,tencent
2026-01-08,899050,北证50,1492.92,1514.05,1485.3,1508.38,0.81,1017887469.0,26149000000.0,csindex
2026-01-09,000001,上证指数,4086.76,4121.72,4083.62,4120.43,0.92,72983798500.0,1289206000000.0,csindex
2026-01-09,000300,沪深300,4725.96,4771.43,4719.13,4758.92,0.45,25468803800.0,668789000000.0,csindex
2026-01-09,000688,科创50,1442.22,1477.24,1437.58,1475.97,1.43,1330640500.0,91006000000.0,csindex
2026-01-09,000852,中证1000,7969.19,8131.49,7969.19,8129.18,1.98,38104386900.0,705323000000.0,csindex
2026-01-09,399001,深证成指,13917.78,14139.54,13917.78,14120.15,1.151,1013527536.0,1833489098500.0,tencent
2026-01-09,399006,创业板指,3279.38,3330.01,3269.99,3327.81,0.7722,333280635.0,872071830800.0,tencent
2026-01-09,899050,北证50,1511.97,1547.75,1505.96,1524.26,1.05,1136734196.0,29830000000.0,csindex
2026-01-12,000001,上证指数,4134.89,4168.36,4119.88,4165.29,1.09,83945608900.0,1446230000000.0,csindex
2026-01-12,000300,沪深300,4769.65,4795.93,4737.57,4789.92,0.65,29483316500.0,799954000000.0,csindex
2026-01-12,000688,科创50,1490.5,1515.11,1478.85,1511.84,2.43,1567591900.0,106640000000.00002,csindex
2026-01-12,000852,中证1000,8196.09,8371.75,8171.11,8357.01,2.8,44722895400.0,827565000000.0,csindex
2026-01-12,399001,深证成指,14186.86,14391.28,14089.59,14366.91,1.7476,1152643528.0,2155145897400.0,tencent
2026-01-12,399006,创业板指,3323.64,3398.05,3282.39,3388.34,1.8189,406851832.0,1085825648900.0,tencent
2026-01-12,899050,北证50,1541.36,1613.0,1538.33,1605.77,5.35,1704566317.0,43521000000.0,csindex
2026-01-13,000001,上证指数,4169.7,4179.7,4126.23,4138.76,-0.64,86838271700.0,1481574000000.0,csindex
2026-01-13,000300,沪深300,4798.05,4836.95,4745.52,4761.03,-0.6,30144949700.0,801055000000.0,csindex
2026-01-13,000688,科创50,1508.18,1511.65,1460.41,1469.57,-2.8,1523474700.0,104449000000.0,csindex
2026-01-13,000852,中证1000,8381.04,8381.04,8177.63,8203.13,-1.84,45444450300.0,824652000000.0,csindex
2026-01-13,399001,深证成指,14397.68,14458.88,14113.17,14169.4,-1.3748,1195102024.0,2169410678500.0,tencent
2026-01-13,399006,创业板指,3390.69,3416.84,3307.63,3321.89,-1.9611,419547701.0,1077719305600.0,tencent
2026-01-13,899050,北证50,1613.03,1614.08,1557.07,1565.58,-2.5,2002445262.0,48045000000.0,csindex
2026-01-14,000001,上证指数,4138.65,4190.87,4103.62,4126.09,-0.31,95255128900.0,1607041000000.0,csindex
2026-01-14,000300,沪深300,4767.7,4818.1,4720.25,4741.93,-0.4,36495102300.0,891334000000.0,csindex
2026-01-14,000688,科创50,1479.3,1532.58,1479.3,1500.91,2.13,1777974500.0,123881000000.0,csindex
2026-01-14,000852,中证1000,8204.28,8415.1,8154.24,8257.17,0.66,48979835900.0,884281000000.0,csindex
2026-01-14,399001,深证成指,14194.11,14459.21,14099.98,14248.6,0.559,1312118729.0,2334347799400.0,tencent
2026-01-14,399006,创业板指,3333.17,3403.95,3308.63,3349.14,0.8203,439958418.0,1151533419500.0,tencent
2026-01-14,899050,北证50,1558.74,1612.64,1547.7,1580.87,0.98,1845089467.0,45735000000.0,csindex
2026-01-15,000001,上证指数,4106.22,4133.07,4096.85,4112.6,-0.33,68025079100.0,1175915000000.0,csindex
2026-01-15,000300,沪深300,4721.8,4769.55,4720.94,4751.43,0.2,25400363600.0,674059000000.0,csindex
2026-01-15,000688,科创50,1491.23,1504.84,1468.02,1493.95,-0.46,1408817300.0,95846000000.0,csindex
2026-01-15,000852,中证1000,8197.06,8267.81,8151.11,8240.78,-0.2,35335770800.0,638660000000.0,csindex
2026-01-15,399001,深证成指,14158.66,14328.6,14155.5,14306.73,0.408,971527612.0,1729581264300.0,tencent
2026-01-15,399006,创业板指,3318.11,3372.47,3309.06,3367.92,0.5607,307576548.0,841262314700.0,tencent
2026-01-15,899050,北证50,1561.03,1573.71,1538.95,1544.84,-2.28,1341119726.0,33219000000.0,csindex
2026-01-16,000001,上证指数,4127.06,4140.23,4091.81,4101.91,-0.26,76358846500.0,1338017000000.0,csindex
2026-01-16,000300,沪深300,4778.43,4792.55,4715.36,4731.87,-0.41,32527892900.0,785624000000.0,csindex
2026-01-16,000688,科创50,1509.7,1528.78,1495.68,1514.07,1.35,1676577600.0,116790000000.00002,csindex
2026-01-16,000852,中证1000,8276.61,8304.4,8180.12,8232.73,-0.1,35253940500.0,633411000000.0,csindex
2026-01-16,399001,深证成指,14374.54,14424.35,14257.59,14281.08,-0.1793,906894526.0,1688214998300.0002,tencent
2026-01-16,399006,创业板指,3394.35,3407.86,3354.65,3361.02,-0.2049,299981551.0,839167229599.9999,tencent
2026-01-16,899050,北证50,1554.47,1558.42,1543.39,1548.33,0.23,1201098134.0,30433000000.0,csindex
2026-01-19,000001,上证指数,4090.72,4126.52,4090.06,4114.0,0.29,68890587000.0,1190138000000.0,csindex
2026-01-19,000300,沪深300,4720.19,4761.63,4715.09,4734.46,0.05,26761249200.0,655149000000.0,csindex
2026-01-19,000688,科创50,1513.59,1525.12,1502.72,1506.86,-0.48,1287625700.0,93307000000.0,csindex
2026-01-19,000852,中证1000,8204.63,8298.48,8187.94,8265.65,0.4,32669114900.0,581676000000.0,csindex
2026-01-19,399001,深证成指,14221.93,14392.88,14221.93,14294.05,0.0908,832205019.0,1518210790600.0,tencent
2026-01-19,399006,创业板指,3340.94,3383.79,3326.13,3337.61,-0.6965,256405217.0,709156029000.0,tencent
2026-01-19,899050,北证50,1550.44,1557.59,1537.06,1548.63,0.02,975063901.0,24031000000.0,csindex
2026-01-20,000001,上证指数,4116.37,4128.93,4080.29,4113.65,-0.01,73436249600.0,1221486000000.0,csindex
2026-01-20,000300,沪深300,4736.91,4748.23,4684.97,4718.88,-0.33,28271957900.0,671961000000.0,csindex
2026-01-20,000688,科创50,1508.37,1525.81,1473.19,1482.99,-1.58,1403065800.0,97764000000.0,csindex
2026-01-20,000852,中证1000,8271.78,8300.05,8104.92,8182.75,-1.0,33668913400.0,579037000000.0,csindex
2026-01-20,399001,深证成指,14307.55,14337.12,14033.22,14155.63,-0.9684,881921909.0,1556171772100.0,tencent
2026-01-20,399006,创业板指,3340.46,3347.94,3257.44,3277.98,-1.7866,260731480.0,702679995400.0001,tencent
2026-01-20,899050,北证50,1557.29,1558.42,1510.68,1517.6,-2.0,1140632590.0,26629000000.000004,csindex
2026-01-21,000001,上证指数,4103.53,4135.96,4103.53,4116.94,0.08,66698950700.0,1180185000000.0,csindex
2026-01-21,000300,沪深300,4714.55,4758.28,4714.24,4723.07,0.09,26635333200.0,665331000000.0,csindex
2026-01-21,000688,科创50,1482.66,1546.05,1482.66,1535.39,3.53,1444741400.0,117310999999.99998,csindex
2026-01-21,000852,中证1000,8138.68,8289.13,8136.92,8247.68,0.79,32567636800.0,564721000000.0,csindex
2026-01-21,399001,深证成指,14102.21,14320.94,14102.21,14255.13,0.7029,793387853.0,1420414190400.0,tencent
2026-01-21,399006,创业板指,3270.13,3329.5,3270.13,3295.52,0.5351,230185910.0,651234594700.0,tencent
2026-01-21,899050,北证50,1508.78,1534.06,1508.24,1519.75,0.14,995257259.0,23299000000.0,csindex
2026-01-22,000001,上证指数,4126.07,4140.84,4109.92,4122.58,0.14,70969540900.0,1201764000000.0,csindex
2026-01-22,000300,沪深300,4741.75,4757.76,4700.45,4723.71,0.01,27419993200.0,690235000000.0,csindex
2026-01-22,000688,科创50,1563.38,1574.97,1530.25,1541.64,0.41,1521219400.0,114472000000.0,csindex
2026-01-22,000852,中证1000,8272.47,8314.22,8252.74,8309.35,0.75,32856328100.0,571806000000.0,csindex
2026-01-22,399001,深证成指,14313.63,14374.51,14223.34,14327.05,0.5045,822514300.0,1489968420100.0,tencent
2026-01-22,399006,创业板指,3312.75,3337.27,3280.32,3328.65,1.0053,235389326.0,681535190900.0,tencent
2026-01-22,899050,北证50,1529.0,1532.66,1518.75,1530.24,0.69,1043595052.0,24915000000.0,csindex
2026-01-23,000001,上证指数,4130.11,4143.75,4120.2,4136.16,0.33,78211545400.0,1336857000000.0,csindex
2026-01-23,000300,沪深300,4729.59,4734.79,4684.62,4702.5,-0.45,31463544500.0,755618000000.0,csindex
2026-01-23,000688,科创50,1530.28,1553.71,1523.5,1553.71,0.78,2124468700.0,110767000000.0,csindex
2026-01-23,000852,中证1000,8331.77,8478.56,8323.35,8470.74,1.94,39304302000.0,681948000000.0,csindex
2026-01-23,399001,深证成指,14349.01,14449.84,14320.51,14439.66,0.786,982699102.0,1748367006000.0,tencent
2026-01-23,399006,创业板指,3334.02,3349.5,3316.65,3349.5,0.6264,293479372.0,816909953700.0,tencent
2026-01-23,899050,北证50,1540.53,1597.46,1539.72,1588.66,3.82,1300123465.0,33135000000.000004,csindex
2026-01-26,000001,上证指数,4144.78,4160.99,4124.7,4132.61,-0.09,88743973100.0,1451860000000.0,csindex
2026-01-26,000300,沪深300,4715.38,4754.18,4693.16,4706.96,0.1,36300448100.0,796833000000.0,csindex
2026-01-26,000688,科创50,1556.57,1575.45,1529.32,1532.8,-1.35,2123161200.0,108917000000.0,csindex
2026-01-26,000852,中证1000,8513.22,8530.42,8302.1,8365.43,-1.24,40342837500.0,703182000000.0,csindex
2026-01-26,399001,深证成指,14492.42,14532.9,14277.67,14316.64,-0.852,1023228090.0,1796342758800.0,tencent
2026-01-26,399006,创业板指,3365.61,3367.99,3304.36,3319.15,-0.9061,314806723.0,838490942800.0,tencent
2026-01-26,899050,北证50,1593.07,1598.03,1555.99,1565.7,-1.44,1361313276.0,32814000000.0,csindex
2026-01-27,000001,上证指数,4125.22,4158.8,4101.83,4139.9,0.18,75499086900.0,1289432000000.0,csindex
2026-01-27,000300,沪深300,4705.17,4736.99,4675.64,4705.69,-0.03,30147569700.0,715268000000.0,csindex
2026-01-27,000688,科创50,1530.07,1562.58,1507.41,1555.98,1.51,1978728100.0,102143000000.0,csindex
2026-01-27,000852,中证1000,8325.43,8406.1,8186.24,8382.15,0.2,36565732800.0,630208000000.0,csindex
2026-01-27,399001,深证成指,14283.78,14403.6,14105.13,14329.91,0.0927,909686276.0,1605549118500.0,tencent
2026-01-27,399006,创业板指,3316.02,3366.68,3277.26,3342.6,0.7065,266460051.0,745042709800.0,tencent
2026-01-27,899050,北证50,1556.87,1577.73,1531.93,1564.93,-0.05,1118509620.0,26726000000.0,csindex
2026-01-28,000001,上证指数,4150.22,4170.15,4138.02,4151.24,0.27,82302674800.0,1365526000000.0,csindex
2026-01-28,000300,沪深300,4725.6,4739.63,4697.91,4717.99,0.26,38225560200.0,829414000000.0,csindex
2026-01-28,000688,科创50,1566.19,1569.44,1535.9,1554.8,-0.08,1554361000.0,104613000000.00002,csindex
2026-01-28,000852,中证1000,8392.75,8432.62,8334.68,8399.79,0.21,34965829300.0,627357000000.0,csindex
2026-01-28,399001,深证成指,14371.96,14411.65,14234.89,14342.89,0.0906,883025460.0,1599884232500.0,tencent
2026-01-28,399006,创业板指,3359.79,3361.14,3301.05,3323.56,-0.5696,258142248.0,744175610699.9999,tencent
2026-01-28,899050,北证50,1565.76,1588.38,1554.09,1562.45,-0.16,1099322091.0,27201000000.0,csindex
2026-01-29,000001,上证指数,4155.92,4170.21,4138.3,4157.98,0.16,90590837100.0,1485795000000.0,csindex
2026-01-29,000300,沪深300,4733.09,4770.96,4696.05,4753.87,0.76,41551305500.0,917966000000.0,csindex
2026-01-29,000688,科创50,1550.99,1560.64,1507.3,1507.64,-3.03,1640834400.0,98586000000.0,csindex
2026-01-29,000852,中证1000,8380.61,8463.12,8308.82,8332.21,-0.8,40198798200.0,677736000000.0,csindex
2026-01-29,399001,深证成指,14332.7,14418.09,14252.2,14300.08,-0.2985,993915564.0,1744212991699.9998,tencent
2026-01-29,399006,创业板指,3322.48,3356.48,3298.59,3304.51,-0.5732,294963224.0,789501604100.0,tencent
2026-01-29,899050,北证50,1557.55,1573.15,1535.83,1536.0,-1.69,1228500199.0,29702999999.999996,csindex
2026-01-30,000001,上证指数,4131.99,4152.85,4064.78,4117.95,-0.96,80434274600.0,1269856000000.0,csindex
2026-01-30,000300,沪深300,4723.08,4738.87,4645.47,4706.34,-1.0,31978653100.0,750565000000.0,csindex
2026-01-30,000688,科创50,1501.51,1522.33,1465.32,1509.4,0.12,1486558300.0,92995000000.0,csindex
2026-01-30,000852,中证1000,8255.33,8313.23,8083.97,8254.86,-0.93,36491645100.0,596749000000.0,csindex
2026-01-30,399001,深证成指,14214.14,14291.57,13923.95,14205.89,-0.6587,902322925.0,1565681993100.0,tencent
2026-01-30,399006,创业板指,3301.54,3369.24,3255.65,3346.36,1.2665,263026318.0,726069048500.0,tencent
2026-01-30,899050,北证50,1525.13,1546.63,1507.47,1531.55,-0.29,1152880606.0,27211000000.0,csindex
2026-02-02,000001,上证指数,4079.71,4103.41,4013.66,4015.75,-2.48,73295369800.0,1163533000000.0,csindex
2026-02-02,000300,沪深300,4674.28,4716.61,4601.76,4605.98,-2.13,30477350000.0,725920000000.0,csindex
2026-02-02,000688,科创50,1492.81,1508.54,1450.1,1450.9,-3.88,1315396700.0,86596000000.0,csindex
2026-02-02,000852,中证1000,8166.74,8221.58,7974.6,7975.43,-3.39,30832146700.0,498941000000.0,csindex
2026-02-02,399001,深证成指,14128.87,14213.61,13815.28,13824.35,-2.6858,811142364.0,1421232461600.0,tencent
2026-02-02,399006,创业板指,3368.14,3390.3,3262.12,3264.11,-2.4579,238543608.0,676890732300.0,tencent
2026-02-02,899050,北证50,1531.61,1540.79,1495.71,1500.43,-2.03,963473225.0,22155000000.0,csindex
2026-02-03,000001,上证指数,4043.91,4069.42,4002.78,4067.74,1.29,63768424900.0,1110720000000.0,csindex
2026-02-03,000300,沪深300,4648.36,4662.13,4578.21,4660.11,1.18,26554940500.0,666627000000.0,csindex
2026-02-03,000688,科创50,1475.57,1478.05,1430.0,1471.07,1.39,1389145900.0,98826000000.0,csindex
2026-02-03,000852,中证1000,8058.76,8210.05,8023.24,8209.1,2.93,29921845800.0,525760000000.00006,csindex
2026-02-03,399001,深证成指,13986.89,14129.6,13815.23,14127.11,2.19,782910934.0,1433511297100.0,tencent
2026-02-03,399006,创业板指,3318.06,3332.48,3249.06,3324.89,1.8621,230616448.0,677319119100.0,tencent
2026-02-03,899050,北证50,1526.63,1549.91,1508.63,1549.51,3.27,839722505.0,21550000000.0,csindex
2026-02-04,000001,上证指数,4064.68,4104.62,4062.68,4102.2,0.85,67425424400.0,1063545000000.0001,csindex
2026-02-04,000300,沪深300,4647.97,4701.48,4641.84,4698.68,0.83,26488103200.0,636019000000.0,csindex
2026-02-04,000688,科创50,1452.98,1455.12,1432.6,1453.48,-1.2,1563905000.0,76593000000.0,csindex
2026-02-04,000852,中证1000,8184.2,8216.2,8101.2,8207.12,-0.02,31646115000.0,516214999999.99994,csindex
2026-02-04,399001,深证成指,14072.41,14173.77,13958.08,14156.27,0.2064,815238780.0,1417426397900.0,tencent
2026-02-04,399006,创业板指,3298.32,3318.9,3244.71,3311.51,-0.4024,237312928.0,675589394900.0,tencent
2026-02-04,899050,北证50,1537.85,1542.32,1526.42,1538.57,-0.7,917889058.0,22508000000.0,csindex
2026-02-05,000001,上证指数,4075.03,4088.9,4048.94,4075.92,-0.64,59672223600.0,946989000000.0,csindex
2026-02-05,000300,沪深300,4664.75,4687.02,4639.43,4670.42,-0.6,23785635100.0,550433000000.0,csindex
2026-02-05,000688,科创50,1423.66,1441.16,1416.26,1432.52,-1.44,1519927800.0,67730999999.99999,csindex
2026-02-05,000852,中证1000,8121.51,8154.56,8027.62,8068.08,-1.69,27581682300.0,440964999999.99994,csindex
2026-02-05,399001,深证成指,14020.84,14074.36,13874.02,13952.71,-1.4379,726225381.0,1229230628000.0,tencent
2026-02-05,399006,创业板指,3277.72,3288.38,3238.78,3260.28,-1.547,205295208.0,552289133400.0,tencent
2026-02-05,899050,北证50,1525.12,1532.68,1507.29,1507.29,-2.03,757449983.0,18296000000.0,csindex
2026-02-06,000001,上证指数,4040.3,4095.03,4029.97,4065.58,-0.25,55670980100.0,898654999999.9999,csindex
2026-02-06,000300,沪深300,4622.97,4678.26,4606.64,4643.6,-0.57,20271647700.0,505760000000.00006,csindex
2026-02-06,000688,科创50,1415.05,1440.81,1405.87,1422.41,-0.71,1303509900.0,62258000000.00001,csindex
2026-02-06,000852,中证1000,7980.47,8152.32,7950.01,8051.57,-0.2,28108356300.0,444589999999.99994,csindex
2026-02-06,399001,深证成指,13801.03,14065.78,13726.86,13906.73,-0.3295,730349548.0,1247064306600.0,tencent
2026-02-06,399006,创业板指,3222.88,3288.03,3199.14,3236.46,-0.7306,209401230.0,560718182600.0,tencent
2026-02-06,899050,北证50,1500.03,1537.69,1497.82,1520.89,0.9,739063811.0,17910000000.0,csindex
2026-02-09,000001,上证指数,4103.54,4123.16,4093.06,4123.09,1.41,57263258200.0,949726000000.0,csindex
2026-02-09,000300,沪深300,4693.67,4719.96,4679.9,4719.06,1.63,20725193800.0,522757000000.0,csindex
2026-02-09,000688,科创50,1453.54,1458.93,1441.9,1458.16,2.51,1574783900.0,72910000000.0,csindex
2026-02-09,000852,中证1000,8177.29,8235.15,8149.65,8233.78,2.26,28284816900.0,482557000000.0,csindex
2026-02-09,399001,深证成指,14115.14,14211.7,14060.67,14208.44,2.1695,726369602.0,1299746938000.0,tencent
2026-02-09,399006,创业板指,3299.6,3340.33,3276.57,3332.77,2.9758,235311933.0,639292445700.0,tencent
2026-02-09,899050,北证50,1545.88,1548.26,1537.12,1541.5,1.35,824717311.0,20893000000.0,csindex
2026-02-10,000001,上证指数,4127.77,4134.34,4117.56,4128.37,0.13,52462096900.0,882202000000.0,csindex
2026-02-10,000300,沪深300,4718.26,4732.09,4713.87,4724.3,0.11,18700095800.0,450339999999.99994,csindex
2026-02-10,000688,科创50,1463.35,1485.97,1463.35,1471.5,0.91,1177039100.0,68410000000.0,csindex
2026-02-10,000852,中证1000,8246.22,8274.14,8199.51,8250.3,0.2,29191625000.0,475051000000.0,csindex
2026-02-10,399001,深证成指,14200.76,14258.51,14165.43,14210.63,0.0154,733002884.0,1223333554500.0,tencent
2026-02-10,399006,创业板指,3321.88,3348.48,3320.54,3320.54,-0.367,240458372.0,592567910400.0,tencent
2026-02-10,899050,北证50,1542.48,1542.59,1524.52,1532.17,-0.6,762462485.0,19332000000.0,csindex
2026-02-11,000001,上证指数,4124.43,4142.56,4122.43,4131.99,0.09,50068527800.0,822608000000.0,csindex
2026-02-11,000300,沪深300,4715.67,4723.7,4703.69,4713.82,-0.22,17339168100.0,433429000000.0,csindex
2026-02-11,000688,科创50,1462.0,1467.28,1453.01,1455.11,-1.11,897850900.0,48645000000.0,csindex
2026-02-11,000852,中证1000,8239.17,8304.13,8236.96,8239.51,-0.13,27323431200.0,438064999999.99994,csindex
2026-02-11,399001,深证成指,14186.65,14250.34,14156.16,14160.93,-0.3497,681933201.0,1161644815700.0,tencent
2026-02-11,399006,创业板指,3312.64,3324.18,3284.24,3284.74,-1.0781,220715123.0,560297914600.0,tencent
2026-02-11,899050,北证50,1528.72,1539.69,1524.8,1525.49,-0.43,650580553.0,16950000000.0,csindex
2026-02-12,000001,上证指数,4136.99,4140.59,4124.13,4134.02,0.05,52937011600.0,897954999999.9999,csindex
2026-02-12,000300,沪深300,4720.01,4726.04,4707.74,4719.58,0.12,19784143900.0,490474000000.0,csindex
2026-02-12,000688,科创50,1463.61,1481.98,1454.63,1480.99,1.78,1001520900.0,69329000000.0,csindex
2026-02-12,000852,中证1000,8252.19,8337.37,8227.6,8314.83,0.91,27759673600.0,467860000000.00006,csindex
2026-02-12,399001,深证成指,14177.97,14296.48,14177.29,14283.0,0.862,696259702.0,1243783316700.0,tencent
2026-02-12,399006,创业板指,3294.57,3334.35,3292.68,3328.06,1.3188,225917395.0,613481765600.0,tencent
2026-02-12,899050,北证50,1526.98,1545.13,1520.72,1533.17,0.5,721417329.0,19263000000.0,csindex
2026-02-13,000001,上证指数,4115.92,4123.84,4079.77,4082.07,-1.26,50079947200.0,846808000000.0,csindex
2026-02-13,000300,沪深300,4693.41,4703.63,4658.4,4660.41,-1.25,18916775600.0,452879000000.0,csindex
2026-02-13,000688,科创50,1470.26,1492.09,1466.71,1470.33,-0.72,989661600.0,61592999999.99999,csindex
2026-02-13,000852,中证1000,8272.88,8323.72,8200.15,8204.83,-1.32,26114631200.0,438924000000.0,csindex
2026-02-13,399001,深证成指,14188.35,14258.83,14092.84,14100.19,-1.2799,640639616.0,1135871601100.0,tencent
2026-02-13,399006,创业板指,3309.43,3323.37,3275.29,3275.96,-1.5655,206249589.0,542116866500.0,tencent
2026-02-13,899050,北证50,1530.75,1550.96,1529.62,1529.77,-0.22,615840875.0,16437000000.0,csindex
2026-02-24,000001,上证指数,4129.13,4131.55,4105.94,4117.41,0.87,56632224900.0,938611000000.0,csindex
2026-02-24,000300,沪深300,4727.3,4727.37,4698.35,4707.54,1.01,21848889000.0,526084000000.0,csindex
2026-02-24,000688,科创50,1493.45,1493.77,1453.55,1465.37,-0.34,1029596900.0,68936000000.0,csindex
2026-02-24,000852,中证1000,8319.69,8356.91,8236.71,8299.77,1.16,27947962000.0,469516000000.0,csindex
2026-02-24,399001,深证成指,14313.86,14376.96,14214.41,14291.57,1.3573,712425990.0,1263450465500.0,tencent
2026-02-24,399006,创业板指,3331.79,3343.24,3292.5,3308.26,0.986,222404056.0,593352962900.0,tencent
2026-02-24,899050,北证50,1547.04,1548.66,1531.23,1535.43,0.37,638847643.0,16379000000.0,csindex
2026-02-25,000001,上证指数,4123.78,4167.84,4122.7,4147.23,0.72,72478721400.0,1085970000000.0001,csindex
2026-02-25,000300,沪深300,4713.58,4766.56,4713.34,4735.89,0.6,28426835400.0,596904000000.0,csindex
2026-02-25,000688,科创50,1468.51,1481.29,1454.41,1473.28,0.54,1107588300.0,70042000000.0,csindex
2026-02-25,000852,中证1000,8320.61,8449.76,8310.33,8426.33,1.52,33344734600.0,533141000000.0,csindex
2026-02-25,399001,深证成指,14322.24,14512.85,14314.15,14475.87,1.2896,793688511.0,1376578234800.0,tencent
2026-02-25,399006,创业板指,3313.09,3363.18,3302.76,3354.82,1.4074,232054795.0,622233080700.0,tencent
2026-02-25,899050,北证50,1539.96,1550.69,1526.86,1547.2,0.77,787080685.0,18656000000.0,csindex
2026-02-26,000001,上证指数,4151.07,4152.19,4127.15,4146.63,-0.01,65170282600.0,1067199000000.0,csindex
2026-02-26,000300,沪深300,4741.39,4742.15,4706.69,4726.87,-0.19,23484764400.0,599849000000.0,csindex
2026-02-26,000688,科创50,1478.73,1494.75,1456.03,1485.86,0.85,1115413400.0,83624000000.0,csindex
2026-02-26,000852,中证1000,8447.78,8496.75,8398.07,8490.62,0.76,33314760800.0,571186000000.0,csindex
2026-02-26,399001,深证成指,14495.86,14536.08,14408.88,14503.79,0.1929,793134075.0,1471247125500.0,tencent
2026-02-26,399006,创业板指,3346.74,3351.57,3310.55,3344.98,-0.2933,251619744.0,692770295800.0,tencent
2026-02-26,899050,北证50,1547.49,1554.34,1536.28,1544.91,-0.15,760014336.0,18403000000.0,csindex
2026-02-27,000001,上证指数,4128.9,4166.23,4128.36,4162.88,0.39,68204764600.0,1072368000000.0,csindex
2026-02-27,000300,沪深300,4698.3,4721.01,4692.89,4710.65,-0.34,26142086500.0,578821000000.0,csindex
2026-02-27,000688,科创50,1468.08,1493.52,1463.73,1488.02,0.15,999977200.0,78395000000.0,csindex
2026-02-27,000852,中证1000,8434.1,8561.3,8433.72,8560.84,0.83,31389956300.0,549574000000.0,csindex
2026-02-27,399001,深证成指,14375.25,14497.96,14366.35,14495.09,-0.06,781109596.0,1415655679900.0,tencent
2026-02-27,399006,创业板指,3303.98,3326.58,3292.89,3310.3,-1.0368,240320830.0,662758934400.0,tencent
2026-02-27,899050,北证50,1541.53,1546.29,1531.69,1537.13,-0.5,732634765.0,18387000000.0,csindex
2026-03-02,000001,上证指数,4151.8,4188.77,4131.37,4182.59,0.47,86157921800.0,1345892000000.0,csindex
2026-03-02,000300,沪深300,4681.01,4735.41,4667.28,4728.67,0.38,34926075200.0,752682000000.0,csindex
2026-03-02,000688,科创50,1459.78,1486.55,1459.51,1464.77,-1.56,1342734800.0,79348000000.0,csindex
2026-03-02,000852,中证1000,8464.27,8535.81,8393.93,8476.97,-0.98,37890628100.0,659007000000.0,csindex
2026-03-02,399001,深证成指,14327.65,14509.69,14285.67,14465.79,-0.2021,933794647.0,1674826283500.0,tencent
2026-03-02,399006,创业板指,3257.05,3319.91,3257.05,3294.16,-0.4876,273514912.0,738402865800.0,tencent
2026-03-02,899050,北证50,1506.68,1507.69,1468.27,1475.73,-3.99,1103185129.0,25503000000.0,csindex
2026-03-03,000001,上证指数,4189.41,4197.23,4116.01,4122.68,-1.43,92113917000.0,1425790000000.0,csindex
2026-03-03,000300,沪深300,4737.32,4744.6,4651.4,4655.9,-1.54,37062427200.0,801659000000.0,csindex
2026-03-03,000688,科创50,1467.76,1469.6,1385.59,1388.41,-5.21,1430240300.0,88182000000.0,csindex
2026-03-03,000852,中证1000,8495.95,8510.85,8128.3,8142.45,-3.95,39018957900.0,664864000000.0,csindex
2026-03-03,399001,深证成指,14498.7,14526.06,14007.65,14022.39,-3.0652,970658945.0,1703720230900.0,tencent
2026-03-03,399006,创业板指,3316.63,3331.26,3206.62,3209.48,-2.5706,286371200.0,750497944599.9999,tencent
2026-03-03,899050,北证50,1480.56,1489.2,1413.59,1415.14,-4.11,1292458808.0,28480000000.0,csindex
2026-03-04,000001,上证指数,4087.63,4106.04,4055.41,4082.47,-0.98,76516953100.0,1113082000000.0,csindex
2026-03-04,000300,沪深300,4609.19,4639.42,4575.82,4602.62,-1.14,30303566600.0,608923000000.0,csindex
2026-03-04,000688,科创50,1380.13,1407.0,1376.11,1381.56,-0.49,1070558500.0,65495000000.00001,csindex
2026-03-04,000852,中证1000,8039.59,8228.9,8039.59,8094.52,-0.59,32068956100.0,502702000000.00006,csindex
2026-03-04,399001,深证成指,13854.37,14112.02,13854.37,13917.75,-0.7462,740464019.0,1252671984600.0,tencent
2026-03-04,399006,创业板指,3171.19,3217.11,3149.41,3164.37,-1.4055,217331864.0,540959855600.0,tencent
2026-03-04,899050,北证50,1401.47,1428.6,1401.47,1411.45,-0.26,1030746157.0,22438000000.0,csindex
2026-03-05,000001,上证指数,4109.78,4125.62,4090.62,4108.57,0.64,68974653500.0,1068044000000.0,csindex
2026-03-05,000300,沪深300,4651.94,4671.53,4630.3,4647.69,0.98,25931782500.0,570444000000.0,csindex
2026-03-05,000688,科创50,1418.88,1423.61,1397.76,1405.35,1.72,1100698600.0,82290000000.0,csindex
2026-03-05,000852,中证1000,8235.37,8243.83,8121.38,8171.12,0.95,31536018100.0,508729000000.0,csindex
2026-03-05,399001,深证成指,14160.2,14202.76,13999.7,14088.84,1.2293,758966477.0,1321994082000.0,tencent
2026-03-05,399006,创业板指,3236.15,3264.8,3194.96,3216.94,1.6613,241669489.0,608890526300.0,tencent
2026-03-05,899050,北证50,1431.87,1435.75,1420.13,1427.22,1.12,1021790051.0,22748000000.0,csindex
2026-03-06,000001,上证指数,4085.9,4129.46,4085.9,4124.19,0.38,64676576000.0,978806000000.0,csindex
2026-03-06,000300,沪深300,4621.49,4671.71,4612.79,4660.44,0.27,23852792600.0,487807000000.0,csindex
2026-03-06,000688,科创50,1396.59,1422.0,1396.59,1414.39,0.64,969054900.0,60117999999.99999,csindex
2026-03-06,000852,中证1000,8120.49,8273.68,8115.48,8248.86,0.95,29463326900.0,474128000000.0,csindex
2026-03-06,399001,深证成指,14015.54,14212.84,13969.34,14172.63,0.5947,729278913.0,1221343285200.0,tencent
2026-03-06,399006,创业板指,3197.66,3248.9,3177.87,3229.3,0.3842,222766226.0,540340964500.0,tencent
2026-03-06,899050,北证50,1420.01,1440.26,1415.71,1427.35,0.01,890513980.0,19266000000.0,csindex
2026-03-09,000001,上证指数,4098.7,4106.53,4052.55,4096.6,-0.67,79780355600.0,1194106000000.0,csindex
2026-03-09,000300,沪深300,4600.25,4625.98,4548.97,4615.46,-0.97,32278761700.0,665822000000.0,csindex
2026-03-09,000688,科创50,1373.82,1398.25,1351.88,1390.48,-1.69,1184009400.0,74329000000.0,csindex
2026-03-09,000852,中证1000,8131.74,8230.66,7983.57,8203.87,-0.55,35630788700.0,568761000000.0,csindex
2026-03-09,399001,深证成指,13920.29,14103.63,13701.67,14067.5,-0.7418,837345656.0,1453438641300.0,tencent
2026-03-09,399006,创业板指,3152.72,3220.01,3111.88,3208.58,-0.6416,255045462.0,650179202100.0,tencent
2026-03-09,899050,北证50,1401.74,1401.74,1370.48,1394.21,-2.32,1022368229.0,23337000000.0,csindex
2026-03-10,000001,上证指数,4098.59,4123.96,4098.59,4123.14,0.65,67492219400.0,1036427000000.0,csindex
2026-03-10,000300,沪深300,4648.79,4677.6,4648.79,4674.76,1.28,26390374800.0,557608000000.0,csindex
2026-03-10,000688,科创50,1417.26,1424.72,1402.63,1420.54,2.16,1215340300.0,65104000000.0,csindex
2026-03-10,000852,中证1000,8272.94,8351.67,8271.49,8350.09,1.78,31168527300.0,533510999999.99994,csindex
2026-03-10,399001,深证成指,14239.3,14357.82,14239.3,14354.07,2.0371,736222902.0,1361460406100.0002,tencent
2026-03-10,399006,创业板指,3281.94,3308.75,3272.99,3306.14,3.0406,236304274.0,644901557400.0,tencent
2026-03-10,899050,北证50,1401.31,1422.96,1401.31,1421.32,1.94,808702807.0,19137000000.0,csindex
2026-03-11,000001,上证指数,4123.67,4135.84,4112.8,4133.43,0.25,70772716900.0,1063601000000.0,csindex
2026-03-11,000300,沪深300,4681.03,4711.87,4674.71,4704.5,0.64,27017544300.0,579564000000.0,csindex
2026-03-11,000688,科创50,1421.35,1427.1,1400.45,1401.08,-1.37,1297367900.0,65494000000.00001,csindex
2026-03-11,000852,中证1000,8356.09,8394.12,8334.33,8363.53,0.16,32173733200.0,549267000000.0,csindex
2026-03-11,399001,深证成指,14373.74,14531.02,14373.01,14465.41,0.7757,770973777.0,1444776810500.0,tencent
2026-03-11,399006,创业板指,3318.41,3388.1,3318.41,3349.53,1.3124,235567220.0,659568608400.0,tencent
2026-03-11,899050,北证50,1422.64,1441.65,1421.2,1427.08,0.4,858527685.0,20095000000.0,csindex
2026-03-12,000001,上证指数,4133.2,4141.65,4103.16,4129.1,-0.1,78615118200.0,1078215000000.0,csindex
2026-03-12,000300,沪深300,4700.72,4704.38,4654.31,4687.56,-0.36,30298681600.0,572105000000.0,csindex
2026-03-12,000688,科创50,1397.78,1412.53,1372.97,1383.65,-1.24,1175919300.0,62959000000.0,csindex
2026-03-12,000852,中证1000,8357.35,8388.63,8267.39,8335.91,-0.33,32821274700.0,531966000000.0,csindex
2026-03-12,399001,深证成指,14457.63,14478.05,14245.77,14374.87,-0.6259,768805142.0,1363682636800.0,tencent
2026-03-12,399006,创业板指,3357.03,3358.77,3286.77,3317.52,-0.9557,225425058.0,596080416000.0,tencent
2026-03-12,899050,北证50,1434.37,1434.37,1407.36,1411.15,-1.12,826827867.0,18884000000.0,csindex
2026-03-13,000001,上证指数,4117.57,4134.08,4086.85,4095.45,-0.82,79205476400.0,1063918000000.0,csindex
2026-03-13,000300,沪深300,4669.06,4707.42,4659.5,4669.14,-0.39,31077200900.0,580306000000.0,csindex
2026-03-13,000688,科创50,1374.65,1392.43,1365.62,1373.64,-0.72,1200226300.0,66780999999.99999,csindex
2026-03-13,000852,中证1000,8297.91,8350.92,8196.37,8214.29,-1.46,33312302000.0,523300000000.0,csindex
2026-03-13,399001,深证成指,14300.92,14454.31,14245.96,14280.78,-0.6545,774225691.0,1336399029900.0,tencent
2026-03-13,399006,创业板指,3296.5,3342.85,3296.11,3310.28,-0.2182,226552974.0,576407243100.0,tencent
2026-03-13,899050,北证50,1411.05,1422.29,1392.76,1396.64,-1.03,762546475.0,17190000000.0,csindex
2026-03-16,000001,上证指数,4092.25,4096.13,4048.09,4084.79,-0.26,73222709800.0,1037224000000.0,csindex
2026-03-16,000300,沪深300,4669.22,4673.69,4621.81,4671.56,0.05,29621507000.0,598799000000.0,csindex
2026-03-16,000688,科创50,1370.7,1386.55,1349.27,1384.99,0.83,1095376200.0,73816000000.0,csindex
2026-03-16,000852,中证1000,8212.27,8226.03,8089.49,8211.35,-0.04,31153245800.0,489125000000.0,csindex
2026-03-16,399001,深证成指,14291.15,14320.1,14097.82,14307.58,0.1877,753016186.0,1288107044400.0,tencent
2026-03-16,399006,创业板指,3323.98,3360.35,3284.05,3357.02,1.412,208217725.0,555776665000.0,tencent
2026-03-16,899050,北证50,1394.15,1400.15,1381.45,1391.73,-0.35,688466083.0,14781000000.0,csindex
2026-03-17,000001,上证指数,4086.3,4108.4,4049.58,4049.91,-0.85,67877122400.0,951228000000.0001,csindex
2026-03-17,000300,沪深300,4685.57,4720.86,4637.37,4637.44,-0.73,26302191300.0,578502000000.0,csindex
2026-03-17,000688,科创50,1386.26,1390.84,1354.15,1354.15,-2.23,918465500.0,58419000000.00001,csindex
2026-03-17,000852,中证1000,8219.5,8223.99,8019.08,8019.86,-2.33,29972338000.0,452754000000.0,csindex
2026-03-17,399001,深证成指,14370.45,14400.36,14039.5,14039.73,-1.8721,753197038.0,1256632860400.0,tencent
2026-03-17,399006,创业板指,3385.71,3390.02,3279.87,3280.06,-2.2925,207256854.0,559674336100.0,tencent
2026-03-17,899050,北证50,1396.5,1400.39,1365.87,1365.97,-1.85,739378139.0,16865000000.0,csindex
2026-03-18,000001,上证指数,4053.31,4065.37,4023.03,4062.98,0.32,62387310200.0,876327000000.0,csindex
2026-03-18,000300,沪深300,4648.75,4662.29,4604.52,4658.33,0.45,23469070500.0,524174000000.0,csindex
2026-03-18,000688,科创50,1363.54,1373.86,1348.23,1372.58,1.36,979986600.0,63648000000.0,csindex
2026-03-18,000852,中证1000,8050.71,8105.81,7970.19,8096.59,0.96,27089355400.0,419893000000.0,csindex
2026-03-18,399001,深证成指,14108.92,14203.91,13944.37,14187.8,1.0546,666055598.0,1169736139400.0,tencent
2026-03-18,399006,创业板指,3307.82,3350.56,3274.26,3346.37,2.0216,193702694.0,539875479799.99994,tencent
2026-03-18,899050,北证50,1364.93,1375.58,1357.15,1375.42,0.69,663196260.0,15154000000.0,csindex
2026-03-19,000001,上证指数,4028.54,4042.02,3994.17,4006.55,-1.39,66725542200.0,935265000000.0,csindex
2026-03-19,000300,沪深300,4611.44,4634.55,4570.39,4583.25,-1.61,25413044900.0,547850000000.0,csindex
2026-03-19,000688,科创50,1348.55,1354.72,1333.68,1339.03,-2.44,1105292300.0,62007000000.00001,csindex
2026-03-19,000852,中证1000,7988.87,8008.39,7874.26,7909.23,-2.31,28459109900.0,443807000000.0,csindex
2026-03-19,399001,深证成指,14003.7,14098.69,13852.6,13901.57,-2.0174,679341018.0,1175704077700.0,tencent
2026-03-19,399006,创业板指,3311.44,3361.21,3295.45,3309.1,-1.1137,199153562.0,541748961100.0,tencent
2026-03-19,899050,北证50,1355.07,1359.61,1324.71,1329.56,-3.33,754234562.0,16503000000.0,csindex
2026-03-20,000001,上证指数,4004.57,4022.7,3955.71,3957.05,-1.24,66679838700.0,964862999999.9999,csindex
2026-03-20,000300,沪深300,4602.82,4628.71,4563.07,4567.02,-0.35,25787370300.0,615463000000.0,csindex
2026-03-20,000688,科创50,1344.93,1347.37,1317.4,1318.31,-1.55,1409109800.0,72636000000.0,csindex
2026-03-20,000852,中证1000,7943.41,7996.16,7781.58,7783.43,-1.59,29902296300.0,486114000000.00006,csindex
2026-03-20,399001,深证成指,14021.46,14144.99,13856.49,13866.2,-0.2544,734132051.0,1321995589700.0,tencent
2026-03-20,399006,创业板指,3362.07,3426.61,3348.7,3352.1,1.2994,225401630.0,659559529700.0,tencent
2026-03-20,899050,北证50,1334.29,1345.85,1316.14,1316.14,-1.01,738795870.0,16230000000.000002,csindex
2026-03-23,000001,上证指数,3904.95,3906.62,3794.68,3813.28,-3.63,80473885000.0,1086248000000.0,csindex
2026-03-23,000300,沪深300,4499.1,4514.72,4397.57,4418.0,-3.26,32808194500.0,671720000000.0,csindex
2026-03-23,000688,科创50,1292.89,1305.79,1254.85,1261.44,-4.31,1424810100.0,73743000000.0,csindex
2026-03-23,000852,中证1000,7632.97,7712.04,7357.7,7409.11,-4.81,34925621000.0,505938000000.0,csindex
2026-03-23,399001,深证成指,13619.94,13758.97,13274.18,13345.51,-3.7551,852353152.0,1345299021000.0,tencent
2026-03-23,399006,创业板指,3300.56,3334.46,3214.82,3235.22,-3.4868,239669171.0,612416484300.0,tencent
2026-03-23,899050,北证50,1298.81,1303.12,1240.98,1244.03,-5.48,859487930.0,16946000000.0,csindex
2026-03-24,000001,上证指数,3849.63,3881.42,3807.99,3881.28,1.78,68062203900.0,931419000000.0,csindex
2026-03-24,000300,沪深300,4458.91,4474.83,4394.29,4474.72,1.28,25553251700.0,530149000000.0,csindex
2026-03-24,000688,科创50,1281.58,1291.92,1249.01,1290.79,2.33,1171663000.0,67332000000.00001,csindex
2026-03-24,000852,中证1000,7538.7,7601.88,7361.79,7600.86,2.59,29385508500.0,432417000000.0,csindex
2026-03-24,399001,深证成指,13514.67,13536.56,13169.25,13536.56,1.4316,731464361.0,1151449425900.0,tencent
2026-03-24,399006,创业板指,3266.93,3270.19,3155.27,3251.55,0.5048,205225479.0,515432678300.0,tencent
2026-03-24,899050,北证50,1263.93,1269.17,1239.81,1268.13,1.94,672361983.0,13358000000.000002,csindex
2026-03-25,000001,上证指数,3892.27,3933.06,3891.82,3931.84,1.3,68834362600.0,967854000000.0001,csindex
2026-03-25,000300,沪深300,4506.62,4542.18,4502.03,4537.47,1.4,26263927900.0,550428000000.0,csindex
2026-03-25,000688,科创50,1299.63,1326.65,1299.63,1315.41,1.91,1100570500.0,71581000000.0,csindex
2026-03-25,000852,中证1000,7654.78,7781.2,7654.78,7751.18,1.98,30366881700.0,471083000000.0,csindex
2026-03-25,399001,深证成指,13669.05,13835.03,13666.84,13801.0,1.9535,723433703.0,1211975415500.0,tencent
2026-03-25,399006,创业板指,3287.17,3325.26,3278.73,3316.97,2.012,206290186.0,554769228200.0,tencent
2026-03-25,899050,北证50,1275.35,1292.82,1275.35,1286.94,1.48,638044985.0,13221000000.0,csindex
2026-03-26,000001,上证指数,3924.96,3937.1,3880.57,3889.08,-1.09,61597398100.0,848361000000.0,csindex
2026-03-26,000300,沪深300,4525.33,4541.05,4468.96,4477.53,-1.32,21373678800.0,471127000000.00006,csindex
2026-03-26,000688,科创50,1313.97,1316.46,1285.38,1288.81,-2.02,863177000.0,55519000000.00001,csindex
2026-03-26,000852,中证1000,7733.7,7775.89,7614.89,7639.38,-1.44,27345513300.0,404053000000.0,csindex
2026-03-26,399001,深证成指,13756.87,13853.1,13573.12,13606.44,-1.4098,667004907.0,1095254634000.0,tencent
2026-03-26,399006,创业板指,3299.03,3347.23,3264.0,3272.49,-1.341,185458328.0,489469562700.00006,tencent
2026-03-26,899050,北证50,1289.36,1302.3,1262.88,1266.68,-1.57,671912591.0,13516000000.0,csindex
2026-03-27,000001,上证指数,3852.09,3924.11,3852.09,3913.72,0.63,56134296300.0,799696000000.0,csindex
2026-03-27,000300,沪深300,4431.5,4519.89,4431.42,4502.57,0.56,19240038800.0,440518000000.0,csindex
2026-03-27,000688,科创50,1265.53,1308.94,1265.53,1300.76,0.93,860307000.0,52752000000.0,csindex
2026-03-27,000852,中证1000,7526.59,7784.55,7526.59,7746.31,1.4,25889527400.0,403804000000.0,csindex
2026-03-27,399001,深证成指,13423.51,13842.4,13419.31,13760.37,1.1313,630568985.0,1053577032500.0,tencent
2026-03-27,399006,创业板指,3236.37,3323.33,3228.41,3295.88,0.7147,169688303.0,460779852600.0,tencent
2026-03-27,899050,北证50,1250.22,1278.9,1248.58,1271.41,0.37,523107783.0,10722000000.0,csindex
2026-03-30,000001,上证指数,3884.28,3924.29,3872.78,3923.29,0.24,59558947900.0,839821999999.9999,csindex
2026-03-30,000300,沪深300,4461.74,4496.41,4447.14,4491.95,-0.24,20929309200.0,444630000000.0,csindex
2026-03-30,000688,科创50,1278.99,1294.54,1269.32,1289.78,-0.84,935720400.0,53433000000.00001,csindex
2026-03-30,000852,中证1000,7664.64,7774.85,7618.96,7767.93,0.28,26117412900.0,411974000000.0,csindex
2026-03-30,399001,深证成指,13618.79,13748.21,13536.56,13726.19,-0.2484,653413030.0,1076071343500.0,tencent
2026-03-30,399006,创业板指,3254.43,3281.39,3224.6,3273.36,-0.6833,172193857.0,453981833000.0,tencent
2026-03-30,899050,北证50,1255.64,1268.62,1248.29,1260.71,-0.84,560401213.0,11889000000.0,csindex
2026-03-31,000001,上证指数,3924.07,3948.81,3891.86,3891.86,-0.8,60670498300.0,891945000000.0001,csindex
2026-03-31,000300,沪深300,4491.92,4523.17,4450.05,4450.05,-0.93,22454158500.0,484558000000.0,csindex
2026-03-31,000688,科创50,1283.9,1296.03,1256.33,1256.33,-2.59,958319000.0,57609000000.0,csindex
2026-03-31,000852,中证1000,7741.96,7789.24,7618.19,7619.85,-1.91,25525579000.0,404652000000.0,csindex
2026-03-31,399001,深证成指,13683.68,13783.97,13478.06,13478.06,-1.8077,664490771.0,1100705943200.0,tencent
2026-03-31,399006,创业板指,3247.28,3280.48,3184.95,3184.95,-2.7009,178168265.0,474017219600.0,tencent
2026-03-31,899050,北证50,1261.64,1279.76,1247.52,1248.29,-0.98,622997407.0,13472999999.999998,csindex
2026-04-01,000001,上证指数,3939.57,3955.94,3929.92,3948.55,1.46,56461159800.0,897278000000.0001,csindex
2026-04-01,000300,沪深300,4517.27,4532.11,4492.05,4526.07,1.71,21648319600.0,503743999999.99994,csindex
2026-04-01,000688,科创50,1290.64,1302.87,1282.31,1298.2,3.33,982646100.0,67777000000.0,csindex
2026-04-01,000852,中证1000,7767.88,7786.76,7692.01,7764.15,1.89,25597564400.0,420060999999.99994,csindex
2026-04-01,399001,深证成指,13731.39,13740.97,13603.79,13706.52,1.6951,655763382.0,1115237775700.0,tencent
2026-04-01,399006,创业板指,3255.26,3255.26,3206.8,3247.52,1.9646,180123659.0,510585857700.00006,tencent
2026-04-01,899050,北证50,1269.74,1278.99,1260.32,1278.12,2.39,576716092.0,12607000000.0,csindex
2026-04-02,000001,上证指数,3940.8,3952.58,3900.12,3919.29,-0.74,54421283500.0,811897000000.0,csindex
2026-04-02,000300,沪深300,4514.44,4519.69,4459.61,4478.91,-1.04,19099216100.0,429949000000.0,csindex
2026-04-02,000688,科创50,1294.63,1294.63,1254.62,1262.18,-2.77,758811400.0,52628000000.0,csindex
2026-04-02,000852,中证1000,7733.75,7764.03,7581.39,7623.42,-1.81,24684116100.0,388677000000.0,csindex
2026-04-02,399001,深证成指,13658.25,13680.63,13418.5,13486.94,-1.602,636038710.0,1031097369700.0,tencent
2026-04-02,399006,创业板指,3229.6,3229.68,3155.13,3172.65,-2.3055,174675433.0,454116594600.0,tencent
2026-04-02,899050,北证50,1272.08,1312.07,1265.03,1281.91,0.3,738384776.0,14993000000.0,csindex
2026-04-03,000001,上证指数,3927.59,3929.53,3871.3,3880.1,-1.0,49269908200.0,713830000000.0,csindex
2026-04-03,000300,沪深300,4492.85,4494.46,4437.6,4440.79,-0.85,16832170500.0,373235000000.0,csindex
2026-04-03,000688,科创50,1270.94,1272.84,1254.76,1256.21,-0.47,670642100.0,43238000000.0,csindex
2026-04-03,000852,中证1000,7658.82,7664.76,7521.94,7536.6,-1.14,22368034900.0,354379000000.0,csindex
2026-04-03,399001,深证成指,13553.65,13558.91,13345.61,13352.9,-0.9939,586572227.0,942677102200.0,tencent
2026-04-03,399006,创业板指,3197.77,3199.44,3149.15,3149.6,-0.7265,161826887.0,434346343600.0,tencent
2026-04-03,899050,北证50,1281.92,1291.83,1254.07,1254.68,-2.12,617730056.0,12588000000.0,csindex
2026-04-07,000001,上证指数,3884.15,3902.61,3875.68,3890.16,0.26,47361507600.0,723906000000.0,csindex
2026-04-07,000300,沪深300,4445.86,4458.93,4420.69,4440.62,0.0,16263878700.0,378262000000.0,csindex
2026-04-07,000688,科创50,1261.71,1286.53,1261.71,1274.01,1.42,632234900.0,58641999999.99999,csindex
2026-04-07,000852,中证1000,7556.28,7640.51,7554.41,7606.02,0.92,21097435700.0,343772000000.0,csindex
2026-04-07,399001,深证成指,13392.94,13476.08,13305.51,13400.41,0.3558,540630597.0,890489003600.0,tencent
2026-04-07,399006,创业板指,3162.82,3181.35,3133.78,3160.82,0.3562,146704274.0,394413814500.0,tencent
2026-04-07,899050,北证50,1256.15,1268.78,1247.6,1250.41,-0.34,489283643.0,9385000000.0,csindex
2026-04-08,000001,上证指数,3930.25,3995.0,3926.25,3995.0,2.69,64413535200.0,1074212000000.0001,csindex
2026-04-08,000300,沪深300,4517.34,4595.56,4513.77,4595.56,3.49,25333921300.0,641779000000.0,csindex
2026-04-08,000688,科创50,1317.28,1352.69,1316.63,1352.69,6.18,1142256800.0,86413000000.0,csindex
2026-04-08,000852,中证1000,7765.55,7955.77,7765.2,7955.77,4.6,29788517200.0,520658000000.0,csindex
2026-04-08,399001,深证成指,13717.22,14042.5,13694.91,14042.5,4.7916,748327010.0,1360312858100.0,tencent
2026-04-08,399006,创业板指,3257.91,3348.39,3243.78,3347.61,5.9095,226902300.0,655429932800.0,tencent
2026-04-08,899050,北证50,1280.38,1308.39,1279.45,1307.43,4.56,769314805.0,16476000000.0,csindex
2026-04-09,000001,上证指数,3967.63,3979.13,3955.25,3966.17,-0.72,54156980100.0,902482000000.0,csindex
2026-04-09,000300,沪深300,4562.67,4579.2,4552.42,4566.22,-0.64,18493978300.0,500446000000.0,csindex
2026-04-09,000688,科创50,1335.29,1362.91,1333.01,1343.95,-0.65,784651000.0,67719000000.00001,csindex
2026-04-09,000852,中证1000,7881.8,7959.07,7872.47,7921.45,-0.43,26065017100.0,466354000000.0,csindex
2026-04-09,399001,深证成指,13928.43,14058.05,13891.48,13996.27,-0.3292,653026389.0,1231594304700.0,tencent
2026-04-09,399006,创业板指,3316.29,3340.3,3301.65,3323.3,-0.7262,195555903.0,571477746800.0,tencent
2026-04-09,899050,北证50,1292.93,1306.9,1282.99,1286.3,-1.62,631779429.0,13422000000.0,csindex
2026-04-10,000001,上证指数,3985.46,4011.02,3979.81,3986.22,0.51,54641554100.0,955664000000.0,csindex
2026-04-10,000300,沪深300,4594.95,4655.1,4590.11,4636.57,1.54,20867860500.0,625718000000.0,csindex
2026-04-10,000688,科创50,1363.58,1382.94,1362.4,1364.49,1.53,847165900.0,75599000000.0,csindex
2026-04-10,000852,中证1000,7981.62,8059.76,7981.62,7998.23,0.97,26241528500.0,494992000000.0,csindex
2026-04-10,399001,深证成指,14098.02,14382.61,14095.88,14309.47,2.2377,668726169.0,1367204589000.0,tencent
2026-04-10,399006,创业板指,3355.07,3470.72,3354.77,3448.79,3.7761,205391067.0,647882946500.0,tencent
2026-04-10,899050,北证50,1295.86,1318.18,1294.95,1307.67,1.66,656023522.0,14901000000.0,csindex
2026-04-13,000001,上证指数,3971.2,3991.26,3966.2,3988.56,0.06,54578176800.0,919436000000.0,csindex
2026-04-13,000300,沪深300,4615.13,4653.4,4615.13,4646.15,0.21,19671227700.0,556621000000.0,csindex
2026-04-13,000688,科创50,1358.46,1396.0,1358.46,1375.29,0.79,901889400.0,79738000000.0,csindex
2026-04-13,000852,中证1000,7947.22,8040.03,7947.22,8025.57,0.34,24984977300.0,452432000000.0,csindex
2026-04-13,399001,深证成指,14233.11,14440.26,14233.11,14407.86,0.6876,623636577.0,1230931861400.0,tencent
2026-04-13,399006,创业板指,3434.32,3492.48,3434.32,3476.44,0.8017,180013140.0,564917428100.0,tencent
2026-04-13,899050,北证50,1296.33,1310.58,1296.33,1308.25,0.04,551138295.0,12891999999.999998,csindex
2026-04-14,000001,上证指数,4006.73,4026.63,3992.41,4026.63,0.95,57025900300.0,998435000000.0,csindex
2026-04-14,000300,沪深300,4676.12,4701.28,4654.85,4701.28,1.19,20470033200.0,605718000000.0,csindex
2026-04-14,000688,科创50,1398.4,1409.85,1387.42,1405.07,2.17,930265900.0,91340000000.0,csindex
2026-04-14,000852,中证1000,8088.05,8144.76,8059.38,8144.76,1.49,26630582500.0,509464999999.99994,csindex
2026-04-14,399001,深证成指,14514.69,14640.77,14463.93,14639.95,1.6109,683376964.0,1385288551800.0,tencent
2026-04-14,399006,创业板指,3507.11,3560.3,3493.37,3558.53,2.3613,200966062.0,655853282900.0,tencent
2026-04-14,899050,北证50,1314.93,1324.25,1306.62,1323.5,1.17,554560744.0,13247999999.999998,csindex
2026-04-15,000001,上证指数,4039.47,4050.62,4020.9,4027.21,0.01,56945858900.0,1028852000000.0,csindex
2026-04-15,000300,沪深300,4726.64,4731.27,4672.56,4685.25,-0.34,20168850000.0,604551000000.0,csindex
2026-04-15,000688,科创50,1415.39,1433.35,1399.75,1406.32,0.09,954766300.0,96268000000.0,csindex
2026-04-15,000852,中证1000,8186.07,8193.3,8083.27,8106.16,-0.47,27384184600.0,520849000000.0,csindex
2026-04-15,399001,深证成指,14736.01,14738.53,14440.21,14498.45,-0.9665,697369584.0,1386392925700.0,tencent
2026-04-15,399006,创业板指,3596.08,3599.98,3491.45,3514.96,-1.2244,203159933.0,646515424000.0,tencent
2026-04-15,899050,北证50,1332.16,1346.27,1319.05,1323.08,-0.03,613715775.0,14419000000.0,csindex
2026-04-16,000001,上证指数,4030.14,4057.83,4028.91,4055.55,0.7,54587696700.0,976565000000.0,csindex
2026-04-16,000300,沪深300,4694.43,4739.22,4689.41,4736.61,1.1,19205760000.0,567611000000.0,csindex
2026-04-16,000688,科创50,1406.32,1424.17,1402.2,1422.23,1.13,1000577100.0,86333000000.0,csindex
2026-04-16,000852,中证1000,8120.36,8239.01,8100.49,8232.98,1.56,27958443300.0,504935000000.00006,csindex
2026-04-16,399001,深证成指,14546.35,14807.16,14522.86,14796.33,2.0546,686456018.0,1365124844199.9998,tencent
2026-04-16,399006,创业板指,3531.26,3629.42,3518.36,3626.27,3.1668,212193010.0,662253182500.0,tencent
2026-04-16,899050,北证50,1333.11,1341.39,1318.56,1340.82,1.34,618725042.0,13458000000.000002,csindex
2026-04-17,000001,上证指数,4043.38,4058.6,4038.43,4051.43,-0.1,54879140600.0,1013520999999.9999,csindex
2026-04-17,000300,沪深300,4729.0,4738.32,4714.47,4728.67,-0.17,18291533600.0,587623000000.0,csindex
2026-04-17,000688,科创50,1414.87,1433.8,1413.58,1423.35,0.08,963505300.0,88252000000.0,csindex
2026-04-17,000852,中证1000,8225.73,8333.22,8223.71,8307.44,0.9,28510344300.0,530441000000.0,csindex
2026-04-17,399001,深证成指,14806.28,14916.39,14787.87,14885.42,0.6021,695914499.0,1412063032900.0,tencent
2026-04-17,399006,创业板指,3643.15,3685.1,3620.33,3678.29,1.4345,213647879.0,684281808800.0,tencent
2026-04-17,899050,北证50,1341.72,1419.53,1340.06,1404.8,4.77,1182441815.0,27522000000.000004,csindex
2026-04-20,000001,上证指数,4053.37,4083.19,4051.69,4082.13,0.76,58984137900.0,1084578000000.0001,csindex
2026-04-20,000300,沪深300,4727.17,4763.04,4720.69,4757.44,0.61,22163349400.0,626568000000.0,csindex
2026-04-20,000688,科创50,1426.89,1451.39,1426.03,1450.52,1.91,1127584600.0,88429000000.0,csindex
2026-04-20,000852,中证1000,8308.06,8374.81,8308.06,8357.81,0.61,29202960400.0,559665000000.0,csindex
2026-04-20,399001,深证成指,14870.9,15006.92,14845.97,14966.75,0.5464,723332086.0,1494192078000.0,tencent
2026-04-20,399006,创业板指,3657.35,3696.26,3642.81,3677.58,-0.0193,215598844.0,698484540800.0,tencent
2026-04-20,899050,北证50,1406.21,1448.76,1400.91,1420.5,1.12,1138299679.0,27920000000.0,csindex
2026-04-21,000001,上证指数,4075.85,4086.64,4062.13,4085.08,0.07,57668945000.0,1033349000000.0,csindex
2026-04-21,000300,沪深300,4750.51,4776.83,4722.01,4768.0,0.22,20561405800.0,580408000000.0,csindex
2026-04-21,000688,科创50,1445.2,1445.54,1415.6,1426.68,-1.64,965157000.0,80219000000.0,csindex
2026-04-21,000852,中证1000,8331.59,8358.12,8270.16,8351.16,-0.08,27899621000.0,521902000000.00006,csindex
2026-04-21,399001,深证成指,14920.38,15017.75,14774.08,14982.14,0.1028,701150038.0,1375194588700.0,tencent
2026-04-21,399006,创业板指,3662.26,3695.74,3619.48,3688.94,0.3089,196710069.0,634026122600.0,tencent
2026-04-21,899050,北证50,1409.28,1417.46,1391.44,1398.96,-1.52,760404675.0,18295000000.0,csindex
2026-04-22,000001,上证指数,4074.81,4106.84,4074.68,4106.26,0.52,58246634600.0,1093626000000.0,csindex
2026-04-22,000300,沪深300,4751.28,4801.45,4750.35,4799.63,0.66,20448183000.0,619506000000.0,csindex
2026-04-22,000688,科创50,1420.78,1451.46,1420.24,1451.14,1.71,980596100.0,83401000000.0,csindex
2026-04-22,000852,中证1000,8317.28,8482.15,8317.28,8481.24,1.56,28170553900.0,558390000000.0,csindex
2026-04-22,399001,深证成指,14897.96,15182.82,14897.96,15177.29,1.3026,698955593.0,1466159216500.0,tencent
2026-04-22,399006,创业板指,3660.42,3755.75,3660.09,3752.76,1.73,208325490.0,690964644300.0001,tencent
2026-04-22,899050,北证50,1398.73,1427.82,1397.77,1421.21,1.59,741222342.0,19307000000.0,csindex
2026-04-23,000001,上证指数,4110.79,4114.84,4070.46,4093.25,-0.32,67116609200.0,1234396000000.0,csindex
2026-04-23,000300,沪深300,4816.03,4823.47,4759.86,4786.33,-0.28,23286573600.0,693854000000.0,csindex
2026-04-23,000688,科创50,1466.12,1467.7,1419.01,1432.59,-1.28,1144654000.0,96366000000.0,csindex
2026-04-23,000852,中证1000,8489.0,8500.44,8302.85,8362.74,-1.4,31979149200.0,623697000000.0,csindex
2026-04-23,399001,深证成指,15234.22,15248.43,14934.68,15043.45,-0.8818,761022818.0,1570096212300.0,tencent
2026-04-23,399006,创业板指,3769.02,3785.23,3681.57,3720.25,-0.8663,234554114.0,741796706000.0,tencent
2026-04-23,899050,北证50,1419.78,1421.14,1376.96,1378.03,-3.04,751655127.0,19065000000.0,csindex
2026-04-24,000001,上证指数,4081.03,4092.61,4061.15,4079.9,-0.33,60503179800.0,1143000000000.0,csindex
2026-04-24,000300,沪深300,4771.73,4786.44,4735.61,4769.37,-0.35,19379831400.0,680098000000.0,csindex
2026-04-24,000688,科创50,1443.04,1472.96,1417.21,1453.69,1.47,1141340600.0,112277000000.0,csindex
2026-04-24,000852,中证1000,8318.6,8360.79,8254.43,8304.14,-0.7,29374811800.0,566282000000.0,csindex
2026-04-24,399001,深证成指,14951.74,15033.67,14795.22,14940.3,-0.6857,709729439.0,1498859076699.9998,tencent
2026-04-24,399006,创业板指,3682.5,3699.94,3625.0,3667.79,-1.4101,227960182.0,729481270100.0,tencent
2026-04-24,899050,北证50,1373.94,1390.75,1367.07,1370.22,-0.57,668732221.0,16130000000.000002,csindex
2026-04-27,000001,上证指数,4074.81,4092.83,4071.08,4086.34,0.16,58995086700.0,1136052000000.0,csindex
2026-04-27,000300,沪深300,4776.34,4795.17,4762.64,4770.95,0.03,19279655000.0,648905000000.0,csindex
2026-04-27,000688,科创50,1478.31,1515.28,1466.66,1508.38,3.76,1356053800.0,123535999999.99998,csindex
2026-04-27,000852,中证1000,8292.81,8366.31,8249.94,8338.73,0.42,27706012400.0,544735999999.99994,csindex
2026-04-27,399001,深证成指,14960.02,15054.46,14919.22,14995.75,0.3711,709930001.0,1453399425000.0,tencent
2026-04-27,399006,创业板指,3677.89,3686.94,3640.11,3648.79,-0.518,215941887.0,674213473900.0,tencent
2026-04-27,899050,北证50,1360.19,1369.01,1350.02,1361.47,-0.64,683038977.0,15697000000.0,csindex
2026-04-28,000001,上证指数,4076.14,4090.2,4062.87,4078.64,-0.19,60050749800.0,1113956000000.0,csindex
2026-04-28,000300,沪深300,4757.08,4778.19,4743.44,4758.21,-0.27,21672423300.0,631522000000.0,csindex
2026-04-28,000688,科创50,1497.32,1525.34,1479.67,1488.66,-1.31,1192550800.0,101930000000.0,csindex
2026-04-28,000852,中证1000,8307.69,8316.27,8187.24,8226.69,-1.34,28497044600.0,549202000000.00006,csindex
2026-04-28,399001,深证成指,14925.22,14943.36,14772.46,14830.46,-1.1022,723727547.0,1422352274500.0,tencent
2026-04-28,399006,创业板指,3623.49,3636.93,3580.39,3596.71,-1.4273,218834025.0,664872021600.0,tencent
2026-04-28,899050,北证50,1360.12,1362.98,1324.26,1325.39,-2.65,691560950.0,14527000000.000002,csindex
2026-04-29,000001,上证指数,4061.82,4112.15,4061.82,4107.51,0.71,61422145100.0,1126615000000.0,csindex
2026-04-29,000300,沪深300,4737.58,4813.61,4737.11,4810.35,1.1,23329811000.0,681021000000.0,csindex
2026-04-29,000688,科创50,1474.12,1495.01,1451.71,1493.5,0.33,1145722100.0,96265000000.0,csindex
2026-04-29,000852,中证1000,8163.35,8361.49,8163.35,8343.07,1.41,28909945600.0,557143000000.0,csindex
2026-04-29,399001,深证成指,14751.42,15139.71,14751.42,15120.92,1.9585,736380398.0,1463521736300.0,tencent
2026-04-29,399006,创业板指,3578.42,3692.21,3578.42,3687.17,2.5151,215002402.0,679396871400.0,tencent
2026-04-29,899050,北证50,1316.97,1339.89,1315.03,1331.74,0.48,781298675.0,18955000000.0,csindex
2026-04-30,000001,上证指数,4107.3,4118.76,4100.97,4112.16,0.11,65691272800.0,1276195000000.0,csindex
2026-04-30,000300,沪深300,4820.97,4829.27,4797.54,4807.31,-0.06,25063337000.0,726665000000.0,csindex
2026-04-30,000688,科创50,1511.39,1580.52,1511.39,1571.07,5.19,1510961200.0,143369000000.0,csindex
2026-04-30,000852,中证1000,8345.25,8402.36,8324.29,8381.95,0.47,29911511000.0,595982000000.0,csindex
2026-04-30,399001,深证成指,15157.07,15186.12,15044.86,15107.55,-0.0884,737703743.0,1464716733100.0,tencent
2026-04-30,399006,创业板指,3704.11,3718.4,3660.22,3677.15,-0.2718,201808141.0,638060867600.0,tencent
2026-04-30,899050,北证50,1328.46,1337.22,1325.49,1330.09,-0.12,791465795.0,18628000000.0,csindex
2026-05-06,000001,上证指数,4135.45,4166.15,4129.91,4160.17,1.17,70117748000.0,1465903000000.0,csindex
2026-05-06,000300,沪深300,4857.65,4892.8,4834.28,4877.09,1.45,27444388000.0,881744000000.0,csindex
2026-05-06,000688,科创50,1634.31,1715.08,1631.65,1656.95,5.47,1830104800.0,202264000000.0,csindex
2026-05-06,000852,中证1000,8462.02,8610.88,8462.02,8574.56,2.3,33085337100.0,690961000000.0,csindex
2026-05-06,399001,深证成指,15323.19,15534.67,15254.99,15459.62,2.3304,826248677.0,1760931025000.0,tencent
2026-05-06,399006,创业板指,3760.67,3815.07,3724.53,3778.16,2.747,249880273.0,838085984000.0,tencent
2026-05-06,899050,北证50,1340.27,1369.53,1340.27,1363.29,2.5,802896930.0,20137000000.0,csindex
2026-05-07,000001,上证指数,4168.45,4180.21,4163.14,4180.09,0.48,68557424900.0,1359100000000.0,csindex
2026-05-07,000300,沪深300,4895.8,4901.86,4866.87,4900.51,0.48,25783397200.0,787236000000.0,csindex
2026-05-07,000688,科创50,1663.16,1682.22,1646.94,1678.89,1.32,1393006300.0,147149000000.0,csindex
2026-05-07,000852,中证1000,8602.15,8716.86,8573.3,8714.51,1.63,33247719000.0,687608000000.0,csindex
2026-05-07,399001,深证成指,15541.3,15652.58,15439.48,15641.89,1.179,844489884.0,1784856104500.0,tencent
2026-05-07,399006,创业板指,3807.99,3840.06,3761.23,3833.06,1.4531,252313119.0,839415277800.0,tencent
2026-05-07,899050,北证50,1369.89,1421.72,1369.89,1404.94,3.05,931915371.0,24655000000.0,csindex
2026-05-08,000001,上证指数,4163.85,4183.06,4154.25,4179.95,0.0,69701909400.0,1331673000000.0,csindex
2026-05-08,000300,沪深300,4871.12,4887.21,4849.99,4871.91,-0.58,25172099600.0,716546000000.0,csindex
2026-05-08,000688,科创50,1653.31,1655.57,1625.61,1640.46,-2.29,1500507400.0,134384999999.99998,csindex
2026-05-08,000852,中证1000,8655.13,8760.19,8651.06,8741.15,0.31,32178154500.0,656747000000.0,csindex
2026-05-08,399001,深证成指,15520.38,15639.39,15466.84,15563.8,-0.4992,826218480.0,1716868864500.0,tencent
2026-05-08,399006,创业板指,3792.04,3840.16,3787.17,3796.13,-0.9635,242873982.0,782390376400.0,tencent
2026-05-08,899050,北证50,1394.95,1445.06,1390.27,1436.36,2.24,1021559347.0,27388000000.0,csindex
2026-05-11,000001,上证指数,4201.35,4229.58,4186.08,4225.02,1.08,76273628700.0,1584367000000.0,csindex
2026-05-11,000300,沪深300,4902.28,4960.4,4889.57,4951.84,1.64,30573480100.0,904479000000.0001,csindex
2026-05-11,000688,科创50,1687.64,1727.3,1669.73,1716.69,4.65,1829405800.0,183092000000.0,csindex
2026-05-11,000852,中证1000,8807.91,8888.87,8760.71,8866.78,1.44,34480797200.0,742541000000.0,csindex
2026-05-11,399001,深证成指,15697.44,15921.65,15622.33,15899.3,2.1556,911634859.0,1954494738000.0,tencent
2026-05-11,399006,创业板指,3829.61,3937.87,3797.5,3928.97,3.4994,264046160.0,922847287099.9999,tencent
2026-05-11,899050,北证50,1441.4,1443.28,1421.32,1426.31,-0.7,959515032.0,26843000000.0,csindex
2026-05-12,000001,上证指数,4229.28,4230.18,4199.34,4214.49,-0.25,71898400200.0,1465273000000.0,csindex
2026-05-12,000300,沪深300,4965.02,4971.3,4926.79,4948.05,-0.08,27381200100.0,819351000000.0,csindex
2026-05-12,000688,科创50,1708.21,1747.17,1687.96,1723.78,0.41,1692708900.0,163162000000.0,csindex
2026-05-12,000852,中证1000,8880.41,8881.9,8749.72,8821.89,-0.51,32084927800.0,683458000000.0,csindex
2026-05-12,399001,深证成指,15952.79,15952.79,15711.27,15824.92,-0.4678,847817149.0,1777383753899.9998,tencent
2026-05-12,399006,创业板指,3947.14,3954.99,3897.82,3934.88,0.1504,247035078.0,838293258000.0,tencent
2026-05-12,899050,北证50,1431.11,1451.1,1410.27,1419.4,-0.48,943145762.0,27345999999.999996,csindex
2026-05-13,000001,上证指数,4192.31,4245.07,4192.31,4242.57,0.67,70501873900.0,1447464000000.0,csindex
2026-05-13,000300,沪深300,4919.42,5001.12,4919.42,4998.34,1.02,26845453700.0,823173000000.0,csindex
2026-05-13,000688,科创50,1684.37,1771.49,1677.54,1770.15,2.69,1777324700.0,158689000000.0,csindex
2026-05-13,000852,中证1000,8764.02,8958.46,8764.02,8955.45,1.51,31915270600.0,677187000000.0,csindex
2026-05-13,399001,深证成指,15713.54,16100.46,15713.54,16089.75,1.6735,827341429.0,1792550090900.0,tencent
2026-05-13,399006,创业板指,3900.74,4041.99,3893.8,4038.33,2.6291,248072070.0,860686701900.0,tencent
2026-05-13,899050,北证50,1409.61,1438.69,1406.74,1438.46,1.34,934667005.0,24509000000.0,csindex
2026-05-14,000001,上证指数,4256.16,4258.86,4177.92,4177.92,-1.52,76423500400.0,1498117000000.0,csindex
2026-05-14,000300,沪深300,5027.64,5030.52,4913.6,4914.6,-1.68,28069537900.0,857445999999.9999,csindex
2026-05-14,000688,科创50,1792.34,1800.61,1723.7,1725.09,-2.55,2107102300.0,170925000000.0,csindex
2026-05-14,000852,中证1000,8989.49,8991.85,8778.71,8778.71,-1.97,35634417700.0,730970000000.0,csindex
2026-05-14,399001,深证成指,16202.22,16207.75,15745.74,15745.74,-2.1381,873525492.0,1864136878600.0002,tencent
2026-05-14,399006,创业板指,4087.85,4090.42,3937.6,3951.14,-2.1591,250323172.0,887382494100.0,tencent
2026-05-14,899050,北证50,1445.51,1446.19,1384.78,1384.78,-3.73,994989033.0,26164000000.0,csindex
2026-05-15,000001,上证指数,4174.18,4191.81,4114.09,4135.39,-1.02,73316235700.0,1519240000000.0,csindex
2026-05-15,000300,沪深300,4911.62,4935.62,4832.69,4859.59,-1.12,27696776900.0,887687000000.0001,csindex
2026-05-15,000688,科创50,1724.36,1769.8,1669.99,1696.26,-1.67,2160121400.0,191146000000.0,csindex
2026-05-15,000852,中证1000,8786.38,8846.52,8616.06,8682.65,-1.09,35570731700.0,730238000000.0,csindex
2026-05-15,399001,深证成指,15753.19,15855.55,15447.4,15561.37,-1.1709,849695631.0,1825236172800.0,tencent
2026-05-15,399006,创业板指,3957.74,4002.73,3870.37,3929.06,-0.5588,245569819.0,876510686300.0,tencent
2026-05-15,899050,北证50,1386.21,1404.49,1370.23,1378.3,-0.47,904477938.0,25975000000.0,csindex
2026-05-18,000001,上证指数,4120.14,4145.66,4108.6,4131.53,-0.09,62723313700.0,1315084000000.0,csindex
2026-05-18,000300,沪深300,4836.33,4868.6,4806.15,4833.52,-0.54,23907758700.0,733453000000.0,csindex
2026-05-18,000688,科创50,1690.38,1748.1,1684.9,1709.96,0.81,1591395600.0,152427000000.0,csindex
2026-05-18,000852,中证1000,8645.76,8766.31,8610.74,8720.21,0.43,30042067200.0,628497000000.0,csindex
2026-05-18,399001,深证成指,15465.3,15658.11,15419.04,15530.23,-0.2001,738305604.0,1578895897800.0,tencent
2026-05-18,399006,创业板指,3895.07,3961.16,3883.4,3914.88,-0.3609,217646936.0,757350469300.0001,tencent
2026-05-18,899050,北证50,1373.14,1378.18,1353.0,1356.95,-1.55,773029928.0,23470000000.0,csindex
2026-05-19,000001,上证指数,4122.96,4170.29,4107.99,4169.54,0.92,61761106700.0,1306522000000.0,csindex
2026-05-19,000300,沪深300,4818.71,4854.52,4773.53,4852.88,0.4,23228085200.0,712401000000.0,csindex
2026-05-19,000688,科创50,1697.4,1776.26,1670.36,1775.13,3.81,1710436800.0,169325000000.0,csindex
2026-05-19,000852,中证1000,8691.38,8812.03,8602.05,8808.64,1.01,29921984500.0,628936000000.0,csindex
2026-05-19,399001,深证成指,15469.36,15585.04,15221.35,15569.91,0.2555,731216529.0,1580035927600.0,tencent
2026-05-19,399006,创业板指,3894.0,3918.31,3808.47,3908.44,-0.1645,223481304.0,762720750300.0,tencent
2026-05-19,899050,北证50,1358.08,1374.57,1353.0,1364.83,0.58,759623072.0,22667000000.0,csindex
2026-05-20,000001,上证指数,4152.7,4169.85,4139.97,4162.18,-0.18,62415203500.0,1358927000000.0,csindex
2026-05-20,000300,沪深300,4829.61,4866.21,4825.64,4850.7,-0.04,22002320600.0,729653000000.0,csindex
2026-05-20,000688,科创50,1764.21,1835.22,1764.21,1832.02,3.2,1845254200.0,190387000000.0,csindex
2026-05-20,000852,中证1000,8769.1,8823.68,8697.4,8808.91,0.0,30671918800.0,653946000000.0,csindex
2026-05-20,399001,深证成指,15487.43,15622.21,15426.38,15569.98,0.0004,726217958.0,1594787543000.0,tencent
2026-05-20,399006,创业板指,3889.68,3947.22,3887.15,3921.79,0.3416,222605616.0,756328408400.0,tencent
2026-05-20,899050,北证50,1360.24,1361.38,1339.35,1349.37,-1.13,756869779.0,23041000000.0,csindex
2026-05-21,000001,上证指数,4174.38,4199.53,4074.22,4077.28,-2.04,72721870100.0,1595727000000.0,csindex
2026-05-21,000300,沪深300,4886.24,4937.93,4780.71,4783.1,-1.39,28734250700.0,891936000000.0,csindex
2026-05-21,000688,科创50,1866.29,1892.6,1759.94,1764.17,-3.7,2127403800.0,216373999999.99997,csindex
2026-05-21,000852,中证1000,8852.43,8896.6,8500.92,8510.5,-3.39,35003795100.0,744490000000.0,csindex
2026-05-21,399001,深证成指,15707.96,15894.3,15232.6,15247.27,-2.0726,878984174.0,1885877969400.0,tencent
2026-05-21,399006,创业板指,3962.3,4017.81,3827.52,3829.78,-2.3461,265528742.0,896007099000.0,tencent
2026-05-21,899050,北证50,1361.86,1380.35,1322.98,1323.84,-1.89,856728366.0,26051000000.0,csindex
2026-05-22,000001,上证指数,4096.17,4120.09,4067.75,4112.9,0.87,58945964400.0,1285848000000.0,csindex
2026-05-22,000300,沪深300,4818.84,4851.35,4785.35,4845.1,1.3,28694043500.0,771823000000.0,csindex
2026-05-22,000688,科创50,1790.74,1797.65,1747.14,1790.77,1.51,1760391900.0,162025000000.0,csindex
2026-05-22,000852,中证1000,8578.9,8719.39,8521.7,8692.67,2.14,28681240700.0,613491000000.0,csindex
2026-05-22,399001,深证成指,15382.29,15624.97,15295.57,15597.3,2.2957,763067278.0,1617472538500.0,tencent
2026-05-22,399006,创业板指,3875.81,3948.99,3856.21,3938.5,2.8388,214290151.0,787396763199.9999,tencent
2026-05-22,899050,北证50,1324.53,1331.88,1310.52,1327.26,0.26,705711214.0,21611000000.0,csindex
2026-05-25,000001,上证指数,4126.34,4153.88,4119.8,4152.57,0.96,61593086100.0,1445655000000.0,csindex
2026-05-25,000300,沪深300,4873.2,4922.44,4857.13,4921.6,1.58,26474323600.0,861179000000.0001,csindex
2026-05-25,000688,科创50,1791.67,1899.97,1774.19,1896.04,5.88,2149793700.0,221954000000.0,csindex
2026-05-25,000852,中证1000,8756.46,8802.95,8670.72,8799.31,1.23,30289600600.0,668584000000.0,csindex
2026-05-25,399001,深证成指,15716.39,15857.08,15547.16,15856.61,1.6625,781225873.0,1760074861200.0,tencent
2026-05-25,399006,创业板指,3974.97,4022.74,3905.69,4021.16,2.0988,231457815.0,878510327200.0,tencent
2026-05-25,899050,北证50,1331.91,1334.28,1309.14,1316.74,-0.79,752753359.0,21504000000.0,csindex
2026-05-26,000001,上证指数,4137.32,4150.29,4104.46,4145.37,-0.17,65477775600.0,1461685000000.0,csindex
2026-05-26,000300,沪深300,4900.12,4952.74,4892.68,4947.85,0.53,30279947600.0,899094000000.0,csindex
2026-05-26,000688,科创50,1877.39,1880.65,1824.32,1867.71,-1.49,1940888500.0,193153000000.0,csindex
2026-05-26,000852,中证1000,8755.91,8756.46,8560.8,8687.25,-1.27,31437355100.0,681154000000.0,csindex
2026-05-26,399001,深证成指,15786.82,15894.55,15662.16,15876.16,0.1233,823273532.0,1782006716900.0,tencent
2026-05-26,399006,创业板指,4003.13,4057.37,3985.51,4043.07,0.5449,228092127.0,837209303900.0,tencent
2026-05-26,899050,北证50,1315.6,1315.72,1267.94,1284.27,-2.47,785104118.0,20949000000.0,csindex
2026-05-27,000001,上证指数,4138.81,4153.56,4077.62,4093.73,-1.25,66046739900.0,1473449000000.0,csindex
2026-05-27,000300,沪深300,4940.95,4974.21,4891.34,4908.17,-0.8,30170917500.0,909012000000.0001,csindex
2026-05-27,000688,科创50,1875.42,1901.97,1809.7,1815.45,-2.8,2160969900.0,192836000000.0,csindex
2026-05-27,000852,中证1000,8679.54,8737.05,8495.72,8546.51,-1.62,31311235400.0,668283000000.0,csindex
2026-05-27,399001,深证成指,15868.9,16047.41,15656.65,15736.47,-0.8799,815871163.0,1765113240600.0,tencent
2026-05-27,399006,创业板指,4053.68,4148.23,4015.65,4045.77,0.0668,224129186.0,834578267000.0,tencent
2026-05-27,899050,北证50,1286.65,1298.12,1249.23,1253.75,-2.38,826748413.0,21688000000.0,csindex
2026-05-28,000001,上证指数,4080.3,4110.78,4055.83,4098.64,0.12,62117995000.0,1361326000000.0,csindex
2026-05-28,000300,沪深300,4889.27,4922.33,4843.23,4914.21,0.12,26743273100.0,819898000000.0,csindex
2026-05-28,000688,科创50,1805.11,1854.52,1796.04,1844.25,1.59,2154008000.0,177051000000.0,csindex
2026-05-28,000852,中证1000,8527.91,8659.61,8459.95,8637.74,1.07,30074765000.0,636606000000.0,csindex
2026-05-28,399001,深证成指,15691.16,15889.83,15504.79,15861.89,0.797,747849432.0,1606824859600.0,tencent
2026-05-28,399006,创业板指,4042.08,4135.38,3971.72,4125.07,1.9601,207796485.0,768291117900.0001,tencent
2026-05-28,899050,北证50,1256.63,1287.0,1244.2,1285.7,2.55,760468229.0,19447000000.0,csindex
2026-05-29,000001,上证指数,4110.52,4112.96,4055.89,4068.57,-0.73,73159771000.0,1532067000000.0,csindex
2026-05-29,000300,沪深300,4937.51,4954.07,4878.79,4892.12,-0.45,33251861000.0,942236000000.0,csindex
2026-05-29,000688,科创50,1850.27,1855.26,1727.62,1751.32,-5.04,2343137400.0,182140000000.0,csindex
2026-05-29,000852,中证1000,8673.8,8680.27,8357.8,8408.74,-2.65,33278021700.0,705660000000.0,csindex
2026-05-29,399001,深证成指,15957.12,15981.93,15492.84,15575.13,-1.8079,848879728.0,1786964795200.0,tencent
2026-05-29,399006,创业板指,4141.91,4158.69,4010.12,4037.95,-2.112,233413759.0,850350414200.0,tencent
2026-05-29,899050,北证50,1285.63,1296.1,1244.1,1244.1,-3.23,822131526.0,22220000000.0,csindex
2026-06-01,000001,上证指数,4067.16,4093.04,4045.69,4057.74,-0.27,67602580600.0,1319802000000.0,csindex
2026-06-01,000300,沪深300,4897.9,4918.79,4836.69,4844.26,-0.98,29613405100.0,823985000000.0,csindex
2026-06-01,000688,科创50,1751.23,1753.02,1662.82,1663.69,-5.0,1694183400.0,149901000000.0,csindex
2026-06-01,000852,中证1000,8393.52,8504.98,8339.35,8345.13,-0.76,30570642300.0,607633000000.0,csindex
2026-06-01,399001,深证成指,15601.03,15717.45,15316.02,15340.36,-1.5073,760393033.0,1557686047500.0,tencent
2026-06-01,399006,创业板指,4057.39,4081.42,3942.68,3950.94,-2.1548,210798809.0,728530856700.0,tencent
2026-06-01,899050,北证50,1244.97,1281.5,1244.97,1249.73,0.45,760889284.0,19486000000.0,csindex
2026-06-02,000001,上证指数,4061.46,4089.57,4032.58,4075.1,0.43,64224465600.0,1280966000000.0,csindex
2026-06-02,000300,沪深300,4860.61,4930.28,4832.0,4914.56,1.45,28173166200.0,806751000000.0,csindex
2026-06-02,000688,科创50,1676.31,1710.98,1641.17,1690.56,1.61,1557622000.0,133708999999.99998,csindex
2026-06-02,000852,中证1000,8360.81,8440.23,8219.15,8384.78,0.48,29277785300.0,589657000000.0,csindex
2026-06-02,399001,深证成指,15410.7,15664.39,15203.8,15591.13,1.6347,737350307.0,1512025925700.0,tencent
2026-06-02,399006,创业板指,3987.41,4083.92,3946.11,4055.87,2.6558,203915728.0,714031279200.0,tencent
2026-06-02,899050,北证50,1250.38,1257.81,1228.52,1252.21,0.2,810389617.0,20235000000.0,csindex
2026-06-03,000001,上证指数,4068.34,4107.05,4059.91,4083.97,0.22,66845258300.0,1429756000000.0,csindex
2026-06-03,000300,沪深300,4921.34,4991.85,4904.9,4938.81,0.49,30403594700.0,906048000000.0,csindex
2026-06-03,000688,科创50,1697.66,1776.2,1697.36,1726.18,2.11,1682555400.0,166311000000.0,csindex
2026-06-03,000852,中证1000,8386.86,8549.25,8357.46,8432.68,0.57,31829116600.0,688233000000.0,csindex
2026-06-03,399001,深证成指,15646.69,15962.36,15542.66,15704.71,0.7285,792737877.0,1700522735400.0,tencent
2026-06-03,399006,创业板指,4089.02,4218.33,4063.2,4122.99,1.6549,218925848.0,803001384400.0,tencent
2026-06-03,899050,北证50,1252.74,1271.1,1236.1,1246.24,-0.48,855927760.0,23141000000.0,csindex
2026-06-04,000001,上证指数,4053.67,4080.72,4043.43,4057.78,-0.64,62119477400.0,1274652000000.0,csindex
2026-06-04,000300,沪深300,4897.32,4938.78,4889.75,4904.75,-0.69,26480891000.0,736143000000.0,csindex
2026-06-04,000688,科创50,1700.31,1759.98,1697.22,1738.06,0.69,1496770100.0,132618000000.0,csindex
2026-06-04,000852,中证1000,8338.85,8456.02,8338.85,8420.09,-0.15,28617360900.0,599543000000.0,csindex
2026-06-04,399001,深证成指,15540.06,15745.19,15517.94,15661.57,-0.2747,718939421.0,1483016698100.0,tencent
2026-06-04,399006,创业板指,4072.55,4114.24,4051.15,4088.88,-0.8273,202724870.0,697606653000.0,tencent
2026-06-04,899050,北证50,1231.82,1241.38,1220.62,1230.26,-1.28,840567443.0,21748000000.0,csindex
2026-06-05,000001,上证指数,4044.83,4078.93,4015.06,4027.74,-0.74,66291857700.0,1363888000000.0,csindex
2026-06-05,000300,沪深300,4886.96,4924.34,4798.91,4816.92,-1.79,30192933600.0,839864000000.0,csindex
2026-06-05,000688,科创50,1706.53,1735.08,1659.48,1668.33,-4.01,1683570900.0,136854000000.0,csindex
2026-06-05,000852,中证1000,8380.85,8500.1,8305.4,8340.96,-0.94,31495357600.0,664779000000.0,csindex
2026-06-05,399001,深证成指,15595.7,15710.14,15243.51,15314.7,-2.2148,818251186.0,1705304054199.9998,tencent
2026-06-05,399006,创业板指,4079.95,4105.21,3933.07,3957.94,-3.2023,228732023.0,816091905800.0,tencent
2026-06-05,899050,北证50,1232.53,1327.47,1226.58,1299.07,5.59,1179184431.0,31880000000.0,csindex
2026-06-08,000001,上证指数,3938.71,4007.49,3927.85,3959.34,-1.7,65929355500.0,1267277000000.0,csindex
2026-06-08,000300,沪深300,4703.77,4779.86,4677.57,4713.64,-2.14,29964756500.0,761046000000.0,csindex
2026-06-08,000688,科创50,1587.97,1634.03,1578.18,1596.57,-4.3,1570749900.0,119405000000.0,csindex
2026-06-08,000852,中证1000,8069.48,8260.19,7987.4,8081.26,-3.11,30353698500.0,603155000000.0,csindex
2026-06-08,399001,深证成指,14835.37,15137.75,14681.64,14821.19,-3.2225,788640863.0,1525460875100.0,tencent
2026-06-08,399006,创业板指,3820.23,3903.77,3776.93,3811.79,-3.6926,228336414.0,722402374900.0,tencent
2026-06-08,899050,北证50,1269.71,1363.52,1262.57,1316.31,1.33,1177900246.0,30906000000.0,csindex
2026-06-09,000001,上证指数,3977.54,4010.87,3955.91,4010.03,1.28,57657009000.0,1173089000000.0,csindex
2026-06-09,000300,沪深300,4743.45,4802.5,4715.39,4801.81,1.87,25839160100.0,713287000000.0,csindex
2026-06-09,000688,科创50,1630.23,1666.48,1607.58,1663.11,4.17,1409895800.0,112366000000.00002,csindex
2026-06-09,000852,中证1000,8178.82,8322.11,8096.58,8318.7,2.94,29309759700.0,602773000000.0,csindex
2026-06-09,399001,深证成指,14992.55,15274.72,14846.55,15268.71,3.0195,718050679.0,1467207129000.0,tencent
2026-06-09,399006,创业板指,3865.69,3962.9,3823.76,3961.75,3.9341,209755585.0,720241468500.0,tencent
2026-06-09,899050,北证50,1317.17,1337.93,1294.38,1337.93,1.64,963174141.0,26625000000.0,csindex
2026-06-10,000001,上证指数,3985.12,4006.31,3963.44,3993.23,-0.42,59869473900.0,1227070000000.0,csindex
2026-06-10,000300,沪深300,4753.12,4786.52,4718.99,4748.59,-1.11,25929710900.0,694628000000.0,csindex
2026-06-10,000688,科创50,1662.85,1722.33,1632.33,1652.22,-0.65,1591172500.0,139089000000.0,csindex
2026-06-10,000852,中证1000,8232.02,8285.29,8103.01,8198.72,-1.44,28684456600.0,582027000000.0,csindex
2026-06-10,399001,深证成指,15062.51,15149.37,14817.11,14954.1,-2.0605,710462329.0,1392172809800.0,tencent
2026-06-10,399006,创业板指,3897.73,3928.36,3818.31,3854.79,-2.6998,203947087.0,648811830100.0,tencent
2026-06-10,899050,北证50,1322.5,1334.75,1292.42,1295.6,-3.16,932481850.0,25133000000.0,csindex
2026-06-11,000001,上证指数,3979.71,3997.48,3958.44,3987.01,-0.16,56854524400.0,1185555000000.0,csindex
2026-06-11,000300,沪深300,4730.07,4766.17,4685.5,4722.41,-0.55,24717705900.0,653932000000.0,csindex
2026-06-11,000688,科创50,1644.6,1676.53,1631.94,1662.44,0.62,1422069400.0,117156000000.0,csindex
2026-06-11,000852,中证1000,8158.46,8223.53,8084.9,8159.45,-0.48,27116395300.0,577081000000.0,csindex
2026-06-11,399001,深证成指,14889.57,15062.75,14706.09,14851.98,-0.6829,669817686.0,1366466938800.0,tencent
2026-06-11,399006,创业板指,3839.19,3910.28,3755.61,3811.25,-1.1295,198465341.0,649928667500.0,tencent
2026-06-11,899050,北证50,1282.42,1282.42,1248.56,1252.3,-3.34,906055359.0,23120000000.0,csindex
2026-06-12,000001,上证指数,4017.86,4060.27,4008.18,4031.51,1.12,74313109200.0,1537402000000.0,csindex
2026-06-12,000300,沪深300,4784.64,4809.86,4757.56,4777.32,1.16,33592206300.0,871477000000.0,csindex
2026-06-12,000688,科创50,1726.01,1730.89,1656.85,1663.22,0.05,2101856700.0,175820000000.0,csindex
2026-06-12,000852,中证1000,8294.9,8348.79,8181.42,8202.8,0.53,32859908500.0,717319000000.0,csindex
2026-06-12,399001,深证成指,15149.52,15171.22,14943.43,14963.41,0.7503,792336423.0,1677548225900.0,tencent
2026-06-12,399006,创业板指,3921.09,3921.53,3822.42,3830.35,0.5011,230246100.0,805740233100.0,tencent
2026-06-12,899050,北证50,1266.74,1278.96,1240.91,1242.57,-0.78,840361486.0,21349000000.0,csindex
2026-06-15,000001,上证指数,4053.58,4097.17,4051.07,4096.47,1.61,67890781100.0,1403586000000.0,csindex
2026-06-15,000300,沪深300,4829.29,4892.55,4803.18,4891.71,2.39,33131607600.0,914145999999.9999,csindex
2026-06-15,000688,科创50,1687.67,1748.51,1658.32,1748.33,5.12,1614093800.0,158477000000.0,csindex
2026-06-15,000852,中证1000,8269.4,8521.23,8269.4,8521.23,3.88,29601206700.0,640124000000.0,csindex
2026-06-15,399001,深证成指,15153.18,15531.11,15055.95,15531.11,3.7939,757054683.0,1627612447200.0,tencent
2026-06-15,399006,创业板指,3896.17,4033.53,3844.08,4033.53,5.3045,221269003.0,790537830500.0,tencent
2026-06-15,899050,北证50,1248.96,1263.84,1245.69,1263.84,1.71,791629276.0,19727000000.0,csindex
2026-06-16,000001,上证指数,4094.21,4103.93,4077.87,4091.89,-0.11,61566829600.0,1369613000000.0,csindex
2026-06-16,000300,沪深300,4894.88,4908.28,4866.06,4884.23,-0.15,28258474300.0,857203000000.0001,csindex
2026-06-16,000688,科创50,1751.71,1766.14,1729.04,1758.42,0.58,1501821800.0,142643000000.0,csindex
2026-06-16,000852,中证1000,8534.27,8684.65,8508.91,8646.4,1.47,29802260700.0,683489000000.0,csindex
2026-06-16,399001,深证成指,15584.37,15761.0,15537.5,15675.25,0.9281,754828802.0,1695082857800.0,tencent
2026-06-16,399006,创业板指,4065.27,4142.43,4053.88,4102.94,1.7208,225905115.0,829816569599.9999,tencent
2026-06-16,899050,北证50,1265.8,1287.99,1258.86,1276.81,1.03,808710752.0,21813000000.0,csindex
2026-06-17,000001,上证指数,4074.29,4109.96,4073.73,4108.08,0.4,60807741300.0,1403146000000.0,csindex
2026-06-17,000300,沪深300,4859.7,4933.93,4859.7,4931.39,0.97,27605395000.0,850368000000.0,csindex
2026-06-17,000688,科创50,1729.23,1841.37,1725.9,1840.82,4.69,1801831300.0,176922000000.0,csindex
2026-06-17,000852,中证1000,8581.65,8705.4,8581.65,8704.47,0.67,28222793700.0,658867000000.0,csindex
2026-06-17,399001,深证成指,15569.92,15885.49,15569.92,15880.95,1.3123,745916232.0,1688618264500.0,tencent
2026-06-17,399006,创业板指,4061.3,4168.16,4058.61,4167.05,1.5625,221861568.0,824852280400.0001,tencent
2026-06-17,899050,北证50,1270.78,1298.21,1265.97,1280.25,0.27,827441838.0,22520000000.0,csindex
2026-06-18,000001,上证指数,4094.23,4117.45,4080.29,4090.48,-0.43,65811606800.0,1560474000000.0,csindex
2026-06-18,000300,沪深300,4916.04,4976.89,4916.04,4941.6,0.21,33445990200.0,1021711000000.0,csindex
2026-06-18,000688,科创50,1837.07,1937.3,1836.04,1911.51,3.84,1771099900.0,209535000000.0,csindex
2026-06-18,000852,中证1000,8666.64,8796.48,8664.28,8771.02,0.76,29006243500.0,680474000000.0,csindex
2026-06-18,399001,深证成指,15826.79,16104.77,15825.32,16030.7,0.943,764976920.0,1749632939800.0,tencent
2026-06-18,399006,创业板指,4153.62,4272.01,4153.62,4252.39,2.048,226559938.0,862178853000.0,tencent
2026-06-18,899050,北证50,1275.57,1278.96,1258.41,1265.16,-1.18,816885666.0,22045000000.0,csindex
2026-06-22,000001,上证指数,4093.95,4164.42,4070.17,4163.1,1.78,74369935500.0,1704000000000.0,csindex
2026-06-22,000300,沪深300,4949.35,5061.51,4928.46,5059.66,2.39,37510012400.0,1145900000000.0,csindex
2026-06-22,000688,科创50,1922.47,1963.33,1879.59,1948.93,1.96,1919133400.0,200856000000.0,csindex
2026-06-22,000852,中证1000,8813.72,8865.81,8609.61,8865.68,1.08,33571821000.0,786541000000.0,csindex
2026-06-22,399001,深证成指,16095.63,16374.02,15914.05,16372.5,2.1322,876768616.0,2033198469700.0,tencent
2026-06-22,399006,创业板指,4272.99,4359.39,4229.31,4359.39,2.5162,272346002.0,1020554141000.0,tencent
2026-06-22,899050,北证50,1268.37,1274.3,1229.38,1271.45,0.5,1010919550.0,25224000000.0,csindex
2026-06-23,000001,上证指数,4153.59,4175.35,4085.59,4106.25,-1.37,70900391300.0,1594542000000.0,csindex
2026-06-23,000300,沪深300,5048.03,5064.27,4892.09,4919.39,-2.77,34271933600.0,1047053000000.0001,csindex
2026-06-23,000688,科创50,1929.27,1982.91,1890.16,1916.21,-1.68,1813729500.0,186832000000.0,csindex
2026-06-23,000852,中证1000,8838.76,8862.72,8626.1,8680.04,-2.09,30395487800.0,707484000000.0,csindex
2026-06-23,399001,深证成指,16324.24,16355.95,15756.41,15854.2,-3.1657,808549306.0,1846221650000.0,tencent
2026-06-23,399006,创业板指,4343.88,4350.06,4159.48,4192.19,-3.8354,245858967.0,901646041900.0,tencent
2026-06-23,899050,北证50,1274.75,1318.05,1266.88,1281.21,0.77,1028287290.0,25535000000.0,csindex
2026-06-24,000001,上证指数,4090.1,4117.28,4075.49,4110.81,0.11,64452751800.0,1514193000000.0,csindex
2026-06-24,000300,沪深300,4900.38,4953.23,4892.27,4943.02,0.48,31224902500.0,964945999999.9999,csindex
2026-06-24,000688,科创50,1896.34,1997.9,1886.74,1989.43,3.82,1853252800.0,194575000000.0,csindex
2026-06-24,000852,中证1000,8650.82,8803.5,8581.75,8793.49,1.31,28686714500.0,680312000000.0,csindex
2026-06-24,399001,深证成指,15782.4,16068.41,15730.16,16051.32,1.2433,790758052.0,1770135015400.0,tencent
2026-06-24,399006,创业板指,4181.91,4257.25,4161.58,4251.42,1.4129,232494708.0,847420891000.0,tencent
2026-06-24,899050,北证50,1278.17,1298.6,1263.94,1295.95,1.15,864727396.0,22852000000.0,csindex
2026-06-25,000001,上证指数,4103.48,4133.1,4093.01,4120.28,0.23,67045991700.0,1618997000000.0,csindex
2026-06-25,000300,沪深300,4950.98,5032.0,4944.88,5020.1,1.56,34666428900.0,1110041000000.0,csindex
2026-06-25,000688,科创50,2004.77,2076.88,2000.8,2066.33,3.87,1851003200.0,220504000000.0,csindex
2026-06-25,000852,中证1000,8806.07,8872.12,8743.25,8825.92,0.37,30544263800.0,729838000000.0,csindex
2026-06-25,399001,深证成指,16099.76,16359.62,16058.85,16344.08,1.8239,830961769.0,1975291467600.0,tencent
2026-06-25,399006,创业板指,4278.34,4380.41,4242.86,4371.99,2.836,246522881.0,976496626000.0,tencent
2026-06-25,899050,北证50,1285.82,1297.5,1271.62,1277.68,-1.41,914589803.0,24941000000.0,csindex
2026-06-26,000001,上证指数,4098.69,4099.78,4007.86,4027.26,-2.26,66010866600.0,1621196000000.0,csindex
2026-06-26,000300,沪深300,4981.83,4981.98,4845.19,4868.22,-3.03,34117923800.0,1068083000000.0,csindex
2026-06-26,000688,科创50,2034.43,2076.47,1976.92,2032.28,-1.65,1969517000.0,201728000000.0,csindex
2026-06-26,000852,中证1000,8771.6,8797.28,8563.7,8601.41,-2.54,32122765600.0,755464000000.0,csindex
2026-06-26,399001,深证成指,16211.41,16215.45,15728.84,15782.22,-3.4377,837034655.0,1931214758300.0002,tencent
2026-06-26,399006,创业板指,4319.41,4328.7,4175.38,4194.21,-4.0663,240931473.0,932482905900.0,tencent
2026-06-26,899050,北证50,1275.12,1307.97,1254.57,1266.9,-0.84,903815494.0,23310000000.0,csindex
2026-06-29,000001,上证指数,4026.69,4075.33,3992.55,4073.9,1.16,65919993600.0,1666220000000.0,csindex
2026-06-29,000300,沪深300,4866.04,4928.6,4827.15,4926.92,1.21,32321613400.0,1053724000000.0,csindex
2026-06-29,000688,科创50,2039.67,2127.8,2013.51,2126.01,4.61,2066148400.0,230071999999.99997,csindex
2026-06-29,000852,中证1000,8616.42,8677.63,8413.86,8597.89,-0.04,30987102100.0,750059000000.0,csindex
2026-06-29,399001,深证成指,15781.79,15938.23,15487.92,15812.87,0.1942,808457859.0,1851533399400.0,tencent
2026-06-29,399006,创业板指,4200.67,4265.46,4103.63,4216.7,0.5362,243571409.0,916359643199.9999,tencent
2026-06-29,899050,北证50,1264.08,1266.18,1223.54,1225.48,-3.27,862938597.0,21825000000.0,csindex
2026-06-30,000001,上证指数,4058.17,4097.42,4052.17,4094.4,0.5,59841220300.0,1530326000000.0,csindex
2026-06-30,000300,沪深300,4914.49,4987.56,4914.49,4979.43,1.07,30615022600.0,985795000000.0001,csindex
2026-06-30,000688,科创50,2132.88,2214.61,2113.95,2207.86,3.85,1961786100.0,219350000000.0,csindex
2026-06-30,000852,中证1000,8574.25,8815.11,8547.31,8809.79,2.46,27911736400.0,685382000000.0,csindex
2026-06-30,399001,深证成指,15811.67,16232.23,15809.65,16205.56,2.4834,745149838.0,1743431710300.0,tencent
2026-06-30,399006,创业板指,4217.63,4353.11,4205.74,4342.71,2.9884,223185932.0,859826036700.0,tencent
2026-06-30,899050,北证50,1230.59,1272.52,1230.47,1251.2,2.1,749728294.0,20361000000.0,csindex
2026-07-01,000001,上证指数,4090.76,4143.31,4087.54,4112.45,0.44,67233179100.0,1698488000000.0,csindex
2026-07-01,000300,沪深300,4972.69,5017.38,4925.63,4958.98,-0.41,34293474700.0,1101718000000.0,csindex
2026-07-01,000688,科创50,2205.66,2255.25,2120.36,2153.04,-2.48,2258095400.0,232328000000.00003,csindex
2026-07-01,000852,中证1000,8827.47,8944.19,8806.65,8876.63,0.76,32576587100.0,782800000000.0,csindex
2026-07-01,399001,深证成指,16226.97,16332.48,15988.42,16119.17,-0.5331,873614867.0,1961516088200.0,tencent
2026-07-01,399006,创业板指,4336.16,4361.83,4222.22,4260.72,-1.888,264901000.0,981521124300.0001,tencent
2026-07-01,899050,北证50,1247.77,1264.94,1231.96,1264.94,1.1,948280690.0,23082000000.0,csindex
2026-07-02,000001,上证指数,4054.09,4093.68,4019.21,4028.9,-2.03,65623361200.0,1577184000000.0,csindex
2026-07-02,000300,沪深300,4865.17,4896.99,4800.48,4812.3,-2.96,34324375800.0,1027796999999.9999,csindex
2026-07-02,000688,科创50,2059.9,2105.29,1978.32,1987.29,-7.7,2091336300.0,214953000000.00003,csindex
2026-07-02,000852,中证1000,8688.29,8865.97,8598.87,8625.33,-2.83,31085890200.0,717867000000.0,csindex
2026-07-02,399001,深证成指,15729.92,15886.7,15453.52,15498.81,-3.8486,857269760.0,1873367630200.0,tencent
2026-07-02,399006,创业板指,4135.34,4168.87,3999.57,4017.27,-5.7138,249554568.0,890373241500.0,tencent
2026-07-02,899050,北证50,1244.51,1307.47,1241.89,1266.22,0.1,939517572.0,23616000000.0,csindex
2026-07-03,000001,上证指数,4031.34,4073.88,4027.26,4043.64,0.37,60200973800.0,1465563000000.0,csindex
2026-07-03,000300,沪深300,4809.5,4890.97,4809.5,4842.17,0.62,30106756800.0,942570000000.0001,csindex
2026-07-03,000688,科创50,1978.75,2039.31,1948.17,1975.6,-0.59,1758380800.0,174847000000.0,csindex
2026-07-03,000852,中证1000,8627.38,8740.67,8559.28,8620.79,-0.05,29024450800.0,674995000000.0,csindex
2026-07-03,399001,深证成指,15480.12,15823.05,15432.89,15597.51,0.6368,785895029.0,1716890416200.0,tencent
2026-07-03,399006,创业板指,4010.82,4115.63,3985.36,4019.93,0.0662,228453195.0,803808036600.0,tencent
2026-07-03,899050,北证50,1264.33,1298.43,1264.33,1287.82,1.7,896544376.0,23023000000.0,csindex
2026-07-06,000001,上证指数,4059.19,4060.07,4005.41,4041.24,-0.06,59036490300.0,1432113000000.0,csindex
2026-07-06,000300,沪深300,4868.54,4878.32,4789.8,4842.0,0.0,29405054300.0,907945999999.9999,csindex
2026-07-06,000688,科创50,2015.18,2022.91,1913.82,1996.1,1.04,1651199700.0,173537000000.0,csindex
2026-07-06,000852,中证1000,8669.12,8694.8,8432.9,8472.6,-1.72,28122420800.0,655013000000.0,csindex
2026-07-06,399001,深证成指,15677.93,15749.36,15288.49,15416.8,-1.1586,768142319.0,1659011641300.0,tencent
2026-07-06,399006,创业板指,4050.88,4063.63,3903.48,3948.86,-1.7679,216576771.0,764016395600.0,tencent
2026-07-06,899050,北证50,1279.32,1288.16,1245.41,1245.97,-3.25,810104037.0,21531000000.0,csindex
2026-07-07,000001,上证指数,4019.49,4028.51,3971.71,3990.24,-1.26,51445309100.0,1196371000000.0,csindex
2026-07-07,000300,沪深300,4813.87,4839.51,4756.73,4792.26,-1.03,24630599900.0,762618000000.0,csindex
2026-07-07,000688,科创50,1965.8,2039.6,1950.98,2001.59,0.27,1397325000.0,159560000000.0,csindex
2026-07-07,000852,中证1000,8436.39,8489.48,8261.4,8301.8,-2.02,24457508200.0,544456000000.00006,csindex
2026-07-07,399001,深证成指,15345.39,15461.37,15081.92,15225.11,-1.2434,678476454.0,1384786224600.0,tencent
2026-07-07,399006,创业板指,3931.44,3976.11,3859.43,3911.91,-0.9357,185806984.0,622030174200.0,tencent
2026-07-07,899050,北证50,1245.6,1269.58,1229.41,1236.08,-0.79,685804385.0,17466000000.0,csindex
2026-07-08,000001,上证指数,3996.81,4016.03,3967.91,3970.88,-0.49,49622937400.0,1192356000000.0,csindex
2026-07-08,000300,沪深300,4804.48,4830.05,4751.4,4755.53,-0.77,24392874900.0,783249000000.0,csindex
2026-07-08,000688,科创50,2022.45,2078.64,1961.64,2016.23,0.73,1572058800.0,169350000000.0,csindex
2026-07-08,000852,中证1000,8315.96,8328.96,8117.86,8117.86,-2.22,23828392600.0,527641000000.0,csindex
2026-07-08,399001,深证成指,15269.82,15292.12,14907.62,14939.73,-1.8744,654790391.0,1371167332700.0,tencent
2026-07-08,399006,创业板指,3932.42,3965.39,3824.33,3845.35,-1.7015,192572049.0,651773535700.0,tencent
2026-07-08,899050,北证50,1232.04,1244.81,1204.04,1204.04,-2.59,755627472.0,19234000000.0,csindex
2026-07-09,000001,上证指数,3977.55,4040.54,3938.88,4036.59,1.65,55306398000.0,1364177000000.0,csindex
2026-07-09,000300,沪深300,4774.4,4882.85,4734.87,4876.31,2.54,28162770500.0,947119000000.0,csindex
2026-07-09,000688,科创50,2047.24,2188.98,2023.54,2185.83,8.41,1858060500.0,224512000000.0,csindex
2026-07-09,000852,中证1000,8161.86,8312.62,7978.81,8300.08,2.24,25457934400.0,580422000000.0,csindex
2026-07-09,399001,深证成指,15038.47,15419.12,14781.24,15398.73,3.0723,716541158.0,1549552442400.0,tencent
2026-07-09,399006,创业板指,3892.12,4025.32,3812.66,4018.17,4.4943,208378136.0,722049721300.0,tencent
2026-07-09,899050,北证50,1201.21,1218.59,1172.59,1209.37,0.44,799088006.0,18717000000.0,csindex
2026-07-10,000001,上证指数,4031.54,4074.83,3995.81,3996.16,-1.0,62745006500.0,1563109000000.0,csindex
2026-07-10,000300,沪深300,4887.54,4906.49,4780.75,4780.79,-1.96,30413028600.0,1083912999999.9999,csindex
2026-07-10,000688,科创50,2190.18,2233.54,2064.98,2064.98,-5.53,2307342900.0,235096000000.0,csindex
2026-07-10,000852,中证1000,8312.49,8438.19,8198.31,8198.31,-1.23,30850360900.0,691814000000.0,csindex
2026-07-10,399001,深证成指,15480.41,15581.94,15046.67,15046.67,-2.2863,828811174.0,1825441561900.0,tencent
2026-07-10,399006,创业板指,4041.86,4060.53,3842.35,3842.73,-4.3662,248254176.0,853943335300.0,tencent
2026-07-10,899050,北证50,1212.12,1240.32,1203.26,1209.15,-0.02,953686582.0,22331000000.0,csindex
2026-07-13,000001,上证指数,3966.02,3983.05,3900.67,3913.79,-2.06,59090735600.0,1334872000000.0,csindex
2026-07-13,000300,沪深300,4745.44,4775.24,4670.25,4695.38,-1.79,27863485300.0,907945000000.0001,csindex
2026-07-13,000688,科创50,2038.36,2110.18,1974.05,1994.32,-3.42,1833793700.0,214851000000.00003,csindex
2026-07-13,000852,中证1000,8124.36,8171.5,7769.29,7787.85,-5.01,28528634400.0,573788000000.0,csindex
2026-07-13,399001,深证成指,14908.98,14997.07,14437.07,14522.85,-3.4813,733844798.0,1482889150400.0,tencent
2026-07-13,399006,创业板指,3809.86,3855.75,3691.23,3723.52,-3.1022,219895176.0,692970559900.0,tencent
2026-07-13,899050,北证50,1199.39,1199.39,1127.22,1127.22,-6.78,794959313.0,17135000000.0,csindex
2026-07-14,000001,上证指数,3909.27,3967.13,3869.3,3967.13,1.36,57998205200.0,1271797000000.0,csindex
2026-07-14,000300,沪深300,4691.12,4796.5,4649.04,4796.5,2.15,28325098600.0,924096999999.9999,csindex
2026-07-14,000688,科创50,1994.44,2026.47,1895.56,2009.73,0.77,1601395000.0,202060000000.0,csindex
2026-07-14,000852,中证1000,7799.81,7934.1,7657.67,7925.12,1.76,25589201500.0,519231000000.00006,csindex
2026-07-14,399001,深证成指,14532.36,14924.87,14338.36,14924.87,2.7682,674840592.0,1432171609300.0,tencent
2026-07-14,399006,创业板指,3729.61,3855.03,3673.96,3851.14,3.4274,196146517.0,653269516200.0,tencent
2026-07-14,899050,北证50,1135.26,1152.56,1116.24,1152.56,2.25,717203427.0,15713000000.0,csindex
2026-07-15,000001,上证指数,3963.73,3981.67,3943.7,3955.58,-0.29,57620949200.0,1226298000000.0,csindex
2026-07-15,000300,沪深300,4797.94,4826.86,4772.04,4786.78,-0.2,27869266900.0,858315000000.0,csindex
2026-07-15,000688,科创50,2021.58,2028.65,1908.18,1924.27,-4.25,1428193300.0,169645000000.0,csindex
2026-07-15,000852,中证1000,7959.37,7979.08,7783.22,7817.83,-1.35,25843327100.0,504268000000.0,csindex
2026-07-15,399001,深证成指,14970.77,15041.33,14741.8,14779.4,-0.9747,688984096.0,1344855609800.0,tencent
2026-07-15,399006,创业板指,3879.77,3905.31,3794.34,3804.7,-1.2059,197252763.0,592843791500.0,tencent
2026-07-15,899050,北证50,1152.01,1165.14,1131.83,1131.83,-1.8,783216769.0,16480000000.000002,csindex
2026-07-16,000001,上证指数,3912.38,3940.45,3867.6,3882.41,-1.85,53528187300.0,1124208000000.0,csindex
2026-07-16,000300,沪深300,4711.53,4771.06,4673.35,4698.43,-1.85,25156097700.0,798830000000.0,csindex
2026-07-16,000688,科创50,1869.94,1947.25,1828.57,1846.88,-4.02,1422678200.0,174821000000.0,csindex
2026-07-16,000852,中证1000,7713.14,7836.39,7591.42,7631.76,-2.38,24822687100.0,473091000000.0,csindex
2026-07-16,399001,深证成指,14497.43,14780.46,14386.41,14488.65,-1.9673,665968453.0,1279356962400.0,tencent
2026-07-16,399006,创业板指,3710.51,3796.35,3658.07,3692.46,-2.95,198456563.0,577419190000.0,tencent
2026-07-16,899050,北证50,1118.09,1124.89,1098.13,1101.8,-2.65,773056033.0,15558000000.000002,csindex
2026-07-17,000001,上证指数,3865.32,3869.21,3745.17,3764.15,-3.05,65045098400.0,1246445000000.0,csindex
2026-07-17,000300,沪深300,4661.62,4663.53,4492.09,4529.1,-3.6,30262988600.0,920821999999.9999,csindex
2026-07-17,000688,科创50,1829.98,1844.38,1698.32,1715.4,-7.12,1662902400.0,191474000000.0,csindex
2026-07-17,000852,中证1000,7599.39,7605.61,7163.31,7168.0,-6.08,29624224500.0,510907000000.0,csindex
2026-07-17,399001,深证成指,14348.22,14350.47,13586.49,13706.88,-5.3957,763770395.0,1408513306100.0002,tencent
2026-07-17,399006,创业板指,3642.06,3642.06,3387.26,3428.63,-7.1451,230221243.0,682603696800.0001,tencent
2026-07-17,899050,北证50,1099.44,1115.36,1060.72,1076.38,-2.31,864724092.0,16906000000.0,csindex
2026-07-20,000001,上证指数,3791.66,3831.66,3741.11,3796.28,0.85,70923406900.0,1294652000000.0,csindex
2026-07-20,000300,沪深300,4575.67,4628.8,4521.18,4598.32,1.53,33311605800.0,933403000000.0001,csindex
2026-07-20,000688,科创50,1764.59,1776.07,1646.39,1718.69,0.19,1798479300.0,183749000000.0,csindex
2026-07-20,000852,中证1000,7256.27,7298.12,6824.14,6965.38,-2.83,30818691400.0,518122000000.0,csindex
2026-07-20,399001,深证成指,13869.06,13972.99,13342.93,13610.23,-0.7051,772878368.0,1407475248600.0002,tencent
2026-07-20,399006,创业板指,3504.12,3550.59,3338.21,3443.1,0.422,237174099.0,671204866000.0,tencent
2026-07-20,899050,北证50,1087.74,1101.83,1027.53,1045.2,-2.9,828980307.0,16161000000.000002,csindex
2026-07-21,000001,上证指数,3812.16,3864.6,3743.36,3864.37,1.79,73502192500.0,1396518000000.0,csindex
2026-07-21,000300,沪深300,4630.85,4739.23,4566.28,4739.23,3.06,34540359000.0,1016727000000.0,csindex
2026-07-21,000688,科创50,1747.49,1904.86,1663.85,1903.16,10.73,1951274500.0,213055000000.00003,csindex
2026-07-21,000852,中证1000,6975.89,7264.34,6714.19,7259.86,4.23,33498939900.0,572869000000.0,csindex
2026-07-21,399001,深证成指,13656.08,14264.8,13364.41,14264.29,4.8056,835911335.0,1560575057500.0,tencent
2026-07-21,399006,创业板指,3469.22,3687.15,3373.04,3685.97,7.0538,258922406.0,741575473500.0,tencent
2026-07-21,899050,北证50,1043.25,1080.71,1007.64,1079.04,3.24,883980714.0,17299000000.0,csindex
2026-07-22,000001,上证指数,3839.67,3884.44,3839.67,3867.03,0.07,61425521500.0,1258148000000.0,csindex
2026-07-22,000300,沪深300,4710.66,4772.08,4692.83,4717.24,-0.46,28555635700.0,921519000000.0,csindex
2026-07-22,000688,科创50,1874.78,1934.61,1836.11,1860.08,-2.26,1623861100.0,192917000000.0,csindex
2026-07-22,000852,中证1000,7196.86,7302.45,7118.66,7158.76,-1.39,29158247000.0,518358000000.0,csindex
2026-07-22,399001,深证成指,14169.97,14360.37,13988.51,14061.44,-1.4221,681366334.0,1395196955400.0,tencent
2026-07-22,399006,创业板指,3644.98,3694.9,3553.37,3566.73,-3.235,205833919.0,639793601400.0,tencent
2026-07-22,899050,北证50,1073.47,1101.26,1066.69,1074.45,-0.43,764501218.0,15474000000.0,csindex
2026-07-23,000001,上证指数,3868.09,3878.83,3851.71,3876.78,0.25,56212260100.0,1025876000000.0,csindex
2026-07-23,000300,沪深300,4735.17,4737.51,4698.87,4728.0,0.23,24733167500.0,741819000000.0,csindex
2026-07-23,000688,科创50,1876.61,1876.99,1770.53,1789.69,-3.78,1192426900.0,139187000000.0,csindex
2026-07-23,000852,中证1000,7169.54,7247.14,7113.5,7195.5,0.51,25050272700.0,422221000000.0,csindex
2026-07-23,399001,深证成指,14116.02,14203.64,13991.83,14123.31,0.44,625578724.0,1169425765200.0,tencent
2026-07-23,399006,创业板指,3596.73,3621.73,3538.11,3575.52,0.2464,181766334.0,516332999200.0,tencent
2026-07-23,899050,北证50,1077.49,1090.32,1065.29,1075.02,0.05,750502524.0,14481000000.0,csindex
2026-07-24,000001,上证指数,3853.63,3861.04,3808.64,3814.2,-1.61,50820390500.0,915366000000.0,csindex
2026-07-24,000300,沪深300,4685.41,4704.08,4642.94,4649.19,-1.67,22126121200.0,626379000000.0,csindex
2026-07-24,000688,科创50,1766.26,1831.28,1748.8,1787.2,-0.14,1017752600.0,120545000000.0,csindex
2026-07-24,000852,中证1000,7109.25,7174.55,6995.69,6995.69,-2.78,22902663500.0,379813000000.0,csindex
2026-07-24,399001,深证成指,13915.04,14061.03,13774.68,13774.68,-2.4685,568710893.0,1015773624000.0,tencent
2026-07-24,399006,创业板指,3515.5,3561.35,3480.87,3480.87,-2.6472,168793607.0,446933265600.0,tencent
2026-07-24,899050,北证50,1060.64,1064.23,1031.72,1031.72,-4.03,707746714.0,13538000000.0,csindex
2026-07-27,000001,上证指数,3808.9,3858.31,3793.45,3858.25,1.15,50487945400.0,1031312000000.0001,csindex
2026-07-27,000300,沪深300,4656.03,4702.52,4615.53,4702.43,1.15,20478694100.0,604552000000.0,csindex
2026-07-27,000688,科创50,1780.72,1816.43,1724.47,1807.95,1.16,1034729700.0,123092000000.0,csindex
2026-07-27,000852,中证1000,6981.16,7228.78,6972.28,7228.78,3.33,22596082500.0,390090000000.0,csindex
2026-07-27,399001,深证成指,13768.6,14148.73,13689.01,14148.73,2.7155,571360929.0,1045308334700.0,tencent
2026-07-27,399006,创业板指,3482.04,3592.1,3449.21,3590.79,3.1578,175227394.0,480776651400.0,tencent
2026-07-27,899050,北证50,1030.4,1058.65,1030.4,1055.92,2.34,612094966.0,12223000000.0,csindex
2026-07-28,000001,上证指数,3823.13,3844.01,3797.37,3813.31,-1.16,49482912600.0,949683000000.0,csindex
2026-07-28,000300,沪深300,4623.8,4646.49,4552.23,4569.52,-2.83,21570504500.0,652027000000.0,csindex
2026-07-28,000688,科创50,1755.87,1797.58,1675.99,1693.48,-6.33,1088394400.0,134055000000.0,csindex
2026-07-28,000852,中证1000,7135.73,7189.18,6992.94,7026.28,-2.8,22577673500.0,393767000000.0,csindex
2026-07-28,399001,深证成指,13830.35,13940.99,13470.11,13509.68,-4.5167,573579930.0,1076097521100.0,tencent
2026-07-28,399006,创业板指,3478.86,3511.7,3312.3,3327.03,-7.3455,174708042.0,520079776400.0,tencent
2026-07-28,899050,北证50,1043.88,1069.58,1042.84,1055.27,-0.06,696850647.0,13525000000.0,csindex
2026-07-29,000001,上证指数,3823.29,3845.77,3782.48,3828.47,0.4,57122639100.0,1087408000000.0,csindex
2026-07-29,000300,沪深300,4582.09,4626.71,4516.32,4600.26,0.67,24808235700.0,751545000000.0,csindex
2026-07-29,000688,科创50,1704.58,1711.58,1608.14,1678.74,-0.87,1421853500.0,147151000000.0,csindex
2026-07-29,000852,中证1000,7020.22,7132.35,6897.39,7095.19,0.98,27137408300.0,458880000000.0,csindex
2026-07-29,399001,深证成指,13498.75,13756.71,13267.64,13658.44,1.1011,675056731.0,1209171341800.0,tencent
2026-07-29,399006,创业板指,3333.48,3411.03,3249.65,3378.7,1.553,201044720.0,565932759700.0,tencent
2026-07-29,899050,北证50,1061.66,1075.72,1039.3,1064.29,0.85,765333822.0,15388999999.999998,csindex
2026-07-30,000001,上证指数,3812.11,3839.34,3767.5,3804.69,-0.62,59229892300.0,1106477000000.0,csindex
2026-07-30,000300,沪深300,4566.05,4596.21,4478.21,4549.72,-1.1,27465113000.0,803697000000.0,csindex
2026-07-30,000688,科创50,1653.47,1671.51,1562.0,1588.41,-5.38,1469567500.0,151831000000.0,csindex
2026-07-30,000852,中证1000,7053.09,7121.52,6841.75,6900.66,-2.74,25950781400.0,436232000000.0,csindex
2026-07-30,399001,深证成指,13531.07,13619.03,13068.56,13285.8,-2.7283,686984750.0,1236331989100.0,tencent
2026-07-30,399006,创业板指,3331.32,3353.81,3158.14,3244.62,-3.9684,203836418.0,598474829700.0,tencent
2026-07-30,899050,北证50,1059.75,1076.02,1047.76,1049.07,-1.43,803017787.0,15847000000.0,csindex
2026-07-31,000001,上证指数,3833.54,3847.09,3822.37,3832.26,0.72,59752942700.0,1187682000000.0,csindex
2026-07-31,000300,沪深300,4623.85,4635.59,4588.2,4588.2,0.85,27924369800.0,832909000000.0,csindex
2026-07-31,000688,科创50,1721.36,1731.21,1635.68,1635.96,2.99,1450741000.0,162975000000.0,csindex
2026-07-31,000852,中证1000,7082.75,7218.06,7071.05,7075.51,2.53,28321942100.0,498602000000.00006,csindex
2026-07-31,399001,深证成指,13690.0,13841.96,13578.93,13578.93,2.2063,719395944.0,1354266631399.9998,tencent
2026-07-31,399006,创业板指,3411.61,3464.9,3343.96,3343.96,3.0617,236170945.0,671226880300.0,tencent
2026-07-31,899050,北证50,1078.51,1092.99,1073.72,1083.27,3.26,888696227.0,18142000000.0,csindex
2026-08-03,000001,上证指数,3812.61,3827.64,3797.64,3809.66,-0.59,52451696000.0,952257000000.0,csindex
2026-08-03,000300,沪深300,4561.82,4572.59,4529.19,4543.18,-0.98,23204258400.0,615751000000.0,csindex
2026-08-03,000688,科创50,1619.29,1621.99,1549.74,1552.89,-5.08,1233498600.0,124510999999.99998,csindex
2026-08-03,000852,中证1000,7055.27,7118.1,7042.89,7079.78,0.06,23339238100.0,391183000000.0,csindex
2026-08-03,399001,深证成指,13497.1,13570.51,13407.99,13448.29,-0.9621,618828696.0,1045128965600.0,tencent
2026-08-03,399006,创业板指,3320.09,3342.17,3280.84,3302.55,-1.2384,187720972.0,486504338900.0,tencent
2026-08-03,899050,北证50,1073.33,1087.68,1072.02,1076.07,-0.66,734001121.0,13894999999.999998,csindex
2026-08-04,000001,上证指数,3816.37,3831.94,3799.52,3822.28,0.33,54032492200.0,1008383000000.0,csindex
2026-08-04,000300,沪深300,4566.94,4613.69,4555.25,4600.93,1.27,24207361100.0,698818000000.0,csindex
2026-08-04,000688,科创50,1569.62,1631.01,1556.11,1616.36,4.09,1134434300.0,126488000000.00002,csindex
2026-08-04,000852,中证1000,7128.49,7307.17,7102.46,7279.19,2.82,25008361300.0,434310000000.00006,csindex
2026-08-04,399001,深证成指,13572.95,13936.52,13537.76,13885.71,3.2526,664836577.0,1205209291700.0,tencent
2026-08-04,399006,创业板指,3353.51,3510.51,3342.41,3488.97,5.6447,211106623.0,601613215200.0,tencent
2026-08-04,899050,北证50,1083.15,1095.83,1080.76,1093.49,1.62,738256116.0,15069999999.999998,csindex
2026-08-05,000001,上证指数,3815.12,3884.4,3815.12,3878.43,1.47,59215512400.0,1208723000000.0,csindex
2026-08-05,000300,沪深300,4550.19,4679.86,4550.19,4658.15,1.24,27692191900.0,879161000000.0,csindex
2026-08-05,000688,科创50,1615.26,1715.28,1615.26,1693.67,4.78,1295646900.0,154309000000.0,csindex
2026-08-05,000852,中证1000,7253.22,7523.5,7253.22,7493.05,2.94,27239684700.0,511649000000.0,csindex
2026-08-05,399001,深证成指,13644.83,14246.38,13644.83,14144.2,1.8616,732409197.0,1450911483800.0,tencent
2026-08-05,399006,创业板指,3372.08,3584.06,3372.04,3535.14,1.3233,226495353.0,720546199800.0,tencent
2026-08-05,899050,北证50,1093.13,1125.08,1080.92,1119.46,2.37,927927137.0,20454000000.0,csindex
2026-08-06,000001,上证指数,3864.27,3902.05,3864.27,3900.35,0.57,58855528000.0,1166819000000.0,csindex
2026-08-06,000300,沪深300,4621.8,4675.65,4611.07,4651.31,-0.15,24751073000.0,747784000000.0,csindex
2026-08-06,000688,科创50,1651.11,1727.73,1651.11,1701.29,0.45,1201717800.0,123781000000.0,csindex
2026-08-06,000852,中证1000,7440.01,7564.69,7434.49,7530.43,0.5,28040229500.0,528647000000.0,csindex
2026-08-06,399001,深证成指,13981.44,14252.14,13922.41,14110.12,-0.2409,716171979.0,1361962798400.0,tencent
2026-08-06,399006,创业板指,3472.15,3574.41,3444.36,3515.56,-0.5539,218807247.0,657908332200.0,tencent
2026-08-06,899050,北证50,1109.57,1126.01,1109.22,1122.87,0.31,881050649.0,18905000000.0,csindex
2026-08-07,000001,上证指数,3896.49,3940.93,3885.62,3940.04,1.02,56498858200.0,1209544000000.0,csindex
2026-08-07,000300,沪深300,4656.1,4706.73,4649.58,4694.44,0.93,23907202000.0,788406000000.0,csindex
2026-08-07,000688,科创50,1697.37,1747.74,1686.66,1744.02,2.51,1214141800.0,136269000000.0,csindex
2026-08-07,000852,中证1000,7534.24,7685.57,7448.46,7679.53,1.98,28260010500.0,568415000000.0,csindex
2026-08-07,399001,深证成指,14152.78,14396.07,14049.34,14311.01,1.4237,719703760.0,1454876177600.0,tencent
2026-08-07,399006,创业板指,3537.44,3613.87,3507.62,3563.12,1.3528,229977435.0,730103726000.0,tencent
2026-08-07,899050,北证50,1120.87,1135.65,1108.54,1134.24,1.01,880948827.0,19150000000.0,csindex
2026-08-10,000001,上证指数,3943.82,3967.59,3938.63,3966.59,0.67,54211811000.0,1166893000000.0,csindex
2026-08-10,000300,沪深300,4698.82,4714.46,4659.47,4702.02,0.16,21307599600.0,733103000000.0,csindex
2026-08-10,000688,科创50,1740.14,1752.93,1704.08,1737.77,-0.36,1081717400.0,128471000000.0,csindex
2026-08-10,000852,中证1000,7723.38,7736.1,7621.65,7733.9,0.71,25649691800.0,529904000000.0,csindex
2026-08-10,399001,深证成指,14348.95,14373.77,14102.66,14316.96,0.0416,687533827.0,1356209535400.0,tencent
2026-08-10,399006,创业板指,3567.05,3575.59,3470.95,3537.21,-0.7272,208986302.0,657874162800.0,tencent
2026-08-10,899050,北证50,1142.03,1142.03,1121.77,1122.88,-1.0,730967131.0,15769000000.0,csindex
2026-08-11,000001,上证指数,3950.71,3966.39,3930.64,3934.09,-0.82,52949094400.0,1066737000000.0001,csindex
2026-08-11,000300,沪深300,4689.45,4715.88,4660.47,4663.79,-0.81,20969909800.0,645385000000.0,csindex
2026-08-11,000688,科创50,1713.26,1753.14,1699.92,1709.5,-1.63,1183017500.0,110406000000.0,csindex
2026-08-11,000852,中证1000,7686.04,7789.21,7642.44,7698.05,-0.46,25313797300.0,515282000000.0,csindex
2026-08-11,399001,深证成指,14266.44,14447.1,14201.29,14259.44,-0.4018,643011992.0,1254248825400.0,tencent
2026-08-11,399006,创业板指,3533.89,3601.59,3517.57,3549.16,0.3378,190755076.0,597523816300.0,tencent
2026-08-11,899050,北证50,1115.4,1125.23,1107.27,1113.22,-0.86,676210057.0,14754000000.0,csindex
2026-08-12,000001,上证指数,3933.55,3946.84,3927.55,3946.51,0.3157,311360614.0,630617130000.0,tencent
2026-08-12,000300,沪深300,4660.47,4695.33,4657.69,4693.88,0.6452,111592489.0,358690940000.0,tencent
2026-08-12,000688,科创50,1720.36,1747.94,1709.16,1745.15,2.0854,6155078.0,66089410000.0,tencent
2026-08-12,000852,中证1000,7704.96,7804.38,7692.44,7803.32,1.3675,151292025.0,312671160000.0,tencent
2026-08-12,399001,深证成指,14253.12,14467.0,14237.2,14393.54,0.9404,499586325.0,947536670000.0,tencent
2026-08-12,399006,创业板指,3542.13,3625.27,3540.95,3592.11,1.2101,145961207.0,460925370000.0,tencent
2026-08-12,899050,北证50,1111.21,1118.77,1107.94,1116.26,0.2731,3893952.0,9400306800.0,tencent
