date,symbol,name,open,high,low,close,change_percent,volume,amount,source
2024-07-19,159915,创业板ETF,1.673,1.699,1.672,1.692,0.3559,14700685.0,2486560300.0,tencent
2024-07-19,510300,沪深300ETF,3.354,3.395,3.341,3.389,0.6833,31696626.0,11368072300.0,tencent
2024-07-19,931152,中证创新药产业,1438.5,1457.6,1432.29,1448.66,0.37,483234788.0,11030000000.0,csindex
2024-07-19,H30007,芯片产业,1654.64,1716.39,1653.71,1705.13,2.42,914336933.0,43576000000.0,csindex
2024-07-22,159915,创业板ETF,1.693,1.702,1.679,1.693,0.0591,7726957.0,1307253200.0,tencent
2024-07-22,399971,中证传媒,881.87,885.42,871.65,881.33,-0.21,1118505216.0,8878000000.0,csindex
2024-07-22,510300,沪深300ETF,3.384,3.387,3.34,3.36,-0.8557,17163073.0,6131912000.0,tencent
2024-07-22,931152,中证创新药产业,1446.98,1469.58,1438.74,1459.81,0.77,500092005.0,12209000000.0,csindex
2024-07-22,H30007,芯片产业,1707.88,1725.88,1696.9,1707.29,0.13,740769027.0,34055000000.0,csindex
2024-07-23,159915,创业板ETF,1.691,1.691,1.639,1.64,-3.1305,7606749.0,1262944800.0,tencent
2024-07-23,399971,中证传媒,882.02,882.02,856.84,856.84,-2.78,1175492245.0,9899000000.0,csindex
2024-07-23,510300,沪深300ETF,3.355,3.36,3.287,3.29,-2.0833,9195337.0,3244779200.0,tencent
2024-07-23,931152,中证创新药产业,1457.37,1457.37,1407.89,1407.91,-3.55,527084213.0,12612000000.0,csindex
2024-07-23,H30007,芯片产业,1702.08,1702.22,1623.24,1623.93,-4.88,729740326.0,34220999999.999996,csindex
2024-07-24,159915,创业板ETF,1.634,1.651,1.614,1.619,-1.2805,6715404.0,1095298500.0,tencent
2024-07-24,399971,中证传媒,854.08,861.27,842.34,843.33,-1.58,1043876721.0,8317000000.0,csindex
2024-07-24,510300,沪深300ETF,3.284,3.298,3.255,3.268,-0.6687,14910835.0,5196094500.0,tencent
2024-07-24,931152,中证创新药产业,1406.31,1421.31,1389.87,1392.43,-1.1,436346207.0,9872000000.0,csindex
2024-07-24,H30007,芯片产业,1622.0,1644.17,1600.69,1605.34,-1.14,595904761.0,27538000000.0,csindex
2024-07-25,159915,创业板ETF,1.61,1.627,1.607,1.614,-0.3088,5649908.0,912831600.0,tencent
2024-07-25,399971,中证传媒,838.63,859.55,833.95,852.73,1.11,1004246289.0,7925000000.0,csindex
2024-07-25,510300,沪深300ETF,3.253,3.265,3.23,3.248,-0.612,20455525.0,7073298500.0,tencent
2024-07-25,931152,中证创新药产业,1387.04,1411.44,1382.07,1397.78,0.38,393989298.0,9005000000.0,csindex
2024-07-25,H30007,芯片产业,1592.11,1610.07,1581.32,1588.82,-1.03,504058662.0,22572000000.0,csindex
2024-07-26,159915,创业板ETF,1.617,1.638,1.615,1.627,0.8055,7502581.0,1220285900.0,tencent
2024-07-26,399971,中证传媒,853.51,867.32,852.63,863.75,1.29,950809171.0,7536000000.0,csindex
2024-07-26,510300,沪深300ETF,3.249,3.272,3.241,3.263,0.4618,13579703.0,4708501600.0,tencent
2024-07-26,931152,中证创新药产业,1397.93,1406.19,1387.57,1395.94,-0.13,382446369.0,8531999999.999999,csindex
2024-07-26,H30007,芯片产业,1588.52,1611.91,1574.4,1602.05,0.83,457415044.0,21530000000.0,csindex
2024-07-29,159915,创业板ETF,1.622,1.623,1.603,1.604,-1.4136,5724428.0,920370399.9999999,tencent
2024-07-29,399971,中证传媒,864.0,866.63,853.41,862.73,-0.12,978199273.0,7055000000.0,csindex
2024-07-29,510300,沪深300ETF,3.259,3.261,3.242,3.243,-0.6129,5949376.0,2058113200.0,tencent
2024-07-29,931152,中证创新药产业,1396.59,1396.59,1378.38,1381.09,-1.06,356667149.0,8150000000.0,csindex
2024-07-29,H30007,芯片产业,1601.7,1613.36,1575.56,1575.56,-1.65,447550595.0,20494000000.0,csindex
2024-07-30,159915,创业板ETF,1.6,1.607,1.591,1.601,-0.187,6106035.0,975027400.0,tencent
2024-07-30,399971,中证传媒,859.85,864.77,852.77,860.75,-0.23,847471604.0,6423999999.999999,csindex
2024-07-30,510300,沪深300ETF,3.235,3.235,3.206,3.22,-0.7092,15250861.0,5228653800.0,tencent
2024-07-30,931152,中证创新药产业,1384.78,1398.07,1376.52,1382.21,0.08,491511279.0,12505000000.0,csindex
2024-07-30,H30007,芯片产业,1570.42,1596.85,1555.73,1591.74,1.03,511303397.0,21007000000.0,csindex
2024-07-31,159915,创业板ETF,1.594,1.658,1.592,1.658,3.5603,14320519.0,2339588900.0,tencent
2024-07-31,399971,中证传媒,859.79,896.27,859.56,895.99,4.09,1588454275.0,13356000000.0,csindex
2024-07-31,510300,沪深300ETF,3.22,3.299,3.216,3.297,2.3913,15389083.0,5353003100.000001,tencent
2024-07-31,931152,中证创新药产业,1379.83,1455.44,1375.93,1455.12,5.27,794497940.0,18655000000.0,csindex
2024-07-31,H30007,芯片产业,1582.53,1655.12,1580.99,1653.0,3.85,724213328.0,31848000000.0,csindex
2024-08-01,159915,创业板ETF,1.659,1.663,1.631,1.636,-1.3269,9030439.0,1484320300.0,tencent
2024-08-01,399971,中证传媒,895.45,903.19,885.01,888.09,-0.88,1121938382.0,9271000000.0,csindex
2024-08-01,510300,沪深300ETF,3.291,3.304,3.27,3.272,-0.7583,7965404.0,2783731500.0,tencent
2024-08-01,931152,中证创新药产业,1454.92,1467.37,1436.35,1443.73,-0.78,550633152.0,12777000000.0,csindex
2024-08-01,H30007,芯片产业,1660.14,1683.9,1644.3,1662.38,0.57,707519974.0,30654000000.000004,csindex
2024-08-02,159915,创业板ETF,1.621,1.639,1.604,1.609,-1.6504,11190243.0,1810881099.9999998,tencent
2024-08-02,399971,中证传媒,882.09,895.26,876.64,877.96,-1.14,1054483739.0,8731000000.0,csindex
2024-08-02,510300,沪深300ETF,3.249,3.272,3.23,3.236,-1.1002,12997733.0,4492045000.0,tencent
2024-08-02,931152,中证创新药产业,1440.32,1483.14,1438.42,1454.89,0.77,688855908.0,16346000000.0,csindex
2024-08-02,H30007,芯片产业,1637.81,1660.03,1611.25,1615.86,-2.8,617991412.0,27402999999.999996,csindex
2024-08-05,159915,创业板ETF,1.592,1.625,1.576,1.576,-2.051,12579838.0,2010902200.0,tencent
2024-08-05,399971,中证传媒,874.06,903.99,873.6,876.1,-0.21,1629706438.0,13937000000.0,csindex
2024-08-05,510300,沪深300ETF,3.22,3.263,3.196,3.197,-1.2052,20183109.0,6920794399.999999,tencent
2024-08-05,931152,中证创新药产业,1451.99,1491.5,1448.15,1448.54,-0.44,768713704.0,17627000000.0,csindex
2024-08-05,H30007,芯片产业,1594.64,1615.16,1542.88,1542.89,-4.52,715909932.0,31939999999.999996,csindex
2024-08-06,159915,创业板ETF,1.594,1.607,1.581,1.597,1.3325,8932552.0,1423912500.0,tencent
2024-08-06,399971,中证传媒,885.92,898.24,879.46,892.74,1.9,1307991227.0,11905000000.0,csindex
2024-08-06,510300,沪深300ETF,3.217,3.227,3.17,3.197,0.0,12936275.0,4403870300.0,tencent
2024-08-06,931152,中证创新药产业,1457.51,1477.51,1452.53,1473.95,1.75,595347889.0,14110000000.0,csindex
2024-08-06,H30007,芯片产业,1569.8,1573.75,1531.46,1552.93,0.65,519727885.0,21151000000.0,csindex
2024-08-07,159915,创业板ETF,1.593,1.601,1.587,1.589,-0.5009,6887508.0,1098120300.0,tencent
2024-08-07,399971,中证传媒,889.02,899.81,883.5,890.07,-0.3,1153435187.0,10975000000.0,csindex
2024-08-07,510300,沪深300ETF,3.19,3.214,3.18,3.19,-0.219,6125438.0,2088374400.0,tencent
2024-08-07,931152,中证创新药产业,1470.53,1470.96,1453.24,1461.13,-0.87,467889764.0,10725000000.0,csindex
2024-08-07,H30007,芯片产业,1551.45,1561.02,1533.14,1535.53,-1.12,388181146.0,16547000000.0,csindex
2024-08-08,159915,创业板ETF,1.582,1.599,1.568,1.582,-0.4405,8938446.0,1413969100.0,tencent
2024-08-08,399971,中证传媒,886.79,894.62,874.3,890.86,0.09,1173129529.0,10146000000.0,csindex
2024-08-08,510300,沪深300ETF,3.185,3.218,3.172,3.194,0.1254,8541072.0,2910131500.0,tencent
2024-08-08,931152,中证创新药产业,1458.53,1476.81,1457.84,1461.22,0.01,501645513.0,11405000000.0,csindex
2024-08-08,H30007,芯片产业,1523.31,1563.62,1511.21,1543.5,0.52,459431221.0,19998000000.0,csindex
2024-08-09,159915,创业板ETF,1.59,1.598,1.566,1.566,-1.0114,8196082.0,1294422200.0,tencent
2024-08-09,399971,中证传媒,893.22,895.6,870.97,871.41,-2.18,1011850625.0,8620000000.0,csindex
2024-08-09,510300,沪深300ETF,3.205,3.219,3.181,3.182,-0.3757,6040536.0,2060032800.0,tencent
2024-08-09,931152,中证创新药产业,1465.58,1474.74,1438.09,1438.09,-1.58,538756804.0,12022000000.0,csindex
2024-08-09,H30007,芯片产业,1567.58,1573.86,1543.41,1543.41,-0.01,430521602.0,19810000000.0,csindex
2024-08-12,159915,创业板ETF,1.566,1.572,1.558,1.563,-0.1916,6462704.0,1011415399.9999999,tencent
2024-08-12,399971,中证传媒,869.48,880.61,862.07,871.07,-0.04,935678011.0,7742000000.0,csindex
2024-08-12,510300,沪深300ETF,3.18,3.191,3.172,3.178,-0.1257,5102200.0,1730501700.0000002,tencent
2024-08-12,931152,中证创新药产业,1439.32,1467.2,1435.0,1453.85,1.09,607545491.0,12763000000.0,csindex
2024-08-12,H30007,芯片产业,1535.82,1546.3,1528.03,1535.16,-0.53,317545256.0,13565000000.0,csindex
2024-08-13,159915,创业板ETF,1.562,1.578,1.558,1.578,0.9597,7636057.0,1195477100.0,tencent
2024-08-13,399971,中证传媒,871.13,874.07,861.78,871.89,0.09,712429647.0,5905000000.0,csindex
2024-08-13,510300,沪深300ETF,3.18,3.187,3.161,3.183,0.1573,6958063.0,2355493500.0,tencent
2024-08-13,931152,中证创新药产业,1454.09,1455.04,1429.2,1442.92,-0.75,496119083.0,10928000000.0,csindex
2024-08-13,H30007,芯片产业,1536.94,1549.84,1529.03,1546.8,0.76,291613517.0,12943000000.0,csindex
2024-08-14,159915,创业板ETF,1.575,1.576,1.554,1.555,-1.4575,8798504.0,1373900500.0,tencent
2024-08-14,399971,中证传媒,871.5,888.76,869.54,880.96,1.04,1058209987.0,10484000000.0,csindex
2024-08-14,510300,沪深300ETF,3.184,3.184,3.158,3.159,-0.754,5610998.0,1895836800.0,tencent
2024-08-14,931152,中证创新药产业,1442.04,1442.04,1413.93,1417.95,-1.73,391825268.0,8786000000.0,csindex
2024-08-14,H30007,芯片产业,1550.44,1552.5,1525.43,1525.67,-1.37,306075745.0,14169000000.0,csindex
2024-08-15,159915,创业板ETF,1.551,1.579,1.55,1.565,0.6431,13802745.0,2158890000.0,tencent
2024-08-15,399971,中证传媒,877.24,907.38,873.63,894.6,1.55,1579515950.0,13752000000.000002,csindex
2024-08-15,510300,沪深300ETF,3.154,3.212,3.15,3.197,1.2029,19046381.0,6477429800.0,tencent
2024-08-15,931152,中证创新药产业,1417.83,1443.0,1412.9,1428.93,0.77,475757152.0,10393000000.0,csindex
2024-08-15,H30007,芯片产业,1520.05,1553.97,1518.22,1534.5,0.58,380933880.0,16741000000.0,csindex
2024-08-16,159915,创业板ETF,1.564,1.573,1.558,1.561,-0.2556,6554594.0,1025138600.0,tencent
2024-08-16,399971,中证传媒,893.49,895.02,882.35,883.66,-1.22,973691637.0,8716000000.0,csindex
2024-08-16,510300,沪深300ETF,3.193,3.211,3.187,3.199,0.0626,16407617.0,5598868100.000001,tencent
2024-08-16,931152,中证创新药产业,1425.59,1440.54,1413.76,1437.27,0.58,471132050.0,10850000000.0,csindex
2024-08-16,H30007,芯片产业,1536.39,1546.19,1526.87,1528.56,-0.39,355049764.0,15044999999.999998,csindex
2024-08-19,159915,创业板ETF,1.56,1.577,1.557,1.559,-0.1281,7943774.0,1244095200.0,tencent
2024-08-19,399971,中证传媒,883.28,895.08,883.28,887.73,0.46,1134900353.0,9713000000.0,csindex
2024-08-19,510300,沪深300ETF,3.198,3.233,3.196,3.208,0.2813,7478253.0,2564014100.0,tencent
2024-08-19,931152,中证创新药产业,1436.96,1449.89,1422.25,1425.19,-0.84,434127179.0,10098000000.0,csindex
2024-08-19,H30007,芯片产业,1527.18,1547.84,1521.2,1528.1,-0.03,354626144.0,15434000000.0,csindex
2024-08-20,159915,创业板ETF,1.561,1.562,1.536,1.539,-1.2829,9367585.0,1447293500.0,tencent
2024-08-20,399971,中证传媒,887.47,893.53,873.12,876.63,-1.25,1337652611.0,10926000000.0,csindex
2024-08-20,510300,沪深300ETF,3.213,3.215,3.177,3.192,-0.4988,15944748.0,5419639000.0,tencent
2024-08-20,931152,中证创新药产业,1424.96,1425.23,1397.16,1402.29,-1.61,410626330.0,9248000000.0,csindex
2024-08-20,H30007,芯片产业,1532.15,1533.03,1501.51,1505.9,-1.45,351559450.0,15349000000.0,csindex
2024-08-21,159915,创业板ETF,1.532,1.543,1.527,1.529,-0.6498,7341937.0,1125584900.0,tencent
2024-08-21,399971,中证传媒,877.66,891.52,866.54,867.11,-1.09,1304474422.0,10907000000.0,csindex
2024-08-21,510300,沪深300ETF,3.18,3.195,3.163,3.177,-0.4699,10553698.0,3580301599.9999995,tencent
2024-08-21,931152,中证创新药产业,1398.71,1406.28,1386.56,1387.8,-1.03,412557467.0,9511000000.0,csindex
2024-08-21,H30007,芯片产业,1499.73,1518.4,1493.52,1496.4,-0.63,383443433.0,17094000000.0,csindex
2024-08-22,159915,创业板ETF,1.53,1.534,1.515,1.516,-0.8502,8555917.0,1301647500.0,tencent
2024-08-22,399971,中证传媒,865.7,873.87,843.86,845.4,-2.5,1428694288.0,11181000000.0,csindex
2024-08-22,510300,沪深300ETF,3.179,3.184,3.16,3.168,-0.2833,12504794.0,4229630800.0,tencent
2024-08-22,931152,中证创新药产业,1391.73,1399.16,1376.28,1378.63,-0.66,433346952.0,11158000000.0,csindex
2024-08-22,H30007,芯片产业,1495.84,1497.43,1469.67,1473.32,-1.54,353965635.0,16194000000.0,csindex
2024-08-23,159915,创业板ETF,1.512,1.526,1.509,1.517,0.066,12097258.0,1835561800.0,tencent
2024-08-23,399971,中证传媒,843.07,848.66,836.15,842.87,-0.3,991916112.0,7856999999.999999,csindex
2024-08-23,510300,沪深300ETF,3.16,3.194,3.16,3.182,0.4419,8203428.0,2781431200.0,tencent
2024-08-23,931152,中证创新药产业,1375.2,1379.19,1364.39,1370.76,-0.57,351025835.0,8394000000.0,csindex
2024-08-23,H30007,芯片产业,1465.03,1471.28,1446.89,1463.06,-0.7,314227938.0,15757000000.0,csindex
2024-08-26,159915,创业板ETF,1.517,1.528,1.511,1.515,-0.1318,7052690.0,1070721000.0,tencent
2024-08-26,399971,中证传媒,842.89,849.03,833.06,844.05,0.14,899757932.0,7447000000.0,csindex
2024-08-26,510300,沪深300ETF,3.184,3.196,3.167,3.183,0.0314,14006799.0,4747763500.0,tencent
2024-08-26,931152,中证创新药产业,1370.47,1377.75,1359.83,1376.14,0.39,415452932.0,9709000000.0,csindex
2024-08-26,H30007,芯片产业,1463.96,1476.23,1453.63,1459.45,-0.25,300911836.0,13560000000.0,csindex
2024-08-27,159915,创业板ETF,1.511,1.512,1.497,1.5,-0.9901,7951119.0,1194899300.0,tencent
2024-08-27,399971,中证传媒,843.66,852.51,837.72,839.24,-0.57,1139760564.0,9679000000.0,csindex
2024-08-27,510300,沪深300ETF,3.176,3.179,3.156,3.166,-0.5341,12142201.0,4098131800.0,tencent
2024-08-27,931152,中证创新药产业,1373.89,1390.5,1371.85,1379.2,0.22,390438960.0,8486000000.0,csindex
2024-08-27,H30007,芯片产业,1454.11,1454.11,1433.49,1436.9,-1.54,301115952.0,12174000000.0,csindex
2024-08-28,159915,创业板ETF,1.499,1.505,1.494,1.501,0.0667,7883197.0,1182047800.0,tencent
2024-08-28,399971,中证传媒,836.79,849.67,825.9,847.55,0.99,1181403559.0,10177000000.0,csindex
2024-08-28,510300,沪深300ETF,3.159,3.166,3.134,3.146,-0.6317,19955803.0,6698906899.999999,tencent
2024-08-28,931152,中证创新药产业,1374.35,1391.85,1368.83,1381.13,0.14,359791523.0,7880000000.0,csindex
2024-08-28,H30007,芯片产业,1434.42,1444.61,1428.16,1438.1,0.08,282729880.0,11859000000.0,csindex
2024-08-29,159915,创业板ETF,1.488,1.522,1.484,1.513,0.7995,18401290.0,2770964900.0,tencent
2024-08-29,399971,中证传媒,842.84,856.46,840.41,853.81,0.74,1171768663.0,9470000000.0,csindex
2024-08-29,510300,沪深300ETF,3.138,3.151,3.129,3.136,-0.3179,15082477.0,5052924900.0,tencent
2024-08-29,931152,中证创新药产业,1377.66,1404.3,1375.44,1399.76,1.35,446143424.0,10417000000.0,csindex
2024-08-29,H30007,芯片产业,1430.04,1466.59,1427.54,1455.3,1.2,362957731.0,15378000000.0,csindex
2024-08-30,159915,创业板ETF,1.511,1.571,1.511,1.552,2.5777,20670044.0,3199131599.9999995,tencent
2024-08-30,399971,中证传媒,854.59,888.68,854.13,877.89,2.82,1951458178.0,15890000000.0,csindex
2024-08-30,510300,沪深300ETF,3.131,3.212,3.131,3.181,1.4349,17858998.0,6055678700.0,tencent
2024-08-30,931152,中证创新药产业,1399.45,1420.4,1391.26,1402.82,0.22,603847811.0,13497999999.999998,csindex
2024-08-30,H30007,芯片产业,1454.01,1518.41,1454.01,1505.66,3.46,567736931.0,25617000000.0,csindex
2024-09-02,159915,创业板ETF,1.547,1.552,1.506,1.507,-2.8995,15867300.0,2416710700.0,tencent
2024-09-02,399971,中证传媒,875.5,878.54,854.5,854.61,-2.65,1447395219.0,11531000000.0,csindex
2024-09-02,510300,沪深300ETF,3.17,3.172,3.119,3.121,-1.8862,11333065.0,3798026300.0,tencent
2024-09-02,931152,中证创新药产业,1401.5,1402.83,1376.8,1377.26,-1.82,539655342.0,11619000000.0,csindex
2024-09-02,H30007,芯片产业,1504.49,1510.33,1449.78,1449.78,-3.71,421526446.0,18915000000.0,csindex
2024-09-03,159915,创业板ETF,1.504,1.532,1.503,1.525,1.1944,11015247.0,1675797200.0,tencent
2024-09-03,399971,中证传媒,854.88,868.65,852.32,863.16,1.0,993691466.0,7823999999.999999,csindex
2024-09-03,510300,沪深300ETF,3.119,3.141,3.117,3.133,0.3845,12935523.0,4323110400.0,tencent
2024-09-03,931152,中证创新药产业,1374.71,1405.5,1371.66,1391.34,1.02,412632808.0,9577000000.0,csindex
2024-09-03,H30007,芯片产业,1450.86,1473.88,1450.74,1459.65,0.68,293711754.0,13488999999.999998,csindex
2024-09-04,159915,创业板ETF,1.512,1.54,1.51,1.525,0.0,9785096.0,1492736500.0,tencent
2024-09-04,399971,中证传媒,855.35,868.29,852.16,860.77,-0.28,886844751.0,6948000000.0,csindex
2024-09-04,510300,沪深300ETF,3.12,3.132,3.11,3.112,-0.6703,6803058.0,2264442500.0,tencent
2024-09-04,931152,中证创新药产业,1386.42,1411.47,1382.52,1393.83,0.18,376203125.0,8701000000.0,csindex
2024-09-04,H30007,芯片产业,1441.11,1460.67,1437.28,1447.84,-0.81,250425893.0,11174000000.0,csindex
2024-09-05,159915,创业板ETF,1.525,1.546,1.524,1.536,0.7213,8624512.0,1323868200.0,tencent
2024-09-05,399971,中证传媒,859.84,888.38,859.84,881.98,2.46,1422677816.0,12094000000.0,csindex
2024-09-05,510300,沪深300ETF,3.115,3.129,3.109,3.119,0.2249,16005558.0,5326213500.0,tencent
2024-09-05,931152,中证创新药产业,1394.62,1414.08,1394.62,1406.46,0.91,371613552.0,8413000000.0,csindex
2024-09-05,H30007,芯片产业,1449.04,1464.97,1436.64,1443.93,-0.27,260777965.0,13641000000.0,csindex
2024-09-06,159915,创业板ETF,1.535,1.538,1.508,1.508,-1.8229,9896846.0,1503394600.0,tencent
2024-09-06,399971,中证传媒,882.26,888.19,873.46,875.57,-0.73,1064182098.0,9273000000.0,csindex
2024-09-06,510300,沪深300ETF,3.124,3.134,3.089,3.091,-0.8977,7933157.0,2635539699.9999995,tencent
2024-09-06,931152,中证创新药产业,1407.75,1409.19,1380.36,1380.42,-1.85,315274749.0,6966000000.0,csindex
2024-09-06,H30007,芯片产业,1445.69,1449.6,1420.81,1420.81,-1.6,279303748.0,12631000000.0,csindex
2024-09-09,159915,创业板ETF,1.5,1.519,1.498,1.513,0.3316,18135289.0,2736028700.0,tencent
2024-09-09,399971,中证传媒,870.96,878.0,864.49,868.85,-0.77,980535619.0,7958000000.0,csindex
2024-09-09,510300,沪深300ETF,3.081,3.085,3.039,3.05,-1.3264,10188971.0,3333497600.0,tencent
2024-09-09,931152,中证创新药产业,1378.99,1401.21,1375.31,1380.84,0.03,413974403.0,9912000000.0,csindex
2024-09-09,H30007,芯片产业,1415.85,1434.86,1408.31,1413.54,-0.51,253433357.0,11079000000.0,csindex
2024-09-10,159915,创业板ETF,1.514,1.524,1.495,1.512,-0.0661,15412588.0,2323816800.0,tencent
2024-09-10,399971,中证传媒,870.25,882.41,856.14,878.43,1.1,1050929193.0,8687000000.0,csindex
2024-09-10,510300,沪深300ETF,3.052,3.064,3.028,3.05,0.0,8666554.0,2821540000.0,tencent
2024-09-10,931152,中证创新药产业,1380.02,1381.71,1350.84,1366.87,-1.01,448195152.0,10653000000.0,csindex
2024-09-10,H30007,芯片产业,1414.76,1434.53,1397.5,1425.71,0.86,313240884.0,13244999999.999998,csindex
2024-09-11,159915,创业板ETF,1.51,1.534,1.507,1.528,1.0582,14352293.0,2187736500.0,tencent
2024-09-11,399971,中证传媒,874.82,883.38,871.72,877.21,-0.14,939611669.0,8470000000.0,csindex
2024-09-11,510300,沪深300ETF,3.042,3.056,3.03,3.043,-0.2295,7808902.0,2540394200.0,tencent
2024-09-11,931152,中证创新药产业,1363.46,1391.69,1360.63,1389.25,1.64,414796950.0,10538000000.0,csindex
2024-09-11,H30007,芯片产业,1419.85,1427.43,1415.21,1422.12,-0.25,220194156.0,9540000000.0,csindex
2024-09-12,159915,创业板ETF,1.536,1.549,1.521,1.525,-0.1963,12617763.0,1936399800.0,tencent
2024-09-12,399971,中证传媒,876.92,887.24,866.76,866.76,-1.19,1145584520.0,9310000000.0,csindex
2024-09-12,510300,沪深300ETF,3.048,3.061,3.03,3.032,-0.3615,6423793.0,2090444700.0,tencent
2024-09-12,931152,中证创新药产业,1388.72,1407.35,1377.4,1377.59,-0.84,420795559.0,10856000000.0,csindex
2024-09-12,H30007,芯片产业,1429.74,1438.29,1405.33,1405.5,-1.17,246283739.0,10279000000.0,csindex
2024-09-13,159915,创业板ETF,1.525,1.528,1.508,1.509,-1.0492,8784237.0,1332460600.0,tencent
2024-09-13,399971,中证传媒,868.42,872.79,857.25,857.33,-1.09,959595498.0,7684000000.0,csindex
2024-09-13,510300,沪深300ETF,3.034,3.046,3.016,3.017,-0.4947,8504681.0,2758508200.0,tencent
2024-09-13,931152,中证创新药产业,1378.99,1382.65,1367.85,1368.31,-0.67,385317775.0,9396000000.0,csindex
2024-09-13,H30007,芯片产业,1406.04,1415.58,1385.86,1389.72,-1.12,273651673.0,12348000000.0,csindex
2024-09-18,159915,创业板ETF,1.505,1.513,1.494,1.504,-0.3313,9657148.0,1451166500.0,tencent
2024-09-18,399971,中证传媒,856.71,859.71,839.67,849.57,-0.9,850363019.0,6672000000.0,csindex
2024-09-18,510300,沪深300ETF,3.016,3.04,3.004,3.027,0.3315,12254391.0,3961249900.0,tencent
2024-09-18,931152,中证创新药产业,1367.13,1375.84,1359.05,1370.99,0.19,338240499.0,7753000000.0,csindex
2024-09-18,H30007,芯片产业,1391.83,1393.05,1364.28,1375.99,-0.99,290606671.0,11645000000.0,csindex
2024-09-19,159915,创业板ETF,1.511,1.537,1.492,1.519,0.9973,18394237.0,2789678400.0000005,tencent
2024-09-19,399971,中证传媒,853.04,872.51,845.05,867.45,2.1,1272767256.0,9695000000.0,csindex
2024-09-19,510300,沪深300ETF,3.032,3.075,3.005,3.054,0.892,16348870.0,5332278300.0,tencent
2024-09-19,931152,中证创新药产业,1376.93,1398.97,1362.41,1381.49,0.77,447493056.0,10654000000.0,csindex
2024-09-19,H30007,芯片产业,1383.82,1406.96,1367.87,1389.49,0.98,355141281.0,14238000000.0,csindex
2024-09-20,159915,创业板ETF,1.516,1.517,1.498,1.508,-0.7242,20920584.0,3150914900.0,tencent
2024-09-20,399971,中证传媒,866.1,866.71,858.48,865.42,-0.23,950468263.0,7163000000.0,csindex
2024-09-20,510300,沪深300ETF,3.047,3.068,3.028,3.063,0.2947,23065620.0,7514201400.0,tencent
2024-09-20,931152,中证创新药产业,1378.26,1378.26,1347.01,1355.98,-1.85,453043853.0,11679000000.0,csindex
2024-09-20,H30007,芯片产业,1389.88,1396.27,1367.28,1380.32,-0.66,280904543.0,12615000000.0,csindex
2024-09-23,159915,创业板ETF,1.507,1.52,1.5,1.501,-0.4642,13035359.0,1967069100.0,tencent
2024-09-23,399971,中证传媒,864.15,873.32,861.82,863.13,-0.27,940698340.0,7573000000.0,csindex
2024-09-23,510300,沪深300ETF,3.058,3.089,3.052,3.072,0.2938,8973165.0,2948484500.0,tencent
2024-09-23,931152,中证创新药产业,1372.64,1382.34,1349.24,1350.16,-0.43,488712805.0,13072000000.0,csindex
2024-09-23,H30007,芯片产业,1377.95,1391.4,1362.52,1362.52,-1.29,266250573.0,12526000000.0,csindex
2024-09-24,159915,创业板ETF,1.515,1.588,1.504,1.587,5.7295,33377295.0,5158212000.0,tencent
2024-09-24,399971,中证传媒,868.17,896.52,860.07,896.36,3.85,1838340034.0,15174000000.0,csindex
2024-09-24,510300,沪深300ETF,3.103,3.218,3.082,3.216,4.6875,39185162.0,13212614700.0,tencent
2024-09-24,931152,中证创新药产业,1360.26,1386.73,1339.47,1386.73,2.71,695071516.0,16812000000.0,csindex
2024-09-24,H30007,芯片产业,1373.28,1418.03,1355.65,1417.8,4.06,550590268.0,23499000000.0,csindex
2024-09-25,159915,创业板ETF,1.621,1.649,1.609,1.61,1.4493,26730083.0,4346647300.0,tencent
2024-09-25,399971,中证传媒,904.7,939.3,904.7,910.61,1.59,2503337359.0,22034000000.0,csindex
2024-09-25,510300,沪深300ETF,3.278,3.333,3.256,3.263,1.4614,32373469.0,11342949000.0,tencent
2024-09-25,931152,中证创新药产业,1399.94,1429.92,1399.94,1402.95,1.17,845548795.0,21256000000.0,csindex
2024-09-25,H30007,芯片产业,1434.31,1465.93,1425.26,1428.26,0.74,625866529.0,26474000000.0,csindex
2024-09-26,159915,创业板ETF,1.604,1.686,1.595,1.686,4.7205,28442155.0,4662498800.0,tencent
2024-09-26,399971,中证传媒,908.5,947.53,906.59,947.53,4.05,2276050112.0,19358000000.0,csindex
2024-09-26,510300,沪深300ETF,3.257,3.432,3.256,3.429,5.0873,44429621.0,15792061299.999998,tencent
2024-09-26,931152,中证创新药产业,1396.69,1459.49,1389.66,1459.49,4.03,792423312.0,19731000000.0,csindex
2024-09-26,H30007,芯片产业,1428.82,1489.94,1419.63,1489.62,4.3,656536041.0,28447000000.000004,csindex
2024-09-27,159915,创业板ETF,1.713,1.89,1.713,1.86,10.3203,56125985.0,10096030800.0,tencent
2024-09-27,399971,中证传媒,964.36,1008.37,959.15,999.42,5.48,3058823253.0,25625000000.0,csindex
2024-09-27,510300,沪深300ETF,3.489,3.722,3.459,3.658,6.6783,25594612.0,9610052300.0,tencent
2024-09-27,931152,中证创新药产业,1482.63,1569.54,1482.63,1556.99,6.68,1019371254.0,26745000000.0,csindex
2024-09-27,H30007,芯片产业,1514.24,1602.03,1514.24,1602.03,7.55,715194435.0,31829000000.000004,csindex
2024-09-30,159915,创业板ETF,2.0,2.232,1.928,2.232,20.0,69772145.0,14533319600.0,tencent
2024-09-30,399971,中证传媒,1040.33,1111.39,1026.95,1106.03,10.67,4854584034.0,45646000000.0,csindex
2024-09-30,510300,沪深300ETF,3.796,4.029,3.665,4.022,9.9508,63702341.0,25799279600.0,tencent
2024-09-30,931152,中证创新药产业,1635.21,1732.55,1616.42,1726.24,10.87,1832086407.0,50370000000.0,csindex
2024-09-30,H30007,芯片产业,1696.54,1846.84,1670.51,1846.77,15.28,1596666482.0,77919000000.0,csindex
2024-10-08,159915,创业板ETF,2.678,2.678,2.29,2.678,19.9821,185677265.0,47486377699.99999,tencent
2024-10-08,399971,中证传媒,1243.06,1243.06,1114.8,1195.12,8.05,6238119614.0,64792999999.99999,csindex
2024-10-08,510300,沪深300ETF,4.445,4.445,3.997,4.201,4.4505,86298224.0,38303717300.0,tencent
2024-10-08,931152,中证创新药产业,1942.12,1942.12,1787.24,1883.52,9.11,2263244038.0,71639000000.0,csindex
2024-10-08,H30007,芯片产业,2142.68,2142.68,2063.7,2142.59,16.02,1736883418.0,101915000000.0,csindex
2024-10-09,159915,创业板ETF,2.41,2.478,2.238,2.242,-16.2808,164618813.0,38584923700.0,tencent
2024-10-09,399971,中证传媒,1154.35,1154.35,1070.58,1071.43,-10.35,4427350737.0,43753000000.0,csindex
2024-10-09,510300,沪深300ETF,4.074,4.074,3.794,3.811,-9.2835,54091966.0,22450547599.999996,tencent
2024-10-09,931152,中证创新药产业,1840.4,1869.72,1742.98,1751.96,-6.98,1741498474.0,55015000000.0,csindex
2024-10-09,H30007,芯片产业,2123.95,2371.61,2049.53,2185.39,2.0,3238479870.0,193649000000.0,csindex
2024-10-10,159915,创业板ETF,2.241,2.297,2.137,2.174,-3.033,80625516.0,17811734100.0,tencent
2024-10-10,399971,中证传媒,1082.0,1102.65,1047.37,1068.36,-0.29,3112279035.0,30651000000.0,csindex
2024-10-10,510300,沪深300ETF,3.859,3.974,3.788,3.875,1.6793,37790001.0,15473060500.0,tencent
2024-10-10,931152,中证创新药产业,1760.91,1811.75,1722.04,1737.03,-0.85,1161829110.0,35808000000.0,csindex
2024-10-10,H30007,芯片产业,2214.8,2218.43,2026.43,2059.57,-5.76,1996355043.0,114533000000.0,csindex
2024-10-11,159915,创业板ETF,2.134,2.152,2.026,2.06,-5.2438,72995288.0,15183685400.0,tencent
2024-10-11,399971,中证传媒,1061.58,1061.58,1002.76,1015.67,-4.93,2446132467.0,23163000000.0,csindex
2024-10-11,510300,沪深300ETF,3.846,3.849,3.712,3.766,-2.8129,40900777.0,16347430900.0,tencent
2024-10-11,931152,中证创新药产业,1723.97,1723.97,1623.03,1642.51,-5.44,974087583.0,28117000000.0,csindex
2024-10-11,H30007,芯片产业,2001.2,2038.94,1904.89,1930.05,-6.29,1343960968.0,74008000000.0,csindex
2024-10-14,159915,创业板ETF,2.078,2.124,2.022,2.116,2.7184,57004799.0,11851253300.0,tencent
2024-10-14,399971,中证传媒,1017.95,1041.26,996.89,1039.69,2.37,2150703931.0,20236000000.0,csindex
2024-10-14,510300,沪深300ETF,3.776,3.849,3.735,3.829,1.6729,31049317.0,12444027100.0,tencent
2024-10-14,931152,中证创新药产业,1648.89,1667.67,1608.32,1662.78,1.23,854862236.0,24271000000.0,csindex
2024-10-14,H30007,芯片产业,1931.6,2000.31,1874.14,1994.72,3.35,1396532794.0,77546000000.0,csindex
2024-10-15,159915,创业板ETF,2.094,2.135,2.045,2.045,-3.3554,43784762.0,9145503500.0,tencent
2024-10-15,399971,中证传媒,1031.38,1065.42,1022.99,1030.82,-0.85,2572417796.0,25432000000.0,csindex
2024-10-15,510300,沪深300ETF,3.803,3.835,3.716,3.72,-2.8467,26138707.0,10426846500.0,tencent
2024-10-15,931152,中证创新药产业,1660.75,1678.86,1621.09,1621.24,-2.5,723307714.0,20360000000.0,csindex
2024-10-15,H30007,芯片产业,1994.28,2057.29,1957.55,1957.55,-1.86,1321322003.0,76221000000.0,csindex
2024-10-16,159915,创业板ETF,2.001,2.044,1.989,2.0,-2.2005,38151331.0,7664940600.000001,tencent
2024-10-16,399971,中证传媒,1013.25,1062.36,1012.35,1044.26,1.3,2231595766.0,20890000000.0,csindex
2024-10-16,510300,沪深300ETF,3.68,3.749,3.671,3.695,-0.672,21611196.0,8450464000.0,tencent
2024-10-16,931152,中证创新药产业,1597.27,1622.17,1587.76,1597.54,-1.46,672080952.0,18089000000.0,csindex
2024-10-16,H30007,芯片产业,1892.48,1951.35,1889.78,1910.67,-2.39,894190738.0,50097000000.0,csindex
2024-10-17,159915,创业板ETF,2.019,2.042,1.993,1.995,-0.25,31361055.0,6333780699.999999,tencent
2024-10-17,399971,中证传媒,1048.34,1072.39,1043.08,1051.67,0.71,2577485308.0,29242000000.0,csindex
2024-10-17,510300,沪深300ETF,3.719,3.749,3.651,3.652,-1.1637,29354356.0,11450617800.0,tencent
2024-10-17,931152,中证创新药产业,1605.25,1625.91,1589.41,1589.41,-0.51,666448973.0,17472000000.0,csindex
2024-10-17,H30007,芯片产业,1959.38,1970.28,1918.25,1918.51,0.41,960965642.0,54704999999.99999,csindex
2024-10-18,159915,创业板ETF,1.986,2.256,1.986,2.156,8.0702,81695885.0,17246253900.0,tencent
2024-10-18,399971,中证传媒,1048.26,1099.45,1034.75,1075.05,2.22,3183793552.0,34119000000.0,csindex
2024-10-18,510300,沪深300ETF,3.647,3.907,3.635,3.805,4.1895,36209179.0,14349439600.0,tencent
2024-10-18,931152,中证创新药产业,1585.18,1697.26,1581.95,1655.24,4.14,1123513102.0,30820000000.0,csindex
2024-10-18,H30007,芯片产业,1921.55,2198.57,1916.65,2145.19,11.82,2019594597.0,117093000000.0,csindex
2024-10-21,159915,创业板ETF,2.162,2.225,2.139,2.167,0.5102,52905363.0,11510502700.0,tencent
2024-10-21,399971,中证传媒,1077.02,1123.16,1077.02,1107.99,3.06,3460274829.0,39618000000.0,csindex
2024-10-21,510300,沪深300ETF,3.806,3.849,3.769,3.805,0.0,25293364.0,10167737300.0,tencent
2024-10-21,931152,中证创新药产业,1661.28,1687.76,1631.05,1666.68,0.69,964437206.0,26894000000.0,csindex
2024-10-21,H30007,芯片产业,2202.46,2346.85,2158.5,2198.44,2.48,2489394825.0,157218000000.0,csindex
2024-10-22,159915,创业板ETF,2.158,2.186,2.139,2.175,0.3692,27314769.0,5911593000.0,tencent
2024-10-22,399971,中证传媒,1111.17,1166.6,1111.17,1132.22,2.19,4606239463.0,51938000000.0,csindex
2024-10-22,510300,沪深300ETF,3.791,3.835,3.79,3.829,0.6307,16669245.0,6711416500.0,tencent
2024-10-22,931152,中证创新药产业,1661.8,1687.63,1657.79,1674.34,0.46,809954493.0,22330000000.0,csindex
2024-10-22,H30007,芯片产业,2167.9,2222.81,2131.99,2163.65,-1.58,1667385123.0,98303000000.0,csindex
2024-10-23,159915,创业板ETF,2.166,2.211,2.145,2.162,-0.5977,30454404.0,6623460699.999999,tencent
2024-10-23,399971,中证传媒,1128.01,1130.32,1105.41,1110.11,-1.95,3601666478.0,41949000000.0,csindex
2024-10-23,510300,沪深300ETF,3.829,3.886,3.81,3.844,0.3917,22666292.0,9196021900.0,tencent
2024-10-23,931152,中证创新药产业,1674.57,1688.87,1657.48,1674.61,0.02,867309988.0,24358000000.0,csindex
2024-10-23,H30007,芯片产业,2141.64,2177.38,2122.45,2130.03,-1.55,1274405701.0,74363000000.0,csindex
2024-10-24,159915,创业板ETF,2.149,2.161,2.126,2.132,-1.3876,19996473.0,4281073000.0,tencent
2024-10-24,399971,中证传媒,1099.62,1107.16,1086.55,1100.53,-0.86,2309402709.0,25707000000.0,csindex
2024-10-24,510300,沪深300ETF,3.827,3.831,3.782,3.8,-1.1446,15982487.0,6418011400.0,tencent
2024-10-24,931152,中证创新药产业,1671.99,1686.89,1654.07,1658.0,-0.99,978688300.0,26611000000.0,csindex
2024-10-24,H30007,芯片产业,2108.81,2159.56,2107.97,2130.93,0.04,1087834692.0,63161000000.0,csindex
2024-10-25,159915,创业板ETF,2.147,2.236,2.138,2.196,3.0019,41856616.0,9158136100.0,tencent
2024-10-25,399971,中证传媒,1098.86,1131.75,1096.99,1127.81,2.48,2804089823.0,33114000000.0,csindex
2024-10-25,510300,沪深300ETF,3.801,3.867,3.792,3.829,0.7632,16852658.0,6801807400.0,tencent
2024-10-25,931152,中证创新药产业,1650.73,1692.7,1637.96,1683.5,1.54,1185846663.0,34557000000.0,csindex
2024-10-25,H30007,芯片产业,2141.02,2195.42,2110.9,2147.45,0.77,1151047720.0,67257000000.00001,csindex
2024-10-28,159915,创业板ETF,2.193,2.193,2.158,2.188,-0.3643,20357121.0,4432947300.0,tencent
2024-10-28,399971,中证传媒,1130.37,1160.1,1124.89,1152.67,2.2,3420798398.0,37959000000.0,csindex
2024-10-28,510300,沪深300ETF,3.824,3.836,3.789,3.835,0.1567,13963081.0,5622580500.0,tencent
2024-10-28,931152,中证创新药产业,1678.19,1708.16,1670.36,1705.73,1.32,1060356310.0,29612000000.0,csindex
2024-10-28,H30007,芯片产业,2144.54,2150.45,2119.2,2142.2,-0.24,1116211315.0,57409000000.0,csindex
2024-10-29,159915,创业板ETF,2.191,2.198,2.133,2.135,-2.4223,26794604.0,5783642900.0,tencent
2024-10-29,399971,中证传媒,1166.47,1170.23,1126.69,1127.3,-2.2,3788783769.0,39895000000.0,csindex
2024-10-29,510300,沪深300ETF,3.839,3.868,3.792,3.802,-0.8605,17946282.0,7237339600.0,tencent
2024-10-29,931152,中证创新药产业,1721.0,1725.16,1666.78,1669.18,-2.14,1037701277.0,29530000000.0,csindex
2024-10-29,H30007,芯片产业,2143.94,2215.28,2137.39,2137.7,-0.21,1606300544.0,83416000000.0,csindex
2024-10-30,159915,创业板ETF,2.119,2.138,2.086,2.111,-1.1241,23065017.0,4870460600.0,tencent
2024-10-30,399971,中证传媒,1118.91,1143.5,1111.8,1124.31,-0.26,3291932537.0,30741000000.000004,csindex
2024-10-30,510300,沪深300ETF,3.79,3.8,3.734,3.76,-1.1047,18128591.0,7210707500.0,tencent
2024-10-30,931152,中证创新药产业,1662.62,1681.17,1628.04,1641.28,-1.67,838846145.0,23581000000.0,csindex
2024-10-30,H30007,芯片产业,2121.61,2146.52,2082.91,2107.82,-1.4,1739015146.0,78474000000.0,csindex
2024-10-31,159915,创业板ETF,2.105,2.164,2.09,2.122,0.5211,31276690.0,6665871300.0,tencent
2024-10-31,399971,中证传媒,1120.02,1137.7,1103.79,1127.11,0.25,3617678598.0,34589000000.0,csindex
2024-10-31,510300,沪深300ETF,3.758,3.796,3.727,3.76,0.0,17636493.0,7004839500.0,tencent
2024-10-31,931152,中证创新药产业,1637.99,1653.12,1623.42,1631.4,-0.6,840850286.0,21930000000.0,csindex
2024-10-31,H30007,芯片产业,2111.07,2179.81,2080.46,2153.4,2.16,1991006513.0,92847000000.0,csindex
2024-11-01,159915,创业板ETF,2.104,2.125,2.08,2.084,-1.7908,23885768.0,5027417600.0,tencent
2024-11-01,399971,中证传媒,1123.25,1132.65,1095.94,1096.47,-2.72,3755909812.0,34145999999.999996,csindex
2024-11-01,510300,沪深300ETF,3.753,3.807,3.75,3.768,0.2128,18177560.0,7259471600.0,tencent
2024-11-01,931152,中证创新药产业,1628.12,1655.37,1621.37,1631.19,-0.01,869967126.0,22795000000.0,csindex
2024-11-01,H30007,芯片产业,2139.92,2150.28,2070.77,2070.77,-3.84,1775222178.0,81749000000.0,csindex
2024-11-04,159915,创业板ETF,2.081,2.146,2.08,2.145,2.9271,20837386.0,4424060300.0,tencent
2024-11-04,399971,中证传媒,1096.4,1119.72,1095.36,1117.6,1.93,2507189218.0,22773000000.0,csindex
2024-11-04,510300,沪深300ETF,3.771,3.823,3.76,3.821,1.4066,12493144.0,4997179200.0,tencent
2024-11-04,931152,中证创新药产业,1637.8,1664.5,1637.8,1654.12,1.4,704911328.0,18606000000.0,csindex
2024-11-04,H30007,芯片产业,2062.19,2116.06,2061.69,2109.63,1.88,1226165171.0,59574000000.0,csindex
2024-11-05,159915,创业板ETF,2.144,2.258,2.13,2.249,4.8485,52481838.0,11653247700.0,tencent
2024-11-05,399971,中证传媒,1115.05,1150.72,1112.64,1150.46,2.94,3550241975.0,34953000000.0,csindex
2024-11-05,510300,沪深300ETF,3.813,3.928,3.799,3.926,2.748,27630144.0,11308231800.0,tencent
2024-11-05,931152,中证创新药产业,1652.72,1692.28,1638.23,1690.15,2.18,1001238587.0,27333000000.0,csindex
2024-11-05,H30007,芯片产业,2110.29,2221.34,2102.28,2211.68,4.84,1719363754.0,93573000000.0,csindex
2024-11-06,159915,创业板ETF,2.249,2.316,2.202,2.223,-1.1561,45986097.0,10389830400.0,tencent
2024-11-06,399971,中证传媒,1148.66,1195.39,1148.19,1182.11,2.75,4581969302.0,44938000000.0,csindex
2024-11-06,510300,沪深300ETF,3.926,3.969,3.874,3.9,-0.6623,21734248.0,8976072200.0,tencent
2024-11-06,931152,中证创新药产业,1690.23,1717.96,1676.99,1691.24,0.06,1035895383.0,29967000000.0,csindex
2024-11-06,H30007,芯片产业,2234.27,2282.77,2196.71,2240.51,1.3,2075791338.0,108975000000.0,csindex
2024-11-07,159915,创业板ETF,2.202,2.306,2.198,2.306,3.7337,36027816.0,8123542700.0,tencent
2024-11-07,399971,中证传媒,1174.43,1196.33,1168.55,1196.1,1.18,3977510741.0,35068000000.0,csindex
2024-11-07,510300,沪深300ETF,3.869,4.039,3.865,4.037,3.5128,27887189.0,11598082800.0,tencent
2024-11-07,931152,中证创新药产业,1674.38,1733.33,1672.87,1733.33,2.49,1043576022.0,29866000000.000004,csindex
2024-11-07,H30007,芯片产业,2219.97,2329.69,2216.3,2309.18,3.07,1634446426.0,92432000000.0,csindex
2024-11-08,159915,创业板ETF,2.355,2.365,2.274,2.282,-1.0408,34984930.0,8113596700.0,tencent
2024-11-08,399971,中证传媒,1201.12,1207.9,1175.11,1178.39,-1.48,4073417025.0,39169000000.0,csindex
2024-11-08,510300,沪深300ETF,4.071,4.079,3.967,3.983,-1.3376,28080232.0,11867165400.0,tencent
2024-11-08,931152,中证创新药产业,1751.49,1756.94,1712.58,1717.81,-0.89,1048117402.0,30135000000.000004,csindex
2024-11-08,H30007,芯片产业,2370.27,2428.11,2315.9,2316.45,0.31,2056181197.0,128741000000.00002,csindex
2024-11-11,159915,创业板ETF,2.25,2.35,2.249,2.349,2.936,31861165.0,7362300500.0,tencent
2024-11-11,399971,中证传媒,1169.37,1231.91,1169.37,1229.77,4.36,4269718149.0,49190000000.0,csindex
2024-11-11,510300,沪深300ETF,3.941,4.008,3.919,4.004,0.5272,23043651.0,9617369900.0,tencent
2024-11-11,931152,中证创新药产业,1705.14,1744.62,1694.02,1743.1,1.47,1021446009.0,28799000000.0,csindex
2024-11-11,H30007,芯片产业,2348.29,2467.65,2343.08,2463.24,6.34,2417931720.0,144698000000.0,csindex
2024-11-12,159915,创业板ETF,2.365,2.402,2.316,2.345,-0.1703,32230534.0,7623609100.0,tencent
2024-11-12,399971,中证传媒,1229.92,1229.92,1182.6,1192.14,-3.06,4175700168.0,47240000000.0,csindex
2024-11-12,510300,沪深300ETF,3.999,4.057,3.934,3.958,-1.1489,23041668.0,9698714000.0,tencent
2024-11-12,931152,中证创新药产业,1744.8,1807.45,1744.8,1758.81,0.9,1506465176.0,43736000000.0,csindex
2024-11-12,H30007,芯片产业,2453.46,2461.16,2375.5,2404.23,-2.39,2028695121.0,121250000000.0,csindex
2024-11-13,159915,创业板ETF,2.325,2.381,2.3,2.372,1.1514,28539851.0,6672901500.0,tencent
2024-11-13,399971,中证传媒,1184.26,1231.99,1184.26,1224.65,2.73,3724826948.0,47518000000.0,csindex
2024-11-13,510300,沪深300ETF,3.939,3.995,3.935,3.984,0.6569,15727943.0,6569000900.0,tencent
2024-11-13,931152,中证创新药产业,1746.7,1766.01,1714.9,1738.92,-1.13,904385250.0,25663000000.0,csindex
2024-11-13,H30007,芯片产业,2380.21,2414.28,2355.18,2405.46,0.05,1439501411.0,89587000000.0,csindex
2024-11-14,159915,创业板ETF,2.37,2.372,2.285,2.288,-3.5413,21661199.0,5043001900.0,tencent
2024-11-14,399971,中证传媒,1218.74,1243.37,1182.59,1183.44,-3.37,4354228182.0,44511000000.0,csindex
2024-11-14,510300,沪深300ETF,3.977,3.992,3.906,3.913,-1.7821,14438853.0,6015521600.0,tencent
2024-11-14,931152,中证创新药产业,1735.94,1736.63,1684.63,1686.36,-3.02,790149861.0,22284000000.0,csindex
2024-11-14,H30007,芯片产业,2389.19,2405.32,2309.12,2315.28,-3.75,1373534055.0,81145000000.0,csindex
2024-11-15,159915,创业板ETF,2.276,2.294,2.201,2.204,-3.6713,27246692.0,6126017600.0,tencent
2024-11-15,399971,中证传媒,1183.28,1237.55,1183.28,1188.28,0.41,5180411818.0,53062000000.0,csindex
2024-11-15,510300,沪深300ETF,3.903,3.923,3.839,3.844,-1.7634,16769935.0,6875318300.0,tencent
2024-11-15,931152,中证创新药产业,1680.19,1691.57,1653.37,1653.37,-1.96,684559775.0,18857000000.0,csindex
2024-11-15,H30007,芯片产业,2308.56,2322.52,2212.08,2212.47,-4.44,1327128857.0,77279000000.0,csindex
2024-11-18,159915,创业板ETF,2.205,2.219,2.132,2.149,-2.4955,28609469.0,6207444200.0,tencent
2024-11-18,399971,中证传媒,1197.74,1199.23,1122.03,1131.58,-4.77,4894677241.0,45355000000.0,csindex
2024-11-18,510300,沪深300ETF,3.86,3.907,3.802,3.827,-0.4422,16100926.0,6552723800.0,tencent
2024-11-18,931152,中证创新药产业,1655.18,1664.65,1618.4,1626.01,-1.65,692502865.0,19211000000.0,csindex
2024-11-18,H30007,芯片产业,2212.32,2241.94,2147.43,2164.0,-2.19,1184507378.0,66503000000.0,csindex
2024-11-19,159915,创业板ETF,2.155,2.219,2.132,2.215,3.0712,31529902.0,6860088400.0,tencent
2024-11-19,399971,中证传媒,1125.15,1141.73,1108.75,1141.73,0.9,3359752434.0,28852000000.0,csindex
2024-11-19,510300,沪深300ETF,3.829,3.85,3.77,3.847,0.5226,16705449.0,6731130800.0,tencent
2024-11-19,931152,中证创新药产业,1632.11,1647.88,1609.92,1642.9,1.04,576878718.0,15611000000.000002,csindex
2024-11-19,H30007,芯片产业,2171.81,2239.83,2142.24,2235.23,3.29,1071811623.0,62094000000.00001,csindex
2024-11-20,159915,创业板ETF,2.201,2.24,2.195,2.223,0.3612,23956979.0,5309861899.999999,tencent
2024-11-20,399971,中证传媒,1139.42,1197.02,1138.66,1183.17,3.63,4434814942.0,41919000000.0,csindex
2024-11-20,510300,沪深300ETF,3.835,3.874,3.827,3.857,0.2599,15485304.0,6285302000.0,tencent
2024-11-20,931152,中证创新药产业,1639.26,1707.39,1638.92,1697.35,3.31,885693824.0,27408000000.0,csindex
2024-11-20,H30007,芯片产业,2225.56,2244.47,2200.39,2229.77,-0.24,913406758.0,52226000000.0,csindex
2024-11-21,159915,创业板ETF,2.213,2.237,2.206,2.223,0.0,15526239.0,3449564200.0,tencent
2024-11-21,399971,中证传媒,1176.46,1200.4,1172.49,1182.95,-0.02,4919019441.0,43357000000.0,csindex
2024-11-21,510300,沪深300ETF,3.849,3.871,3.837,3.862,0.1296,10454707.0,4249179699.9999995,tencent
2024-11-21,931152,中证创新药产业,1692.89,1710.3,1682.12,1694.11,-0.19,626994098.0,17979000000.0,csindex
2024-11-21,H30007,芯片产业,2222.65,2271.87,2215.94,2241.72,0.54,876909432.0,54842999999.99999,csindex
2024-11-22,159915,创业板ETF,2.218,2.226,2.133,2.136,-3.9136,20256843.0,4419031300.0,tencent
2024-11-22,399971,中证传媒,1174.71,1214.52,1156.62,1158.58,-2.06,5852224798.0,50821000000.0,csindex
2024-11-22,510300,沪深300ETF,3.86,3.863,3.735,3.742,-3.1072,17571913.0,7058103300.0,tencent
2024-11-22,931152,中证创新药产业,1691.6,1691.82,1621.11,1621.11,-4.31,738958229.0,20051000000.0,csindex
2024-11-22,H30007,芯片产业,2243.2,2268.17,2141.96,2143.44,-4.38,1034378037.0,61855999999.99999,csindex
2024-11-25,159915,创业板ETF,2.14,2.151,2.1,2.132,-0.1873,19946017.0,4239346300.0,tencent
2024-11-25,399971,中证传媒,1165.92,1176.07,1135.03,1172.97,1.24,4930576157.0,42337000000.0,csindex
2024-11-25,510300,沪深300ETF,3.744,3.761,3.683,3.72,-0.5879,13590858.0,5349569700.0,tencent
2024-11-25,931152,中证创新药产业,1621.4,1639.74,1602.65,1621.69,0.03,540591420.0,15161000000.000002,csindex
2024-11-25,H30007,芯片产业,2144.6,2154.42,2072.92,2113.24,-1.41,875278082.0,52044000000.00001,csindex
2024-11-26,159915,创业板ETF,2.122,2.146,2.107,2.109,-1.0788,13881308.0,2950218200.0,tencent
2024-11-26,399971,中证传媒,1167.6,1208.26,1161.91,1167.14,-0.5,5500010998.0,47761000000.0,csindex
2024-11-26,510300,沪深300ETF,3.703,3.745,3.702,3.712,-0.2151,7847079.0,3086739699.9999995,tencent
2024-11-26,931152,中证创新药产业,1618.92,1657.38,1618.43,1625.04,0.21,489844747.0,13871000000.0,csindex
2024-11-26,H30007,芯片产业,2108.29,2133.46,2096.14,2097.93,-0.72,548357929.0,32108000000.0,csindex
2024-11-27,159915,创业板ETF,2.1,2.167,2.079,2.165,2.6553,23812605.0,5063215500.0,tencent
2024-11-27,399971,中证传媒,1153.75,1213.17,1139.51,1213.02,3.93,5987673285.0,49621000000.0,csindex
2024-11-27,510300,沪深300ETF,3.705,3.781,3.69,3.776,1.7241,14519874.0,5739351600.0,tencent
2024-11-27,931152,中证创新药产业,1623.27,1664.98,1620.92,1664.87,2.45,604578747.0,17265000000.0,csindex
2024-11-27,H30007,芯片产业,2087.52,2168.63,2062.58,2166.09,3.25,857681475.0,51582000000.00001,csindex
2024-11-28,159915,创业板ETF,2.162,2.165,2.124,2.128,-1.709,15812142.0,3390963000.0,tencent
2024-11-28,399971,中证传媒,1216.38,1238.92,1192.93,1195.8,-1.42,6252396115.0,53851000000.0,csindex
2024-11-28,510300,沪深300ETF,3.773,3.778,3.737,3.747,-0.768,10724073.0,4256335700.0,tencent
2024-11-28,931152,中证创新药产业,1667.06,1679.19,1648.75,1651.48,-0.8,516452288.0,14361000000.000002,csindex
2024-11-28,H30007,芯片产业,2166.44,2209.8,2150.03,2157.9,-0.38,777773426.0,48916000000.0,csindex
2024-11-29,159915,创业板ETF,2.122,2.221,2.12,2.179,2.3966,30698302.0,6686251100.0,tencent
2024-11-29,399971,中证传媒,1196.04,1230.87,1189.5,1220.33,2.05,4276147934.0,44391000000.0,csindex
2024-11-29,510300,沪深300ETF,3.749,3.836,3.746,3.79,1.1476,15297716.0,6126864800.0,tencent
2024-11-29,931152,中证创新药产业,1656.32,1696.36,1652.26,1682.09,1.85,676840266.0,20475000000.0,csindex
2024-11-29,H30007,芯片产业,2148.47,2242.66,2131.02,2199.78,1.94,912738698.0,56534000000.0,csindex
2024-12-02,159915,创业板ETF,2.172,2.218,2.166,2.211,1.4686,20748569.0,4569798100.0,tencent
2024-12-02,399971,中证传媒,1223.28,1254.15,1223.28,1246.53,2.15,4413091487.0,46129000000.0,csindex
2024-12-02,510300,沪深300ETF,3.786,3.832,3.776,3.82,0.7916,9816348.0,3948066700.0,tencent
2024-12-02,931152,中证创新药产业,1682.83,1705.49,1674.82,1699.12,1.01,679968554.0,19567000000.0,csindex
2024-12-02,H30007,芯片产业,2196.45,2231.66,2184.68,2214.63,0.67,993618000.0,58316000000.0,csindex
2024-12-03,159915,创业板ETF,2.211,2.219,2.182,2.198,-0.588,15916814.0,3502377900.0,tencent
2024-12-03,399971,中证传媒,1249.53,1251.74,1230.6,1242.19,-0.35,5162001120.0,43848000000.0,csindex
2024-12-03,510300,沪深300ETF,3.819,3.841,3.794,3.824,0.1047,15244237.0,6140454900.0,tencent
2024-12-03,931152,中证创新药产业,1695.86,1703.22,1682.49,1697.97,-0.07,551412472.0,16615000000.0,csindex
2024-12-03,H30007,芯片产业,2220.14,2230.63,2159.62,2177.9,-1.66,854179844.0,52326000000.0,csindex
2024-12-04,159915,创业板ETF,2.195,2.203,2.161,2.17,-1.2739,14083118.0,3072274699.9999995,tencent
2024-12-04,399971,中证传媒,1245.59,1248.95,1206.07,1222.49,-1.59,6992869946.0,49936000000.0,csindex
2024-12-04,510300,沪深300ETF,3.819,3.83,3.792,3.803,-0.5492,10069479.0,4047901800.0,tencent
2024-12-04,931152,中证创新药产业,1692.99,1692.99,1661.64,1668.63,-1.73,497682309.0,14099000000.0,csindex
2024-12-04,H30007,芯片产业,2231.36,2251.3,2176.46,2183.6,0.26,1067256295.0,66446000000.0,csindex
2024-12-05,159915,创业板ETF,2.167,2.195,2.163,2.177,0.3226,10881280.0,2370569400.0,tencent
2024-12-05,399971,中证传媒,1221.21,1283.48,1220.9,1280.09,4.71,6367485616.0,58191000000.0,csindex
2024-12-05,510300,沪深300ETF,3.795,3.811,3.783,3.796,-0.1841,7595229.0,3042872199.9999995,tencent
2024-12-05,931152,中证创新药产业,1665.81,1669.36,1652.63,1663.55,-0.3,391428131.0,11365000000.0,csindex
2024-12-05,H30007,芯片产业,2165.12,2187.78,2159.37,2176.88,-0.31,659154864.0,41175000000.0,csindex
2024-12-06,159915,创业板ETF,2.18,2.247,2.17,2.224,2.1589,25903279.0,5742016700.0,tencent
2024-12-06,399971,中证传媒,1295.63,1325.98,1281.77,1315.24,2.75,9070837111.0,81335000000.0,csindex
2024-12-06,510300,沪深300ETF,3.796,3.874,3.795,3.846,1.3172,17762294.0,7198784399.999999,tencent
2024-12-06,931152,中证创新药产业,1662.9,1717.05,1662.9,1707.73,2.66,768836017.0,22805000000.0,csindex
2024-12-06,H30007,芯片产业,2175.62,2225.85,2159.52,2205.36,1.31,806173765.0,48842000000.0,csindex
2024-12-09,159915,创业板ETF,2.219,2.23,2.185,2.206,-0.8094,14918244.0,3292494600.0,tencent
2024-12-09,399971,中证传媒,1318.6,1320.76,1289.74,1308.05,-0.55,7420755319.0,66653000000.0,csindex
2024-12-09,510300,沪深300ETF,3.843,3.869,3.819,3.843,-0.078,12464187.0,5050072400.0,tencent
2024-12-09,931152,中证创新药产业,1740.83,1744.6,1710.28,1716.76,0.53,859874616.0,26499000000.0,csindex
2024-12-09,H30007,芯片产业,2197.53,2206.27,2154.13,2169.35,-1.63,629698174.0,39914000000.0,csindex
2024-12-10,159915,创业板ETF,2.32,2.32,2.214,2.221,0.68,35328843.0,7987491200.0,tencent
2024-12-10,399971,中证传媒,1337.86,1342.86,1296.75,1297.95,-0.77,8229266378.0,76732000000.0,csindex
2024-12-10,510300,沪深300ETF,3.968,3.987,3.862,3.874,0.8067,24827953.0,10257484400.0,tencent
2024-12-10,931152,中证创新药产业,1759.75,1760.45,1702.16,1705.41,-0.66,896006142.0,27932000000.0,csindex
2024-12-10,H30007,芯片产业,2272.63,2275.23,2181.25,2186.6,0.79,940437018.0,62242999999.99999,csindex
2024-12-11,159915,创业板ETF,2.215,2.235,2.209,2.218,-0.1351,14406912.0,3197772600.0,tencent
2024-12-11,399971,中证传媒,1287.32,1313.74,1285.09,1301.88,0.3,6621991862.0,58157000000.00001,csindex
2024-12-11,510300,沪深300ETF,3.867,3.883,3.854,3.864,-0.2581,12587160.0,5136178200.0,tencent
2024-12-11,931152,中证创新药产业,1701.17,1715.8,1699.37,1706.9,0.09,587200691.0,17312000000.0,csindex
2024-12-11,H30007,芯片产业,2176.46,2199.65,2167.75,2177.01,-0.44,751242157.0,49533000000.0,csindex
2024-12-12,159915,创业板ETF,2.217,2.258,2.212,2.248,1.3526,19109548.0,4274890500.0,tencent
2024-12-12,399971,中证传媒,1310.36,1315.18,1286.57,1307.46,0.43,6292911292.0,60335000000.0,csindex
2024-12-12,510300,沪深300ETF,3.866,3.911,3.855,3.906,1.087,13601804.0,5577925800.0,tencent
2024-12-12,931152,中证创新药产业,1703.97,1711.68,1693.75,1709.78,0.17,674593097.0,18413000000.0,csindex
2024-12-12,H30007,芯片产业,2176.8,2195.81,2160.34,2193.81,0.77,735989466.0,48498000000.0,csindex
2024-12-13,159915,创业板ETF,2.231,2.233,2.19,2.193,-2.4466,17805550.0,3936277800.0000005,tencent
2024-12-13,399971,中证传媒,1296.19,1339.16,1296.19,1313.98,0.5,6489817262.0,67816000000.0,csindex
2024-12-13,510300,沪深300ETF,3.881,3.881,3.801,3.809,-2.4834,23465697.0,9490500700.0,tencent
2024-12-13,931152,中证创新药产业,1701.25,1701.25,1674.53,1675.55,-2.0,921421393.0,26316000000.000004,csindex
2024-12-13,H30007,芯片产业,2176.5,2194.07,2153.15,2157.56,-1.65,1065549321.0,72069000000.0,csindex
2024-12-16,159915,创业板ETF,2.19,2.192,2.148,2.158,-1.596,12552537.0,2716261800.0,tencent
2024-12-16,399971,中证传媒,1315.9,1317.59,1276.72,1287.07,-2.05,5585025695.0,61915000000.0,csindex
2024-12-16,510300,沪深300ETF,3.807,3.81,3.775,3.785,-0.6301,9893231.0,3956401800.0,tencent
2024-12-16,931152,中证创新药产业,1672.1,1676.19,1650.92,1656.52,-1.14,560780515.0,16481000000.0,csindex
2024-12-16,H30007,芯片产业,2156.23,2164.23,2110.92,2120.75,-1.7,900598140.0,61189000000.0,csindex
2024-12-17,159915,创业板ETF,2.156,2.189,2.153,2.159,0.0463,16959955.0,3681413000.0,tencent
2024-12-17,399971,中证传媒,1281.48,1281.9,1239.9,1243.72,-3.37,4487953447.0,47626000000.0,csindex
2024-12-17,510300,沪深300ETF,3.782,3.832,3.78,3.796,0.2906,13646692.0,5482919100.0,tencent
2024-12-17,931152,中证创新药产业,1654.71,1661.97,1640.62,1645.6,-0.66,467592295.0,12675000000.0,csindex
2024-12-17,H30007,芯片产业,2113.69,2129.59,2097.31,2101.9,-0.89,620312974.0,40332000000.0,csindex
2024-12-18,159915,创业板ETF,2.167,2.173,2.15,2.158,-0.0463,10734338.0,2318259700.0,tencent
2024-12-18,399971,中证传媒,1244.04,1274.07,1236.6,1260.93,1.38,4060604516.0,42543000000.0,csindex
2024-12-18,510300,沪深300ETF,3.809,3.828,3.804,3.813,0.4478,10236096.0,4121893600.0,tencent
2024-12-18,931152,中证创新药产业,1649.21,1656.61,1645.35,1647.49,0.11,350133045.0,9931000000.0,csindex
2024-12-18,H30007,芯片产业,2108.57,2170.62,2099.15,2163.21,2.92,807626012.0,57502000000.0,csindex
2024-12-19,159915,创业板ETF,2.137,2.178,2.132,2.171,0.6024,14482076.0,3123320200.0,tencent
2024-12-19,399971,中证传媒,1245.77,1273.54,1235.42,1269.29,0.66,4595925967.0,43591000000.0,csindex
2024-12-19,510300,沪深300ETF,3.789,3.827,3.77,3.819,0.1574,9903622.0,3977931200.0,tencent
2024-12-19,931152,中证创新药产业,1634.89,1647.19,1627.67,1643.1,-0.27,386344975.0,10869000000.0,csindex
2024-12-19,H30007,芯片产业,2135.54,2231.05,2133.11,2213.34,2.32,1020094414.0,74228000000.0,csindex
2024-12-20,159915,创业板ETF,2.166,2.19,2.157,2.169,-0.0921,12555582.0,2726937900.0,tencent
2024-12-20,399971,中证传媒,1259.66,1279.55,1259.43,1276.49,0.57,4580545977.0,41111000000.0,csindex
2024-12-20,510300,沪深300ETF,3.813,3.834,3.801,3.807,-0.3142,12230620.0,4921231700.0,tencent
2024-12-20,931152,中证创新药产业,1642.01,1653.18,1639.58,1642.11,-0.06,381912878.0,10736000000.0,csindex
2024-12-20,H30007,芯片产业,2205.53,2325.94,2203.69,2287.6,3.35,1492975892.0,101554000000.0,csindex
2024-12-23,159915,创业板ETF,2.163,2.18,2.142,2.147,-1.0143,13008414.0,2810536500.0,tencent
2024-12-23,399971,中证传媒,1274.15,1274.15,1212.85,1214.81,-4.83,4255077528.0,38837000000.0,csindex
2024-12-23,510300,沪深300ETF,3.806,3.842,3.804,3.811,0.1051,14247022.0,5749434800.0,tencent
2024-12-23,931152,中证创新药产业,1640.94,1640.94,1619.69,1619.69,-1.36,451148088.0,12832000000.0,csindex
2024-12-23,H30007,芯片产业,2285.4,2321.84,2243.02,2246.57,-1.79,1165016571.0,87406000000.0,csindex
2024-12-24,159915,创业板ETF,2.148,2.172,2.143,2.17,1.0713,15581880.0,3361542100.0,tencent
2024-12-24,399971,中证传媒,1214.4,1220.43,1201.93,1216.36,0.13,3413453546.0,28119000000.0,csindex
2024-12-24,510300,沪深300ETF,3.813,3.865,3.811,3.858,1.2333,14563434.0,5907574000.0,tencent
2024-12-24,931152,中证创新药产业,1619.39,1634.81,1619.39,1634.05,0.89,355010029.0,10016000000.0,csindex
2024-12-24,H30007,芯片产业,2257.98,2284.17,2206.43,2281.52,1.55,940667512.0,67398000000.0,csindex
2024-12-25,159915,创业板ETF,2.173,2.175,2.144,2.156,-0.6452,11594528.0,2502557700.0,tencent
2024-12-25,399971,中证传媒,1214.13,1215.09,1183.24,1195.96,-1.68,3168707647.0,27799000000.0,csindex
2024-12-25,510300,沪深300ETF,3.861,3.883,3.843,3.861,0.0778,14181375.0,5775975699.999999,tencent
2024-12-25,931152,中证创新药产业,1643.96,1648.29,1613.52,1622.71,-0.69,385253955.0,11573000000.0,csindex
2024-12-25,H30007,芯片产业,2283.34,2313.71,2269.53,2282.33,0.03,861335146.0,65386000000.0,csindex
2024-12-26,159915,创业板ETF,2.16,2.176,2.152,2.166,0.4638,10655084.0,2309054300.0,tencent
2024-12-26,399971,中证传媒,1193.89,1209.1,1193.89,1196.94,0.08,2429251479.0,22299000000.0,csindex
2024-12-26,510300,沪深300ETF,3.861,3.868,3.845,3.862,0.0259,9470234.0,3855435800.0,tencent
2024-12-26,931152,中证创新药产业,1618.87,1624.72,1612.42,1614.33,-0.52,348367182.0,9482000000.0,csindex
2024-12-26,H30007,芯片产业,2273.0,2332.97,2265.28,2327.55,1.98,1138534848.0,76352000000.0,csindex
2024-12-27,159915,创业板ETF,2.166,2.192,2.154,2.163,-0.1385,14826588.0,3218106300.0,tencent
2024-12-27,399971,中证传媒,1196.07,1214.55,1188.32,1193.97,-0.25,2672715514.0,24608000000.0,csindex
2024-12-27,510300,沪深300ETF,3.865,3.888,3.85,3.856,-0.1554,10869639.0,4428609600.0,tencent
2024-12-27,931152,中证创新药产业,1612.82,1626.48,1607.51,1615.86,0.09,404304869.0,11532000000.0,csindex
2024-12-27,H30007,芯片产业,2323.61,2367.74,2297.53,2302.06,-1.09,1227832176.0,84401000000.0,csindex
2024-12-30,159915,创业板ETF,2.158,2.174,2.155,2.165,0.0925,10202963.0,2207790500.0,tencent
2024-12-30,399971,中证传媒,1192.78,1203.64,1175.1,1192.69,-0.11,2464678151.0,21967000000.0,csindex
2024-12-30,510300,沪深300ETF,3.855,3.882,3.854,3.875,0.4927,13119335.0,5359063000.0,tencent
2024-12-30,931152,中证创新药产业,1615.51,1627.87,1610.87,1618.94,0.19,392296214.0,11267000000.0,csindex
2024-12-30,H30007,芯片产业,2294.91,2339.09,2281.72,2306.37,0.19,1033745652.0,68983000000.0,csindex
2024-12-31,159915,创业板ETF,2.162,2.165,2.101,2.102,-2.9099,19047476.0,4056325500.0,tencent
2024-12-31,399971,中证传媒,1195.45,1197.96,1156.79,1156.79,-3.01,2927760211.0,24807000000.0,csindex
2024-12-31,510300,沪深300ETF,3.876,3.883,3.809,3.811,-1.6516,18436188.0,7479851100.0,tencent
2024-12-31,931152,中证创新药产业,1618.95,1619.18,1586.89,1587.23,-1.96,498085311.0,13053000000.0,csindex
2024-12-31,H30007,芯片产业,2307.16,2309.74,2212.09,2212.09,-4.09,1065439414.0,67404000000.0,csindex
2025-01-02,159915,创业板ETF,2.096,2.097,2.0,2.019,-3.9486,22999093.0,4709844400.0,tencent
2025-01-02,399971,中证传媒,1155.94,1167.15,1117.67,1128.76,-2.42,2858939323.0,25066000000.0,csindex
2025-01-02,510300,沪深300ETF,3.809,3.81,3.67,3.698,-2.9651,21729803.0,8582892000.0,tencent
2025-01-02,931152,中证创新药产业,1588.62,1592.66,1538.0,1548.58,-2.44,554821048.0,14812000000.0,csindex
2025-01-02,H30007,芯片产业,2203.21,2204.38,2087.22,2113.15,-4.47,1115341554.0,67178000000.0,csindex
2025-01-03,159915,创业板ETF,2.02,2.027,1.976,1.978,-2.0307,20166724.0,4033495000.0,tencent
2025-01-03,399971,中证传媒,1131.22,1134.94,1086.56,1088.25,-3.59,3022901352.0,24560000000.0,csindex
2025-01-03,510300,沪深300ETF,3.698,3.71,3.642,3.658,-1.0817,15930226.0,6191152300.0,tencent
2025-01-03,931152,中证创新药产业,1549.81,1562.23,1527.63,1533.63,-0.97,459028117.0,11822000000.0,csindex
2025-01-03,H30007,芯片产业,2116.72,2126.14,2067.45,2069.04,-2.09,831005903.0,50266000000.0,csindex
2025-01-06,159915,创业板ETF,1.978,1.994,1.962,1.976,-0.1011,16794769.0,3322854200.0,tencent
2025-01-06,399971,中证传媒,1085.88,1095.49,1069.4,1077.4,-1.0,2267320514.0,18105000000.0,csindex
2025-01-06,510300,沪深300ETF,3.654,3.662,3.617,3.642,-0.4374,12986739.0,5000830600.0,tencent
2025-01-06,931152,中证创新药产业,1541.31,1560.39,1534.15,1544.07,0.68,545922825.0,13179000000.0,csindex
2025-01-06,H30007,芯片产业,2071.63,2096.95,2036.14,2052.69,-0.79,646566401.0,40694000000.0,csindex
2025-01-07,159915,创业板ETF,1.965,1.99,1.951,1.99,0.7085,16954313.0,3344010700.0,tencent
2025-01-07,399971,中证传媒,1079.2,1095.23,1076.4,1094.47,1.58,2741693368.0,19127000000.0,csindex
2025-01-07,510300,沪深300ETF,3.634,3.671,3.625,3.669,0.7414,9689740.0,3741067100.0,tencent
2025-01-07,931152,中证创新药产业,1541.3,1541.31,1507.26,1522.02,-1.43,512560006.0,12041000000.0,csindex
2025-01-07,H30007,芯片产业,2057.79,2145.45,2057.79,2144.69,4.48,747775073.0,51745000000.00001,csindex
2025-01-08,159915,创业板ETF,1.975,1.99,1.925,1.968,-1.1055,22795329.0,4466166500.0,tencent
2025-01-08,399971,中证传媒,1090.78,1105.87,1065.79,1098.96,0.41,3775925872.0,25430000000.0,csindex
2025-01-08,510300,沪深300ETF,3.659,3.688,3.604,3.663,-0.1635,14097968.0,5440502600.0,tencent
2025-01-08,931152,中证创新药产业,1519.33,1523.72,1484.52,1506.74,-1.0,499667873.0,12197000000.0,csindex
2025-01-08,H30007,芯片产业,2119.98,2174.76,2079.52,2147.51,0.13,825648208.0,57866999999.99999,csindex
2025-01-09,159915,创业板ETF,1.956,1.985,1.954,1.971,0.1524,13525681.0,2671984300.0,tencent
2025-01-09,399971,中证传媒,1094.73,1111.2,1092.26,1101.73,0.25,3867915855.0,25964000000.0,csindex
2025-01-09,510300,沪深300ETF,3.652,3.669,3.646,3.655,-0.2184,8060658.0,3119907400.0,tencent
2025-01-09,931152,中证创新药产业,1503.35,1520.8,1493.9,1503.54,-0.21,377257450.0,9735000000.0,csindex
2025-01-09,H30007,芯片产业,2140.64,2180.52,2139.14,2154.46,0.32,729770993.0,51760000000.0,csindex
2025-01-10,159915,创业板ETF,1.967,1.983,1.938,1.938,-1.6743,12061622.0,2366472800.0,tencent
2025-01-10,399971,中证传媒,1098.91,1112.45,1073.55,1073.66,-2.55,4357581813.0,28067000000.0,csindex
2025-01-10,510300,沪深300ETF,3.654,3.664,3.611,3.612,-1.1765,8265725.0,3179602800.0000005,tencent
2025-01-10,931152,中证创新药产业,1507.17,1512.67,1487.55,1487.55,-1.06,385009732.0,10088000000.0,csindex
2025-01-10,H30007,芯片产业,2151.12,2220.72,2144.54,2144.54,-0.46,1031136159.0,66686000000.0,csindex
2025-01-13,159915,创业板ETF,1.916,1.959,1.916,1.942,0.2064,13517608.0,2622517600.0,tencent
2025-01-13,399971,中证传媒,1060.16,1078.12,1051.16,1068.96,-0.44,3147051717.0,19504000000.0,csindex
2025-01-13,510300,沪深300ETF,3.59,3.615,3.582,3.597,-0.4153,9493947.0,3613570700.0,tencent
2025-01-13,931152,中证创新药产业,1478.35,1501.39,1477.66,1495.66,0.54,351841585.0,8955000000.0,csindex
2025-01-13,H30007,芯片产业,2108.17,2144.22,2102.26,2135.88,-0.4,706930022.0,47708000000.0,csindex
2025-01-14,159915,创业板ETF,1.95,2.037,1.942,2.036,4.8404,28363155.0,5666356600.0,tencent
2025-01-14,399971,中证传媒,1079.64,1124.96,1068.19,1124.96,5.24,3891460811.0,30674000000.0,csindex
2025-01-14,510300,沪深300ETF,3.604,3.707,3.598,3.695,2.7245,16445462.0,6369926300.0,tencent
2025-01-14,931152,中证创新药产业,1499.75,1542.96,1498.25,1540.53,3.0,493536973.0,13363999999.999998,csindex
2025-01-14,H30007,芯片产业,2152.7,2221.5,2114.43,2216.75,3.79,1015449420.0,68872000000.0,csindex
2025-01-15,159915,创业板ETF,2.022,2.025,1.992,1.999,-1.8173,17505191.0,3511330400.0,tencent
2025-01-15,399971,中证传媒,1134.47,1143.18,1128.44,1134.09,0.81,3647224213.0,34559000000.0,csindex
2025-01-15,510300,沪深300ETF,3.685,3.693,3.666,3.672,-0.6225,7420496.0,2886729500.0,tencent
2025-01-15,931152,中证创新药产业,1537.89,1537.89,1519.2,1523.53,-1.1,360629612.0,9761000000.0,csindex
2025-01-15,H30007,芯片产业,2203.64,2244.9,2193.28,2211.82,-0.22,770609995.0,60004000000.0,csindex
2025-01-16,159915,创业板ETF,2.009,2.044,1.99,2.01,0.5503,19330738.0,3896733900.0,tencent
2025-01-16,399971,中证传媒,1138.41,1162.88,1122.74,1137.0,0.26,5484602018.0,40525000000.0,csindex
2025-01-16,510300,沪深300ETF,3.685,3.722,3.65,3.674,0.0545,11090052.0,4322396800.0,tencent
2025-01-16,931152,中证创新药产业,1530.77,1549.11,1516.46,1520.94,-0.17,444829633.0,11698000000.0,csindex
2025-01-16,H30007,芯片产业,2227.58,2248.99,2149.04,2157.85,-2.44,869526889.0,71723000000.0,csindex
2025-01-17,159915,创业板ETF,1.999,2.043,1.998,2.026,0.796,16072145.0,3249604099.9999995,tencent
2025-01-17,399971,中证传媒,1125.15,1137.16,1118.93,1126.46,-0.93,3362016611.0,24979000000.0,csindex
2025-01-17,510300,沪深300ETF,3.664,3.711,3.657,3.687,0.3538,8476993.0,3304922199.9999995,tencent
2025-01-17,931152,中证创新药产业,1513.86,1537.26,1510.93,1527.47,0.43,366886958.0,10024000000.0,csindex
2025-01-17,H30007,芯片产业,2142.55,2238.71,2142.52,2206.81,2.27,894790880.0,67411000000.0,csindex
2025-01-20,159915,创业板ETF,2.047,2.077,2.046,2.062,1.7769,19351278.0,3993926800.0,tencent
2025-01-20,399971,中证传媒,1138.2,1145.03,1125.94,1130.53,0.36,3286136899.0,25914000000.0,csindex
2025-01-20,510300,沪深300ETF,3.71,3.738,3.697,3.706,0.5153,9202943.0,3619235600.0,tencent
2025-01-20,931152,中证创新药产业,1540.09,1573.25,1539.99,1559.15,2.07,486091014.0,15350000000.0,csindex
2025-01-20,H30007,芯片产业,2211.57,2228.65,2189.27,2205.89,-0.04,804851887.0,57351000000.0,csindex
2025-01-21,159915,创业板ETF,2.081,2.083,2.048,2.07,0.388,10659994.0,2200295000.0,tencent
2025-01-21,399971,中证传媒,1133.82,1140.09,1116.03,1133.0,0.22,3050127245.0,25682000000.0,csindex
2025-01-21,510300,沪深300ETF,3.726,3.73,3.694,3.711,0.1349,7439264.0,2916284000.0,tencent
2025-01-21,931152,中证创新药产业,1563.18,1565.51,1539.13,1551.05,-0.52,429416005.0,12297000000.0,csindex
2025-01-21,H30007,芯片产业,2218.37,2255.04,2197.83,2232.24,1.19,826439842.0,63430999999.99999,csindex
2025-01-22,159915,创业板ETF,2.063,2.069,2.041,2.059,-0.5314,11106114.0,2281647100.0,tencent
2025-01-22,399971,中证传媒,1125.26,1125.26,1111.75,1120.13,-1.14,3015026654.0,22825000000.0,csindex
2025-01-22,510300,沪深300ETF,3.705,3.705,3.657,3.675,-0.9701,10996807.0,4270106500.0,tencent
2025-01-22,931152,中证创新药产业,1545.58,1548.63,1531.97,1544.67,-0.41,329874930.0,8859000000.0,csindex
2025-01-22,H30007,芯片产业,2220.05,2250.52,2217.4,2230.4,-0.08,749218176.0,57508000000.00001,csindex
2025-01-23,159915,创业板ETF,2.082,2.11,2.052,2.052,-0.34,17381341.0,3618632300.0,tencent
2025-01-23,399971,中证传媒,1132.58,1152.64,1125.91,1126.1,0.53,3349185181.0,27358999999.999996,csindex
2025-01-23,510300,沪深300ETF,3.704,3.747,3.683,3.686,0.2993,10385928.0,4075002600.0,tencent
2025-01-23,931152,中证创新药产业,1555.02,1564.12,1536.22,1536.22,-0.55,439134738.0,10783000000.0,csindex
2025-01-23,H30007,芯片产业,2262.93,2282.58,2197.97,2197.97,-1.45,920086913.0,64146000000.0,csindex
2025-01-24,159915,创业板ETF,2.045,2.092,2.044,2.084,1.5595,15011413.0,3113708700.0,tencent
2025-01-24,399971,中证传媒,1118.52,1152.94,1115.61,1149.39,2.07,3259069217.0,29408999999.999996,csindex
2025-01-24,510300,沪深300ETF,3.678,3.732,3.672,3.718,0.8681,11436475.0,4485387400.0,tencent
2025-01-24,931152,中证创新药产业,1534.79,1554.68,1531.79,1544.72,0.55,408638609.0,11495000000.0,csindex
2025-01-24,H30007,芯片产业,2194.96,2225.24,2194.69,2216.32,0.83,745738959.0,51833000000.00001,csindex
2025-01-27,159915,创业板ETF,2.086,2.087,2.028,2.028,-2.6871,14246932.0,2922348700.0,tencent
2025-01-27,399971,中证传媒,1164.57,1169.07,1150.8,1151.11,0.15,2847936061.0,27395000000.0,csindex
2025-01-27,510300,沪深300ETF,3.725,3.734,3.693,3.696,-0.5917,13053850.0,5123431100.0,tencent
2025-01-27,931152,中证创新药产业,1546.42,1561.84,1543.66,1543.66,-0.07,370590197.0,9427000000.0,csindex
2025-01-27,H30007,芯片产业,2208.25,2209.09,2156.3,2156.3,-2.71,666210053.0,48424000000.0,csindex
2025-02-05,159915,创业板ETF,2.043,2.047,2.016,2.024,-0.1972,11049675.0,2240818300.0,tencent
2025-02-05,399971,中证传媒,1177.74,1201.67,1173.65,1201.65,4.39,4768034526.0,46951000000.0,csindex
2025-02-05,510300,沪深300ETF,3.719,3.723,3.668,3.676,-0.5411,7515497.0,2927530900.0000005,tencent
2025-02-05,931152,中证创新药产业,1552.34,1553.03,1537.09,1549.14,0.36,438693088.0,11194000000.0,csindex
2025-02-05,H30007,芯片产业,2225.91,2237.98,2197.85,2223.25,3.11,899021819.0,72120000000.0,csindex
2025-02-06,159915,创业板ETF,2.022,2.082,2.017,2.08,2.7668,17017750.0,3505457000.0,tencent
2025-02-06,399971,中证传媒,1200.02,1234.67,1192.92,1231.31,2.47,5756793410.0,53683000000.00001,csindex
2025-02-06,510300,沪深300ETF,3.673,3.726,3.67,3.721,1.2242,13886365.0,5435915300.0,tencent
2025-02-06,931152,中证创新药产业,1547.98,1569.25,1538.82,1569.22,1.29,470171820.0,13226000000.0,csindex
2025-02-06,H30007,芯片产业,2208.76,2321.21,2206.16,2314.84,4.12,1132981189.0,85384000000.0,csindex
2025-02-07,159915,创业板ETF,2.08,2.159,2.08,2.131,2.4519,27469983.0,5838438100.000001,tencent
2025-02-07,399971,中证传媒,1228.23,1259.82,1224.72,1242.33,0.9,5802908573.0,57980999999.99999,csindex
2025-02-07,510300,沪深300ETF,3.722,3.803,3.715,3.777,1.505,19306314.0,7669642200.0,tencent
2025-02-07,931152,中证创新药产业,1569.39,1595.17,1563.08,1582.75,0.86,610440307.0,16816000000.0,csindex
2025-02-07,H30007,芯片产业,2316.13,2371.31,2282.93,2322.32,0.32,1296233308.0,95549000000.0,csindex
2025-02-10,159915,创业板ETF,2.14,2.147,2.114,2.142,0.5162,13228398.0,2821357500.0,tencent
2025-02-10,399971,中证传媒,1248.31,1284.6,1247.48,1283.82,3.34,5603087420.0,54548000000.0,csindex
2025-02-10,510300,沪深300ETF,3.778,3.789,3.763,3.781,0.1059,12672646.0,5055466100.0,tencent
2025-02-10,931152,中证创新药产业,1584.61,1599.85,1577.0,1596.61,0.88,605055614.0,16140000000.0,csindex
2025-02-10,H30007,芯片产业,2331.76,2349.1,2317.07,2346.14,1.03,940741318.0,72105000000.0,csindex
2025-02-11,159915,创业板ETF,2.141,2.142,2.11,2.113,-1.3539,10674532.0,2260595000.0,tencent
2025-02-11,399971,中证传媒,1287.82,1305.84,1273.47,1296.81,1.01,6100911063.0,57680999999.99999,csindex
2025-02-11,510300,沪深300ETF,3.786,3.787,3.752,3.765,-0.4232,9990359.0,3973032700.0,tencent
2025-02-11,931152,中证创新药产业,1598.13,1598.2,1570.35,1576.2,-1.28,461523210.0,12910000000.0,csindex
2025-02-11,H30007,芯片产业,2343.44,2344.7,2300.39,2320.38,-1.1,817397076.0,61478000000.0,csindex
2025-02-12,159915,创业板ETF,2.107,2.154,2.101,2.15,1.7511,15623364.0,3322841500.0,tencent
2025-02-12,399971,中证传媒,1293.86,1330.58,1292.41,1327.53,2.37,5429965255.0,56849000000.0,csindex
2025-02-12,510300,沪深300ETF,3.763,3.808,3.749,3.803,1.0093,9789537.0,3903102500.0,tencent
2025-02-12,931152,中证创新药产业,1572.48,1579.62,1564.99,1578.4,0.14,456032862.0,12129000000.0,csindex
2025-02-12,H30007,芯片产业,2322.98,2393.58,2312.99,2392.75,3.12,1229243292.0,86632000000.0,csindex
2025-02-13,159915,创业板ETF,2.145,2.163,2.133,2.135,-0.6977,14983656.0,3217542000.0,tencent
2025-02-13,399971,中证传媒,1341.84,1366.2,1317.88,1344.61,1.29,6588751970.0,73635000000.0,csindex
2025-02-13,510300,沪深300ETF,3.798,3.823,3.787,3.793,-0.263,11758227.0,4719508100.0,tencent
2025-02-13,931152,中证创新药产业,1576.56,1586.8,1568.98,1569.61,-0.56,443728909.0,12031000000.0,csindex
2025-02-13,H30007,芯片产业,2391.99,2391.99,2323.23,2324.6,-2.85,1017120362.0,76625000000.0,csindex
2025-02-14,159915,创业板ETF,2.134,2.181,2.132,2.174,1.8267,21577861.0,4668509700.0,tencent
2025-02-14,399971,中证传媒,1351.5,1372.55,1319.61,1368.32,1.76,6209891933.0,73985000000.0,csindex
2025-02-14,510300,沪深300ETF,3.789,3.829,3.786,3.823,0.7909,12924287.0,5196144800.0,tencent
2025-02-14,931152,中证创新药产业,1569.61,1608.41,1569.43,1599.45,1.9,753935184.0,20966000000.0,csindex
2025-02-14,H30007,芯片产业,2310.94,2327.76,2284.22,2325.05,0.02,941815491.0,68001000000.0,csindex
2025-02-17,159915,创业板ETF,2.198,2.2,2.166,2.182,0.368,16500527.0,3606618000.0,tencent
2025-02-17,399971,中证传媒,1391.74,1402.99,1339.18,1349.64,-1.36,6180958108.0,82226000000.0,csindex
2025-02-17,510300,沪深300ETF,3.833,3.842,3.801,3.83,0.1831,13341020.0,5380966500.0,tencent
2025-02-17,931152,中证创新药产业,1615.47,1626.36,1597.52,1608.75,0.58,883232531.0,24319000000.0,csindex
2025-02-17,H30007,芯片产业,2332.97,2364.9,2320.12,2355.36,1.3,959038423.0,73560000000.0,csindex
2025-02-18,159915,创业板ETF,2.178,2.19,2.131,2.14,-1.9248,13363110.0,2892733100.0,tencent
2025-02-18,399971,中证传媒,1345.45,1353.47,1285.7,1292.86,-4.21,5279641072.0,63196000000.0,csindex
2025-02-18,510300,沪深300ETF,3.824,3.847,3.785,3.801,-0.7572,12465911.0,5027787900.0,tencent
2025-02-18,931152,中证创新药产业,1603.04,1621.57,1585.47,1590.96,-1.11,611922849.0,16860000000.0,csindex
2025-02-18,H30007,芯片产业,2355.64,2376.31,2296.93,2306.68,-2.07,978207392.0,75294000000.0,csindex
2025-02-19,159915,创业板ETF,2.136,2.186,2.133,2.185,2.1028,13819064.0,2996598100.0,tencent
2025-02-19,399971,中证传媒,1289.54,1312.61,1284.29,1310.21,1.34,3857680025.0,47800000000.0,csindex
2025-02-19,510300,沪深300ETF,3.794,3.83,3.789,3.822,0.5525,10190769.0,4102654800.0,tencent
2025-02-19,931152,中证创新药产业,1587.85,1610.38,1576.3,1595.51,0.29,531167396.0,15133000000.000002,csindex
2025-02-19,H30007,芯片产业,2306.7,2400.94,2306.51,2400.1,4.05,1157840744.0,84337000000.0,csindex
2025-02-20,159915,创业板ETF,2.179,2.191,2.161,2.184,-0.0458,10073320.0,2194588100.0,tencent
2025-02-20,399971,中证传媒,1306.45,1316.47,1291.17,1296.23,-1.07,3721182803.0,44277000000.0,csindex
2025-02-20,510300,沪深300ETF,3.818,3.822,3.797,3.81,-0.314,10186035.0,4094980500.0,tencent
2025-02-20,931152,中证创新药产业,1597.51,1642.45,1596.68,1627.69,2.02,747854146.0,22628000000.0,csindex
2025-02-20,H30007,芯片产业,2402.46,2410.53,2368.95,2387.1,-0.54,1035943640.0,73858000000.0,csindex
2025-02-21,159915,创业板ETF,2.185,2.242,2.185,2.239,2.5183,18182523.0,4035502100.0,tencent
2025-02-21,399971,中证传媒,1301.88,1336.64,1284.9,1333.53,2.88,5543023147.0,62263000000.0,csindex
2025-02-21,510300,沪深300ETF,3.821,3.869,3.809,3.864,1.4173,14372665.0,5834090300.0,tencent
2025-02-21,931152,中证创新药产业,1632.14,1680.13,1631.11,1676.91,3.02,917992162.0,29250000000.0,csindex
2025-02-21,H30007,芯片产业,2399.58,2537.7,2395.98,2515.96,5.4,1559499633.0,121069000000.0,csindex
2025-02-24,159915,创业板ETF,2.232,2.24,2.201,2.221,-0.8039,15447324.0,3431453100.0,tencent
2025-02-24,399971,中证传媒,1330.93,1335.67,1312.87,1320.97,-0.94,4980554033.0,54724000000.0,csindex
2025-02-24,510300,沪深300ETF,3.859,3.878,3.83,3.851,-0.3364,15385782.0,6256202700.0,tencent
2025-02-24,931152,中证创新药产业,1676.6,1680.42,1646.37,1652.7,-1.44,733524328.0,23688000000.0,csindex
2025-02-24,H30007,芯片产业,2509.16,2554.44,2491.72,2523.76,0.31,1309704961.0,102675000000.0,csindex
2025-02-25,159915,创业板ETF,2.189,2.222,2.185,2.197,-1.0806,14558336.0,3203034900.0,tencent
2025-02-25,399971,中证传媒,1295.53,1301.9,1277.86,1282.81,-2.89,3717081867.0,42386000000.0,csindex
2025-02-25,510300,沪深300ETF,3.824,3.84,3.797,3.81,-1.0647,8924900.0,3596194900.0,tencent
2025-02-25,931152,中证创新药产业,1634.93,1644.44,1631.35,1635.52,-1.04,551447696.0,16744999999.999998,csindex
2025-02-25,H30007,芯片产业,2480.09,2567.1,2466.19,2516.96,-0.27,1184772703.0,95985000000.0,csindex
2025-02-26,159915,创业板ETF,2.199,2.225,2.19,2.223,1.1834,13441086.0,2970832900.0,tencent
2025-02-26,399971,中证传媒,1293.24,1296.56,1276.36,1284.51,0.13,3363484035.0,36856000000.0,csindex
2025-02-26,510300,沪深300ETF,3.817,3.844,3.808,3.843,0.8661,13456581.0,5430499600.0,tencent
2025-02-26,931152,中证创新药产业,1639.95,1668.12,1631.27,1667.48,1.95,604543252.0,18268000000.0,csindex
2025-02-26,H30007,芯片产业,2528.31,2572.64,2480.72,2561.06,1.75,1166504655.0,95460000000.0,csindex
2025-02-27,159915,创业板ETF,2.224,2.237,2.183,2.212,-0.4948,13424835.0,2963836000.0,tencent
2025-02-27,399971,中证传媒,1282.15,1294.58,1256.73,1272.9,-0.9,3540209666.0,39876000000.0,csindex
2025-02-27,510300,沪深300ETF,3.845,3.858,3.817,3.856,0.3383,11285856.0,4570197700.0,tencent
2025-02-27,931152,中证创新药产业,1660.57,1679.38,1652.24,1671.64,0.25,670946501.0,19798000000.0,csindex
2025-02-27,H30007,芯片产业,2559.98,2588.05,2489.75,2552.05,-0.35,1130597583.0,89735000000.0,csindex
2025-02-28,159915,创业板ETF,2.197,2.198,2.123,2.128,-3.7975,18951792.0,4095199099.9999995,tencent
2025-02-28,399971,中证传媒,1264.07,1266.83,1218.11,1220.88,-4.09,3598520102.0,36636000000.0,csindex
2025-02-28,510300,沪深300ETF,3.838,3.854,3.771,3.783,-1.8932,13293340.0,5343803400.0,tencent
2025-02-28,931152,中证创新药产业,1667.07,1681.35,1625.62,1631.14,-2.42,642995064.0,19805000000.0,csindex
2025-02-28,H30007,芯片产业,2530.57,2544.76,2423.62,2430.22,-4.77,1175571621.0,95068000000.0,csindex
2025-03-03,159915,创业板ETF,2.133,2.189,2.12,2.154,1.2218,20129437.0,4353725100.0,tencent
2025-03-03,399971,中证传媒,1228.14,1253.24,1213.77,1236.79,1.3,3069121618.0,32061000000.0,csindex
2025-03-03,510300,沪深300ETF,3.784,3.816,3.755,3.77,-0.3436,11457686.0,4581300800.0,tencent
2025-03-03,931152,中证创新药产业,1631.1,1662.06,1625.52,1636.77,0.34,557180435.0,16635000000.0,csindex
2025-03-03,H30007,芯片产业,2435.67,2445.81,2374.37,2392.59,-1.55,854774101.0,71256000000.0,csindex
2025-03-04,159915,创业板ETF,2.131,2.151,2.12,2.149,-0.2321,10755616.0,2299059800.0,tencent
2025-03-04,399971,中证传媒,1225.88,1245.31,1224.29,1244.06,0.59,2521537806.0,25484000000.0,csindex
2025-03-04,510300,沪深300ETF,3.749,3.773,3.741,3.766,-0.1061,10121848.0,4019370500.0,tencent
2025-03-04,931152,中证创新药产业,1626.19,1642.6,1618.75,1635.36,-0.09,388163152.0,12102000000.0,csindex
2025-03-04,H30007,芯片产业,2361.35,2473.41,2346.09,2448.0,2.32,971114484.0,78306000000.0,csindex
2025-03-05,159915,创业板ETF,2.147,2.159,2.131,2.149,0.0,9583045.0,2053850500.0,tencent
2025-03-05,399971,中证传媒,1242.95,1259.32,1232.42,1256.83,1.03,3193597508.0,28563000000.0,csindex
2025-03-05,510300,沪深300ETF,3.769,3.788,3.757,3.783,0.4514,11919016.0,4748819500.0,tencent
2025-03-05,931152,中证创新药产业,1637.16,1638.39,1617.84,1628.5,-0.42,424398111.0,12150000000.0,csindex
2025-03-05,H30007,芯片产业,2448.85,2484.33,2428.18,2458.35,0.42,790686688.0,65501000000.0,csindex
2025-03-06,159915,创业板ETF,2.162,2.2,2.16,2.191,1.9544,17630606.0,3849695000.0,tencent
2025-03-06,399971,中证传媒,1268.53,1318.73,1268.53,1313.63,4.52,4765623433.0,50055000000.0,csindex
2025-03-06,510300,沪深300ETF,3.804,3.851,3.8,3.838,1.4539,13710079.0,5540793800.0,tencent
2025-03-06,931152,中证创新药产业,1636.36,1658.6,1636.2,1655.26,1.64,571754776.0,16627000000.000002,csindex
2025-03-06,H30007,芯片产业,2492.32,2550.78,2492.32,2531.08,2.96,987222910.0,85857000000.0,csindex
2025-03-07,159915,创业板ETF,2.181,2.183,2.152,2.16,-1.4149,12596179.0,2731624000.0,tencent
2025-03-07,399971,中证传媒,1321.35,1332.97,1296.05,1302.25,-0.87,6940616650.0,65010000000.0,csindex
2025-03-07,510300,沪深300ETF,3.829,3.85,3.819,3.828,-0.2606,11559971.0,4671741000.0,tencent
2025-03-07,931152,中证创新药产业,1650.04,1650.22,1633.5,1638.75,-1.0,467523785.0,13668000000.0,csindex
2025-03-07,H30007,芯片产业,2509.83,2526.11,2479.37,2493.26,-1.49,839767908.0,65537000000.0,csindex
2025-03-10,159915,创业板ETF,2.166,2.174,2.14,2.159,-0.0463,10578257.0,2277006400.0,tencent
2025-03-10,399971,中证传媒,1299.31,1300.16,1279.31,1284.03,-1.4,4689043025.0,40709000000.0,csindex
2025-03-10,510300,沪深300ETF,3.826,3.831,3.788,3.812,-0.418,14427837.0,5792520800.0,tencent
2025-03-10,931152,中证创新药产业,1648.94,1657.96,1627.98,1640.7,0.12,522539539.0,15063000000.0,csindex
2025-03-10,H30007,芯片产业,2483.55,2501.81,2452.69,2487.59,-0.23,701037408.0,54910000000.0,csindex
2025-03-11,159915,创业板ETF,2.135,2.161,2.131,2.159,0.0,11097012.0,2382242800.0,tencent
2025-03-11,399971,中证传媒,1264.98,1293.86,1263.83,1293.86,0.77,4327673895.0,37126000000.0,csindex
2025-03-11,510300,沪深300ETF,3.783,3.825,3.779,3.824,0.3148,10029170.0,4027510300.0000005,tencent
2025-03-11,931152,中证创新药产业,1624.04,1643.36,1622.17,1643.36,0.16,508277985.0,14188000000.0,csindex
2025-03-11,H30007,芯片产业,2445.67,2483.65,2440.04,2469.64,-0.72,676137402.0,53009000000.0,csindex
2025-03-12,159915,创业板ETF,2.17,2.172,2.148,2.149,-0.4632,10441195.0,2254199700.0,tencent
2025-03-12,399971,中证传媒,1305.8,1328.18,1302.53,1310.27,1.27,5151197458.0,47484000000.0,csindex
2025-03-12,510300,沪深300ETF,3.827,3.839,3.807,3.814,-0.2615,6092317.0,2456951600.0,tencent
2025-03-12,931152,中证创新药产业,1646.01,1657.79,1628.64,1628.64,-0.89,501126026.0,13519000000.0,csindex
2025-03-12,H30007,芯片产业,2484.79,2502.75,2460.57,2460.57,-0.37,807071987.0,57963000000.0,csindex
2025-03-13,159915,创业板ETF,2.146,2.158,2.113,2.125,-1.1168,11140607.0,2373852200.0,tencent
2025-03-13,399971,中证传媒,1305.06,1305.32,1273.94,1284.87,-1.94,4108889626.0,36458000000.0,csindex
2025-03-13,510300,沪深300ETF,3.813,3.822,3.782,3.794,-0.5244,6410438.0,2572874400.0,tencent
2025-03-13,931152,中证创新药产业,1629.24,1635.01,1610.47,1618.77,-0.6,465949299.0,12001000000.0,csindex
2025-03-13,H30007,芯片产业,2456.93,2457.98,2374.71,2391.07,-2.82,832173295.0,57384000000.0,csindex
2025-03-14,159915,创业板ETF,2.125,2.19,2.12,2.186,2.8706,19647221.0,4259565000.0,tencent
2025-03-14,399971,中证传媒,1282.5,1319.34,1279.54,1313.49,2.23,3592591612.0,36515000000.0,csindex
2025-03-14,510300,沪深300ETF,3.801,3.902,3.799,3.895,2.6621,19037183.0,7767222900.0,tencent
2025-03-14,931152,中证创新药产业,1620.09,1657.63,1618.08,1657.61,2.4,695930895.0,21572000000.0,csindex
2025-03-14,H30007,芯片产业,2391.63,2438.91,2389.06,2434.82,1.83,787833652.0,58429999999.99999,csindex
2025-03-17,159915,创业板ETF,2.188,2.191,2.169,2.173,-0.5947,10186892.0,2217737700.0,tencent
2025-03-17,399971,中证传媒,1321.31,1325.64,1302.48,1308.94,-0.35,2898080181.0,29167000000.0,csindex
2025-03-17,510300,沪深300ETF,3.907,3.912,3.877,3.883,-0.3081,11330420.0,4647468400.0,tencent
2025-03-17,931152,中证创新药产业,1663.58,1666.76,1651.02,1659.07,0.09,530942034.0,14866999999.999998,csindex
2025-03-17,H30007,芯片产业,2441.77,2441.83,2414.17,2423.98,-0.44,608928072.0,41984000000.0,csindex
2025-03-18,159915,创业板ETF,2.182,2.201,2.173,2.185,0.5522,11167341.0,2442376900.0,tencent
2025-03-18,399971,中证传媒,1311.99,1323.27,1303.7,1313.57,0.35,3076467725.0,29373000000.0,csindex
2025-03-18,510300,沪深300ETF,3.897,3.904,3.88,3.892,0.2318,8114043.0,3329371900.0,tencent
2025-03-18,931152,中证创新药产业,1680.39,1705.55,1670.78,1690.62,1.9,617936831.0,21900000000.0,csindex
2025-03-18,H30007,芯片产业,2436.03,2471.43,2430.99,2440.12,0.67,614293466.0,45732000000.0,csindex
2025-03-19,159915,创业板ETF,2.181,2.195,2.166,2.178,-0.3204,9564472.0,2084327400.0,tencent
2025-03-19,399971,中证传媒,1309.46,1309.46,1289.78,1294.87,-1.42,2863050045.0,26955000000.0,csindex
2025-03-19,510300,沪深300ETF,3.887,3.91,3.873,3.898,0.1542,8798313.0,3609853100.0,tencent
2025-03-19,931152,中证创新药产业,1686.52,1705.74,1686.14,1694.88,0.25,525544548.0,16908000000.000002,csindex
2025-03-19,H30007,芯片产业,2428.64,2444.32,2401.16,2407.75,-1.33,509810633.0,41749000000.0,csindex
2025-03-20,159915,创业板ETF,2.178,2.18,2.155,2.158,-0.9183,8744022.0,1894715200.0,tencent
2025-03-20,399971,中证传媒,1293.5,1295.7,1278.45,1279.75,-1.17,2399031464.0,23335000000.0,csindex
2025-03-20,510300,沪深300ETF,3.898,3.898,3.857,3.865,-0.8466,8751426.0,3573521300.0,tencent
2025-03-20,931152,中证创新药产业,1694.8,1696.22,1678.65,1682.8,-0.71,415493527.0,13074000000.0,csindex
2025-03-20,H30007,芯片产业,2402.98,2413.99,2384.31,2385.86,-0.91,494705959.0,38626000000.0,csindex
2025-03-21,159915,创业板ETF,2.153,2.159,2.108,2.112,-2.1316,14212017.0,3023428300.0,tencent
2025-03-21,399971,中证传媒,1273.38,1279.48,1253.53,1255.87,-1.87,2416628480.0,22818000000.0,csindex
2025-03-21,510300,沪深300ETF,3.852,3.868,3.789,3.799,-1.7076,10149157.0,4092584099.9999995,tencent
2025-03-21,931152,中证创新药产业,1680.05,1685.27,1642.1,1650.04,-1.95,574469999.0,16518000000.0,csindex
2025-03-21,H30007,芯片产业,2379.88,2386.35,2311.21,2324.7,-2.56,633649371.0,49276000000.0,csindex
2025-03-24,159915,创业板ETF,2.11,2.118,2.084,2.112,0.0,9427423.0,1982939100.0,tencent
2025-03-24,399971,中证传媒,1256.08,1262.72,1230.15,1254.39,-0.12,2732108331.0,25598000000.0,csindex
2025-03-24,510300,沪深300ETF,3.798,3.82,3.793,3.816,0.4475,7912221.0,3179823700.0,tencent
2025-03-24,931152,中证创新药产业,1649.07,1659.81,1629.43,1642.68,-0.45,459875673.0,12630000000.0,csindex
2025-03-24,H30007,芯片产业,2322.86,2344.83,2298.26,2342.11,0.75,554306252.0,41703000000.0,csindex
2025-03-25,159915,创业板ETF,2.112,2.123,2.094,2.105,-0.3314,9336352.0,1967146700.0000002,tencent
2025-03-25,399971,中证传媒,1251.99,1253.49,1229.0,1233.23,-1.69,1844848203.0,17893000000.0,csindex
2025-03-25,510300,沪深300ETF,3.817,3.828,3.806,3.818,0.0524,6115316.0,2463224000.0,tencent
2025-03-25,931152,中证创新药产业,1642.57,1650.85,1638.21,1645.14,0.15,357909235.0,10001000000.0,csindex
2025-03-25,H30007,芯片产业,2341.89,2345.19,2290.03,2297.65,-1.9,462939224.0,37087000000.0,csindex
2025-03-26,159915,创业板ETF,2.1,2.117,2.097,2.098,-0.3325,8839485.0,1861535900.0,tencent
2025-03-26,399971,中证传媒,1230.3,1240.05,1230.3,1233.55,0.03,1601724850.0,15090000000.0,csindex
2025-03-26,510300,沪深300ETF,3.814,3.829,3.799,3.802,-0.4191,7742554.0,3114333300.0,tencent
2025-03-26,931152,中证创新药产业,1647.24,1659.25,1640.43,1641.51,-0.22,382010617.0,11421000000.0,csindex
2025-03-26,H30007,芯片产业,2294.51,2321.12,2294.51,2296.21,-0.06,388209315.0,30112000000.0,csindex
2025-03-27,159915,创业板ETF,2.093,2.125,2.076,2.103,0.2383,9348640.0,1963608500.0,tencent
2025-03-27,399971,中证传媒,1231.53,1241.85,1218.96,1231.79,-0.14,1771455407.0,16088999999.999998,csindex
2025-03-27,510300,沪深300ETF,3.8,3.839,3.784,3.816,0.3682,8015252.0,3224972900.0,tencent
2025-03-27,931152,中证创新药产业,1639.44,1702.41,1630.75,1701.08,3.63,743788222.0,22624000000.0,csindex
2025-03-27,H30007,芯片产业,2293.87,2357.29,2292.96,2320.0,1.04,524198171.0,41259000000.0,csindex
2025-03-28,159915,创业板ETF,2.101,2.112,2.087,2.089,-0.6657,8162006.0,1710499800.0,tencent
2025-03-28,399971,中证传媒,1232.36,1245.36,1231.2,1237.05,0.43,1958891390.0,20615000000.0,csindex
2025-03-28,510300,沪深300ETF,3.816,3.818,3.789,3.797,-0.4979,7043048.0,2826192900.0,tencent
2025-03-28,931152,中证创新药产业,1697.88,1735.51,1697.23,1703.48,0.14,787395313.0,23803000000.0,csindex
2025-03-28,H30007,芯片产业,2313.92,2327.92,2282.89,2282.89,-1.6,416650163.0,34369000000.0,csindex
2025-03-31,159915,创业板ETF,2.079,2.083,2.047,2.064,-1.1967,12318221.0,2541748600.0,tencent
2025-03-31,399971,中证传媒,1226.72,1226.72,1201.02,1221.31,-1.27,2285182658.0,21124000000.0,csindex
2025-03-31,510300,沪深300ETF,3.793,3.813,3.758,3.773,-0.6321,9021729.0,3600807100.0,tencent
2025-03-31,931152,中证创新药产业,1696.74,1714.42,1673.55,1686.23,-1.01,633787778.0,18420000000.0,csindex
2025-03-31,H30007,芯片产业,2273.97,2296.14,2250.41,2282.42,-0.02,515798423.0,40001000000.0,csindex
2025-04-01,159915,创业板ETF,2.067,2.087,2.06,2.062,-0.0969,9304839.0,1927320600.0,tencent
2025-04-01,399971,中证传媒,1222.77,1235.63,1217.76,1218.44,-0.23,1678912600.0,16127000000.000002,csindex
2025-04-01,510300,沪深300ETF,3.777,3.792,3.768,3.771,-0.053,6150155.0,2452333000.0,tencent
2025-04-01,931152,中证创新药产业,1690.43,1771.16,1688.24,1759.86,4.37,1181165368.0,35213000000.0,csindex
2025-04-01,H30007,芯片产业,2293.12,2305.24,2279.07,2283.23,0.03,442408335.0,37718000000.0,csindex
2025-04-02,159915,创业板ETF,2.062,2.081,2.057,2.064,0.097,7303188.0,1510412700.0,tencent
2025-04-02,399971,中证传媒,1216.21,1235.75,1216.21,1223.8,0.44,1687993266.0,15785000000.0,csindex
2025-04-02,510300,沪深300ETF,3.772,3.785,3.76,3.768,-0.0796,6291176.0,2505793800.0,tencent
2025-04-02,931152,中证创新药产业,1755.88,1766.46,1739.2,1744.15,-0.89,687097000.0,21161000000.0,csindex
2025-04-02,H30007,芯片产业,2278.67,2299.9,2273.48,2280.36,-0.13,333630036.0,26006000000.0,csindex
2025-04-03,159915,创业板ETF,2.042,2.057,2.018,2.027,-1.7926,15626423.0,3181473000.0,tencent
2025-04-03,399971,中证传媒,1209.54,1231.01,1209.35,1225.27,0.12,1603422731.0,15510000000.0,csindex
2025-04-03,510300,沪深300ETF,3.737,3.769,3.732,3.748,-0.5308,11143308.0,4411676400.0,tencent
2025-04-03,931152,中证创新药产业,1732.28,1762.52,1727.96,1737.57,-0.38,647428656.0,19750000000.0,csindex
2025-04-03,H30007,芯片产业,2254.74,2310.15,2254.71,2272.33,-0.35,463807457.0,38087000000.0,csindex
2025-04-07,159915,创业板ETF,1.93,1.931,1.721,1.775,-12.4322,69505868.0,12659759600.0,tencent
2025-04-07,399971,中证传媒,1156.96,1164.89,1077.77,1084.86,-11.46,2616475606.0,25084000000.0,csindex
2025-04-07,510300,沪深300ETF,3.589,3.629,3.393,3.484,-7.0438,65609880.0,24314516100.0,tencent
2025-04-07,931152,中证创新药产业,1639.71,1666.41,1546.24,1586.04,-8.72,1227010152.0,32957000000.0,csindex
2025-04-07,H30007,芯片产业,2140.63,2199.54,2005.31,2078.35,-8.54,981633136.0,72698000000.0,csindex
2025-04-08,159915,创业板ETF,1.792,1.844,1.777,1.804,1.6338,29297322.0,5298034500.0,tencent
2025-04-08,399971,中证传媒,1080.66,1112.53,1073.4,1094.59,0.9,2984234615.0,25026000000.0,csindex
2025-04-08,510300,沪深300ETF,3.487,3.528,3.46,3.519,1.0046,58535333.0,21668647100.0,tencent
2025-04-08,931152,中证创新药产业,1596.53,1607.62,1559.99,1584.3,-0.11,1039538445.0,30711000000.0,csindex
2025-04-08,H30007,芯片产业,2097.12,2122.5,2039.3,2075.85,-0.12,904735463.0,59077000000.0,csindex
2025-04-09,159915,创业板ETF,1.762,1.838,1.743,1.823,1.0532,31929857.0,5760841700.0,tencent
2025-04-09,399971,中证传媒,1076.65,1131.26,1038.61,1123.58,2.65,3049175125.0,25430000000.0,csindex
2025-04-09,510300,沪深300ETF,3.484,3.563,3.467,3.555,1.023,16982014.0,6334479000.0,tencent
2025-04-09,931152,中证创新药产业,1550.21,1575.09,1498.84,1575.09,-0.58,987426014.0,28998000000.0,csindex
2025-04-09,H30007,芯片产业,2040.29,2214.43,2023.63,2181.47,5.09,1056683400.0,75175000000.0,csindex
2025-04-10,159915,创业板ETF,1.88,1.908,1.86,1.863,2.1942,29094618.0,5475498100.000001,tencent
2025-04-10,399971,中证传媒,1144.35,1170.52,1143.81,1156.18,2.9,3038974963.0,27172000000.000004,csindex
2025-04-10,510300,沪深300ETF,3.606,3.636,3.587,3.618,1.7722,14296317.0,5465041100.0,tencent
2025-04-10,931152,中证创新药产业,1605.27,1633.33,1597.59,1613.69,2.45,819760428.0,24481000000.0,csindex
2025-04-10,H30007,芯片产业,2229.52,2246.91,2193.6,2204.1,1.04,817764951.0,58182000000.00001,csindex
2025-04-11,159915,创业板ETF,1.845,1.907,1.844,1.892,1.5566,18605349.0,3492329800.0,tencent
2025-04-11,399971,中证传媒,1151.62,1164.02,1144.48,1149.18,-0.6,2294359886.0,21054000000.0,csindex
2025-04-11,510300,沪深300ETF,3.599,3.64,3.589,3.629,0.304,8619842.0,3298517100.0,tencent
2025-04-11,931152,中证创新药产业,1601.52,1631.09,1595.92,1624.48,0.67,693074615.0,19519000000.0,csindex
2025-04-11,H30007,芯片产业,2206.62,2352.85,2202.95,2299.98,4.35,1224208679.0,81623000000.0,csindex
2025-04-14,159915,创业板ETF,1.915,1.919,1.892,1.895,0.1586,13033281.0,2481540100.0,tencent
2025-04-14,399971,中证传媒,1161.7,1174.12,1159.18,1164.62,1.34,2095300651.0,18351000000.0,csindex
2025-04-14,510300,沪深300ETF,3.648,3.654,3.631,3.637,0.2204,9415710.0,3627429800.0,tencent
2025-04-14,931152,中证创新药产业,1633.46,1662.5,1626.47,1645.41,1.29,703875018.0,20502000000.0,csindex
2025-04-14,H30007,芯片产业,2322.18,2329.23,2279.26,2302.43,0.11,818633560.0,57387000000.0,csindex
2025-04-15,159915,创业板ETF,1.895,1.903,1.881,1.893,-0.1055,9943364.0,1879135600.0,tencent
2025-04-15,399971,中证传媒,1169.5,1178.33,1158.63,1169.79,0.44,1737873234.0,16666000000.0,csindex
2025-04-15,510300,沪深300ETF,3.633,3.646,3.614,3.64,0.0825,9817935.0,3773853400.0000005,tencent
2025-04-15,931152,中证创新药产业,1643.4,1651.34,1622.91,1637.6,-0.47,595223976.0,16332000000.0,csindex
2025-04-15,H30007,芯片产业,2292.65,2294.8,2255.08,2274.93,-1.19,510410059.0,37652000000.0,csindex
2025-04-16,159915,创业板ETF,1.885,1.885,1.844,1.87,-1.215,17281809.0,3218073700.0,tencent
2025-04-16,399971,中证传媒,1164.0,1178.95,1153.49,1163.5,-0.54,1839781110.0,17873000000.0,csindex
2025-04-16,510300,沪深300ETF,3.63,3.658,3.6,3.649,0.2473,21771337.0,8373466100.0,tencent
2025-04-16,931152,中证创新药产业,1630.44,1630.8,1599.08,1625.57,-0.73,569275222.0,15994999999.999998,csindex
2025-04-16,H30007,芯片产业,2298.49,2303.86,2258.21,2299.43,1.08,544067025.0,44750000000.0,csindex
2025-04-17,159915,创业板ETF,1.859,1.887,1.856,1.873,0.1604,11084084.0,2081248900.0000002,tencent
2025-04-17,399971,中证传媒,1154.22,1170.06,1154.04,1160.16,-0.29,1404460487.0,13424000000.0,csindex
2025-04-17,510300,沪深300ETF,3.631,3.66,3.63,3.652,0.0822,13873406.0,5357723600.0,tencent
2025-04-17,931152,中证创新药产业,1613.96,1626.5,1612.32,1617.33,-0.51,395040960.0,11122000000.0,csindex
2025-04-17,H30007,芯片产业,2284.93,2332.58,2282.29,2308.1,0.38,502753331.0,41507000000.0,csindex
2025-04-18,159915,创业板ETF,1.865,1.881,1.862,1.878,0.267,8888570.0,1664135300.0,tencent
2025-04-18,399971,中证传媒,1159.5,1169.31,1154.38,1169.27,0.79,1650677309.0,14466999999.999998,csindex
2025-04-18,510300,沪深300ETF,3.646,3.668,3.636,3.662,0.2738,13780507.0,5327127500.0,tencent
2025-04-18,931152,中证创新药产业,1616.47,1632.88,1609.47,1614.74,-0.16,417369096.0,11480000000.0,csindex
2025-04-18,H30007,芯片产业,2295.48,2297.26,2268.59,2283.37,-1.07,364541111.0,28645000000.0,csindex
2025-04-21,159915,创业板ETF,1.874,1.91,1.865,1.908,1.5974,12287907.0,2328928100.0,tencent
2025-04-21,399971,中证传媒,1167.52,1196.73,1160.16,1195.38,2.23,2183081742.0,20980000000.0,csindex
2025-04-21,510300,沪深300ETF,3.654,3.675,3.646,3.664,0.0546,7126315.0,2762708300.0,tencent
2025-04-21,931152,中证创新药产业,1605.29,1646.91,1600.39,1643.05,1.75,508596434.0,15580000000.000002,csindex
2025-04-21,H30007,芯片产业,2291.13,2310.04,2284.81,2307.89,1.07,423066347.0,34485000000.0,csindex
2025-04-22,159915,创业板ETF,1.903,1.911,1.895,1.899,-0.4717,8689827.0,1652435900.0,tencent
2025-04-22,399971,中证传媒,1193.65,1198.49,1180.57,1182.23,-1.1,2700058464.0,22357000000.0,csindex
2025-04-22,510300,沪深300ETF,3.664,3.682,3.662,3.667,0.0819,7520436.0,2919236900.0,tencent
2025-04-22,931152,中证创新药产业,1635.89,1672.9,1634.28,1662.65,1.19,700949156.0,20178000000.0,csindex
2025-04-22,H30007,芯片产业,2303.64,2318.94,2290.48,2298.37,-0.41,476996949.0,34302999999.999996,csindex
2025-04-23,159915,创业板ETF,1.917,1.933,1.906,1.919,1.0532,15179641.0,2915749900.0,tencent
2025-04-23,399971,中证传媒,1186.96,1191.1,1175.53,1179.44,-0.24,2267457718.0,19260000000.0,csindex
2025-04-23,510300,沪深300ETF,3.681,3.696,3.662,3.671,0.1091,6155041.0,2391310200.0,tencent
2025-04-23,931152,中证创新药产业,1668.18,1677.5,1645.94,1648.36,-0.86,619471574.0,18774000000.0,csindex
2025-04-23,H30007,芯片产业,2301.36,2306.37,2280.71,2296.82,-0.07,497655342.0,36408000000.0,csindex
2025-04-24,159915,创业板ETF,1.916,1.929,1.902,1.907,-0.6253,12207396.0,2336068900.0,tencent
2025-04-24,399971,中证传媒,1180.81,1180.81,1155.97,1159.91,-1.66,1741868073.0,15822000000.0,csindex
2025-04-24,510300,沪深300ETF,3.671,3.692,3.66,3.671,0.0,4873615.0,1894334200.0000002,tencent
2025-04-24,931152,中证创新药产业,1649.53,1678.19,1648.59,1661.8,0.81,588238330.0,17091000000.0,csindex
2025-04-24,H30007,芯片产业,2295.45,2295.8,2262.03,2269.93,-1.17,445529163.0,29908000000.0,csindex
2025-04-25,159915,创业板ETF,1.913,1.932,1.908,1.92,0.6817,12024520.0,2309660000.0,tencent
2025-04-25,399971,中证传媒,1162.99,1175.75,1160.52,1163.69,0.33,1654447834.0,15310000000.0,csindex
2025-04-25,510300,沪深300ETF,3.676,3.688,3.664,3.671,0.0,5771935.0,2243036200.0,tencent
2025-04-25,931152,中证创新药产业,1670.59,1674.0,1637.78,1648.19,-0.82,627072505.0,19140000000.0,csindex
2025-04-25,H30007,芯片产业,2264.94,2282.19,2246.2,2264.4,-0.24,442080800.0,33960000000.000004,csindex
2025-04-28,159915,创业板ETF,1.918,1.921,1.901,1.906,-0.7292,6991261.0,1334167100.0,tencent
2025-04-28,399971,中证传媒,1163.13,1175.45,1156.79,1163.94,0.02,2051100335.0,21142000000.0,csindex
2025-04-28,510300,沪深300ETF,3.672,3.675,3.653,3.665,-0.1634,6247090.0,2421364300.0,tencent
2025-04-28,931152,中证创新药产业,1640.08,1652.17,1621.54,1649.35,0.07,549101348.0,16204000000.0,csindex
2025-04-28,H30007,芯片产业,2264.17,2282.79,2252.26,2270.14,0.25,411240897.0,30963000000.0,csindex
2025-04-29,159915,创业板ETF,1.902,1.912,1.895,1.903,-0.1574,6795070.0,1293918100.0,tencent
2025-04-29,399971,中证传媒,1160.76,1183.48,1157.48,1178.27,1.23,2059680217.0,18341000000.0,csindex
2025-04-29,510300,沪深300ETF,3.663,3.669,3.651,3.658,-0.191,4947350.0,1914265300.0,tencent
2025-04-29,931152,中证创新药产业,1648.03,1668.76,1647.42,1658.55,0.56,518301351.0,16741999999.999998,csindex
2025-04-29,H30007,芯片产业,2261.53,2296.05,2255.09,2293.3,1.02,455495940.0,34157000000.0,csindex
2025-04-30,159915,创业板ETF,1.905,1.926,1.904,1.921,0.9459,10655595.0,2044909400.0,tencent
2025-04-30,399971,中证传媒,1180.72,1199.86,1179.89,1191.38,1.11,2764229940.0,23586000000.0,csindex
2025-04-30,510300,沪深300ETF,3.659,3.675,3.653,3.655,-0.082,5004537.0,1937487300.0,tencent
2025-04-30,931152,中证创新药产业,1652.73,1676.29,1650.66,1672.09,0.82,566170237.0,17062000000.0,csindex
2025-04-30,H30007,芯片产业,2292.46,2323.73,2285.85,2318.5,1.1,643077511.0,43935000000.0,csindex
2025-05-06,159915,创业板ETF,1.936,1.959,1.935,1.958,1.9261,10395145.0,2026370700.0,tencent
2025-05-06,399971,中证传媒,1199.03,1226.32,1193.73,1226.32,2.93,3111199281.0,26848000000.0,csindex
2025-05-06,510300,沪深300ETF,3.675,3.695,3.669,3.692,1.0123,7178253.0,2795762500.0,tencent
2025-05-06,931152,中证创新药产业,1687.07,1689.69,1673.94,1684.41,0.74,602017949.0,18099000000.0,csindex
2025-05-06,H30007,芯片产业,2331.89,2352.64,2324.1,2352.11,1.45,630414789.0,44633000000.0,csindex
2025-05-07,159915,创业板ETF,1.995,2.007,1.953,1.967,0.4597,17348732.0,3426132300.0,tencent
2025-05-07,399971,中证传媒,1238.86,1242.28,1210.12,1218.91,-0.6,3262254130.0,27004000000.000004,csindex
2025-05-07,510300,沪深300ETF,3.739,3.751,3.699,3.716,0.6501,10470812.0,4110994900.0,tencent
2025-05-07,931152,中证创新药产业,1699.75,1702.88,1653.95,1664.89,-1.16,606305012.0,19234000000.0,csindex
2025-05-07,H30007,芯片产业,2385.78,2387.64,2324.59,2341.41,-0.45,593760279.0,43512000000.0,csindex
2025-05-08,159915,创业板ETF,1.963,2.006,1.961,2.001,1.7285,15804047.0,3148926000.0,tencent
2025-05-08,399971,中证传媒,1214.09,1230.19,1213.24,1225.14,0.51,2821671449.0,24821000000.0,csindex
2025-05-08,510300,沪深300ETF,3.707,3.755,3.707,3.739,0.6189,7820057.0,3087094200.0,tencent
2025-05-08,931152,中证创新药产业,1659.67,1671.63,1657.77,1664.28,-0.04,476234640.0,13302000000.000002,csindex
2025-05-08,H30007,芯片产业,2331.66,2337.24,2319.67,2326.4,-0.64,428652978.0,31744000000.0,csindex
2025-05-09,159915,创业板ETF,2.0,2.001,1.975,1.984,-0.8496,8209132.0,1629568500.0,tencent
2025-05-09,399971,中证传媒,1220.8,1220.8,1198.98,1202.09,-1.88,2226261214.0,19853000000.0,csindex
2025-05-09,510300,沪深300ETF,3.735,3.739,3.721,3.734,-0.1337,6933748.0,2734071500.0,tencent
2025-05-09,931152,中证创新药产业,1663.79,1683.5,1662.82,1668.93,0.28,533544111.0,15704000000.0,csindex
2025-05-09,H30007,芯片产业,2311.84,2311.84,2271.95,2275.4,-2.19,469568177.0,34479000000.0,csindex
2025-05-12,159915,创业板ETF,2.013,2.037,2.007,2.037,2.6714,15584949.0,3149770600.0,tencent
2025-05-12,399971,中证传媒,1211.21,1214.27,1205.49,1212.71,0.88,1915014097.0,16547999999.999998,csindex
2025-05-12,510300,沪深300ETF,3.752,3.781,3.746,3.779,1.2051,8365002.0,3327197600.0,tencent
2025-05-12,931152,中证创新药产业,1654.42,1654.42,1628.0,1644.29,-1.48,699022556.0,21553000000.0,csindex
2025-05-12,H30007,芯片产业,2284.01,2300.44,2269.91,2285.85,0.46,468845991.0,35559000000.0,csindex
2025-05-13,159915,创业板ETF,2.062,2.065,2.027,2.03,-0.3436,10952122.0,2234622700.0,tencent
2025-05-13,399971,中证传媒,1222.49,1223.09,1207.74,1209.02,-0.3,2008883926.0,18133000000.0,csindex
2025-05-13,510300,沪深300ETF,3.8,3.801,3.777,3.783,0.1058,7934009.0,3170416300.0,tencent
2025-05-13,931152,中证创新药产业,1662.5,1668.39,1657.85,1663.2,1.15,651224811.0,18212000000.0,csindex
2025-05-13,H30007,芯片产业,2305.54,2309.9,2274.77,2275.25,-0.46,449199246.0,31544000000.0,csindex
2025-05-14,159915,创业板ETF,2.032,2.074,2.021,2.054,1.1823,12210653.0,2496059400.0,tencent
2025-05-14,399971,中证传媒,1207.03,1222.94,1203.67,1215.32,0.52,1906725916.0,16836000000.000002,csindex
2025-05-14,510300,沪深300ETF,3.784,3.855,3.781,3.834,1.3481,12147902.0,4893477200.0,tencent
2025-05-14,931152,中证创新药产业,1658.98,1676.5,1650.7,1669.79,0.4,524811537.0,15494999999.999998,csindex
2025-05-14,H30007,芯片产业,2284.84,2301.6,2266.96,2285.25,0.44,415976553.0,31095000000.0,csindex
2025-05-15,159915,创业板ETF,2.046,2.047,2.012,2.012,-2.0448,8533395.0,1727955300.0,tencent
2025-05-15,399971,中证传媒,1213.5,1213.5,1186.38,1187.38,-2.3,1864811130.0,16601000000.0,csindex
2025-05-15,510300,沪深300ETF,3.827,3.83,3.793,3.8,-0.8868,8177224.0,3287897199.9999995,tencent
2025-05-15,931152,中证创新药产业,1667.67,1683.69,1666.52,1673.84,0.24,537145797.0,15466999999.999998,csindex
2025-05-15,H30007,芯片产业,2280.8,2280.8,2239.12,2239.96,-1.98,375102142.0,25847000000.000004,csindex
2025-05-16,159915,创业板ETF,2.006,2.02,2.005,2.008,-0.1988,5946975.0,1197218200.0,tencent
2025-05-16,399971,中证传媒,1183.84,1192.03,1183.26,1187.59,0.02,1317178607.0,11918000000.0,csindex
2025-05-16,510300,沪深300ETF,3.791,3.798,3.766,3.778,-0.5789,7302837.0,2913902500.0,tencent
2025-05-16,931152,中证创新药产业,1670.95,1690.61,1657.75,1688.96,0.9,610835458.0,16125000000.0,csindex
2025-05-16,H30007,芯片产业,2233.92,2243.75,2225.48,2233.61,-0.28,308040493.0,22596000000.0,csindex
2025-05-19,159915,创业板ETF,2.006,2.008,1.988,2.002,-0.2988,7379950.0,1474714700.0,tencent
2025-05-19,399971,中证传媒,1186.49,1190.29,1171.02,1188.69,0.09,1415358905.0,12997999999.999998,csindex
2025-05-19,510300,沪深300ETF,3.773,3.777,3.754,3.772,-0.1588,5562981.0,2212057900.0,tencent
2025-05-19,931152,中证创新药产业,1683.84,1692.21,1673.74,1684.95,-0.24,507750469.0,14106000000.0,csindex
2025-05-19,H30007,芯片产业,2230.0,2247.88,2216.29,2241.67,0.36,400464056.0,26224000000.0,csindex
2025-05-20,159915,创业板ETF,2.009,2.031,1.997,2.018,0.7992,7844446.0,1580369500.0,tencent
2025-05-20,399971,中证传媒,1186.7,1211.65,1180.1,1205.21,1.39,1738145503.0,17116999999.999998,csindex
2025-05-20,510300,沪深300ETF,3.773,3.805,3.769,3.792,0.5302,5499875.0,2198868100.0,tencent
2025-05-20,931152,中证创新药产业,1698.43,1731.74,1698.43,1725.58,2.41,762729332.0,22556000000.0,csindex
2025-05-20,H30007,芯片产业,2241.48,2260.19,2238.33,2250.26,0.38,346151160.0,25057000000.0,csindex
2025-05-21,159915,创业板ETF,2.02,2.047,2.019,2.034,0.7929,10241285.0,2083759000.0,tencent
2025-05-21,399971,中证传媒,1202.04,1203.08,1196.0,1196.83,-0.7,1400242757.0,13184000000.0,csindex
2025-05-21,510300,沪深300ETF,3.793,3.82,3.792,3.808,0.4219,5606031.0,2253851000.0,tencent
2025-05-21,931152,中证创新药产业,1719.28,1753.98,1716.4,1745.31,1.14,678172695.0,20615000000.0,csindex
2025-05-21,H30007,芯片产业,2245.31,2245.31,2223.1,2226.53,-1.05,394265354.0,27825000000.0,csindex
2025-05-22,159915,创业板ETF,2.036,2.037,2.014,2.016,-0.885,5615394.0,1135814200.0,tencent
2025-05-22,399971,中证传媒,1196.12,1209.21,1187.65,1201.41,0.38,1690530355.0,19278000000.0,csindex
2025-05-22,510300,沪深300ETF,3.807,3.816,3.792,3.806,-0.0525,4919320.0,1975447900.0,tencent
2025-05-22,931152,中证创新药产业,1739.95,1752.79,1725.01,1743.05,-0.13,631433356.0,19227000000.0,csindex
2025-05-22,H30007,芯片产业,2224.6,2249.31,2218.52,2221.96,-0.21,473629879.0,27723000000.0,csindex
2025-05-23,159915,创业板ETF,2.015,2.03,1.994,1.994,-1.0913,7272379.0,1463619700.0,tencent
2025-05-23,399971,中证传媒,1200.97,1202.01,1180.72,1180.72,-1.72,1749617404.0,19501000000.0,csindex
2025-05-23,510300,沪深300ETF,3.801,3.828,3.776,3.777,-0.762,8450891.0,3391996100.0,tencent
2025-05-23,931152,中证创新药产业,1748.8,1776.1,1744.91,1745.93,0.16,851180411.0,26352999999.999996,csindex
2025-05-23,H30007,芯片产业,2217.55,2226.32,2188.73,2188.73,-1.49,412296199.0,27702999999.999996,csindex
2025-05-26,159915,创业板ETF,1.99,1.997,1.965,1.977,-0.8526,7532962.0,1489711300.0,tencent
2025-05-26,399971,中证传媒,1184.06,1204.74,1184.06,1199.98,1.63,1553832837.0,19288000000.0,csindex
2025-05-26,510300,沪深300ETF,3.771,3.782,3.745,3.756,-0.556,7404857.0,2939168200.0,tencent
2025-05-26,931152,中证创新药产业,1745.85,1750.21,1710.58,1716.25,-1.7,712094833.0,20189000000.0,csindex
2025-05-26,H30007,芯片产业,2192.4,2208.8,2189.57,2199.79,0.5,353717257.0,24810000000.0,csindex
2025-05-27,159915,创业板ETF,1.976,1.976,1.957,1.967,-0.5058,7464291.0,1466776099.9999998,tencent
2025-05-27,399971,中证传媒,1197.5,1197.72,1186.56,1188.59,-0.95,1310989499.0,15079000000.0,csindex
2025-05-27,510300,沪深300ETF,3.754,3.758,3.728,3.735,-0.5591,5782884.0,2285272100.0,tencent
2025-05-27,931152,中证创新药产业,1717.26,1743.57,1716.05,1739.35,1.35,650692568.0,19193000000.0,csindex
2025-05-27,H30007,芯片产业,2196.97,2197.22,2171.03,2171.03,-1.31,315722365.0,22541000000.0,csindex
2025-05-28,159915,创业板ETF,1.969,1.975,1.956,1.959,-0.4067,7195168.0,1414015500.0,tencent
2025-05-28,399971,中证传媒,1188.37,1192.02,1180.21,1190.44,0.16,1824815851.0,16632000000.0,csindex
2025-05-28,510300,沪深300ETF,3.736,3.745,3.727,3.731,-0.1071,5399202.0,2130111500.0,tencent
2025-05-28,931152,中证创新药产业,1738.59,1747.11,1727.49,1730.76,-0.49,512437352.0,14937000000.0,csindex
2025-05-28,H30007,芯片产业,2173.19,2177.44,2155.51,2157.2,-0.64,292147308.0,20674000000.0,csindex
2025-05-29,159915,创业板ETF,1.962,1.991,1.961,1.989,1.5314,9341379.0,1850177100.0,tencent
2025-05-29,399971,中证传媒,1187.31,1207.31,1183.7,1207.15,1.4,1971038203.0,18464000000.0,csindex
2025-05-29,510300,沪深300ETF,3.734,3.768,3.728,3.755,0.6433,8910394.0,3531865300.0000005,tencent
2025-05-29,931152,中证创新药产业,1730.36,1789.69,1725.61,1787.96,3.3,858553973.0,24424000000.0,csindex
2025-05-29,H30007,芯片产业,2166.42,2200.06,2161.29,2198.92,1.93,394608861.0,27677999999.999996,csindex
2025-05-30,159915,创业板ETF,1.98,1.98,1.963,1.972,-0.8547,6612255.0,1303691500.0,tencent
2025-05-30,399971,中证传媒,1205.89,1211.26,1192.42,1193.43,-1.14,1916265891.0,17992000000.0,csindex
2025-05-30,510300,沪深300ETF,3.748,3.753,3.721,3.748,-0.1864,7370307.0,2910576400.0,tencent
2025-05-30,931152,中证创新药产业,1785.36,1821.52,1785.26,1801.0,0.73,978022844.0,27937000000.0,csindex
2025-05-30,H30007,芯片产业,2188.05,2188.05,2162.11,2165.87,-1.5,319074101.0,23102000000.0,csindex
2025-06-03,159915,创业板ETF,1.961,1.987,1.96,1.977,0.2535,5758778.0,1139384000.0,tencent
2025-06-03,399971,中证传媒,1189.89,1226.8,1189.36,1211.96,1.55,2469364051.0,24097000000.0,csindex
2025-06-03,510300,沪深300ETF,3.735,3.761,3.731,3.746,-0.0534,5967868.0,2361902700.0,tencent
2025-06-03,931152,中证创新药产业,1789.57,1822.8,1789.51,1819.49,1.03,938855758.0,26564999999.999996,csindex
2025-06-03,H30007,芯片产业,2158.61,2199.34,2158.52,2180.83,0.69,414302298.0,28693000000.0,csindex
2025-06-04,159915,创业板ETF,1.983,2.006,1.982,2.0,1.1634,7389093.0,1475808299.9999998,tencent
2025-06-04,399971,中证传媒,1208.79,1222.37,1208.79,1217.5,0.46,2000827869.0,19488000000.0,csindex
2025-06-04,510300,沪深300ETF,3.748,3.774,3.747,3.763,0.4538,4645434.0,1846404400.0,tencent
2025-06-04,931152,中证创新药产业,1818.12,1847.18,1809.15,1846.63,1.49,823500264.0,25494000000.0,csindex
2025-06-04,H30007,芯片产业,2182.22,2200.1,2180.65,2191.35,0.48,315550000.0,23453000000.0,csindex
2025-06-05,159915,创业板ETF,2.001,2.029,1.989,2.023,1.15,8084529.0,1624628200.0,tencent
2025-06-05,399971,中证传媒,1217.45,1236.51,1216.98,1233.24,1.29,2389645085.0,23646000000.0,csindex
2025-06-05,510300,沪深300ETF,3.767,3.783,3.756,3.773,0.2657,5319657.0,2116243900.0000002,tencent
2025-06-05,931152,中证创新药产业,1851.19,1852.77,1807.48,1820.05,-1.44,819315120.0,24538000000.0,csindex
2025-06-05,H30007,芯片产业,2196.29,2233.68,2189.61,2229.87,1.76,435235077.0,31645000000.0,csindex
2025-06-06,159915,创业板ETF,2.022,2.027,2.01,2.017,-0.2966,5147504.0,1037863300.0,tencent
2025-06-06,399971,中证传媒,1231.05,1237.7,1220.75,1224.47,-0.71,1721790219.0,18120000000.0,csindex
2025-06-06,510300,沪深300ETF,3.776,3.788,3.767,3.775,0.053,4888808.0,1948178900.0000002,tencent
2025-06-06,931152,中证创新药产业,1818.41,1823.25,1795.95,1807.04,-0.71,704524161.0,21407000000.0,csindex
2025-06-06,H30007,芯片产业,2227.18,2243.37,2216.74,2231.74,0.08,384358998.0,28511000000.0,csindex
2025-06-09,159915,创业板ETF,2.02,2.051,2.02,2.034,0.8428,8445347.0,1721674800.0,tencent
2025-06-09,399971,中证传媒,1226.58,1238.85,1223.3,1234.16,0.79,1819300683.0,18907000000.0,csindex
2025-06-09,510300,沪深300ETF,3.778,3.799,3.773,3.784,0.2384,5810982.0,2322756600.0,tencent
2025-06-09,931152,中证创新药产业,1811.36,1881.23,1810.33,1852.64,2.52,1030796607.0,31516000000.000004,csindex
2025-06-09,H30007,芯片产业,2229.19,2237.87,2221.25,2229.46,-0.1,355477721.0,25873000000.0,csindex
2025-06-10,159915,创业板ETF,2.034,2.041,1.999,2.012,-1.0816,9385023.0,1894152200.0,tencent
2025-06-10,399971,中证传媒,1234.5,1237.6,1208.7,1228.8,-0.43,2165942701.0,23162000000.0,csindex
2025-06-10,510300,沪深300ETF,3.786,3.794,3.747,3.761,-0.6078,7710518.0,3069054900.0,tencent
2025-06-10,931152,中证创新药产业,1856.45,1881.62,1848.2,1869.11,0.89,1024149363.0,30598000000.0,csindex
2025-06-10,H30007,芯片产业,2240.84,2240.84,2175.19,2184.37,-2.02,506861213.0,39932000000.0,csindex
2025-06-11,159915,创业板ETF,2.016,2.053,2.016,2.038,1.2922,8732720.0,1781856900.0,tencent
2025-06-11,399971,中证传媒,1226.51,1246.67,1225.71,1242.68,1.13,2212561607.0,24181000000.0,csindex
2025-06-11,510300,沪深300ETF,3.763,3.813,3.763,3.793,0.8508,11035095.0,4422015600.0,tencent
2025-06-11,931152,中证创新药产业,1869.57,1878.65,1848.62,1853.0,-0.86,984739657.0,26717000000.0,csindex
2025-06-11,H30007,芯片产业,2183.49,2203.16,2181.18,2181.18,-0.14,350559357.0,26833999999.999996,csindex
2025-06-12,159915,创业板ETF,2.033,2.052,2.027,2.04,0.0981,6124760.0,1250732900.0,tencent
2025-06-12,399971,中证传媒,1237.71,1266.93,1235.66,1257.45,1.19,2558697917.0,31594000000.0,csindex
2025-06-12,510300,沪深300ETF,3.787,3.802,3.769,3.795,0.0527,6900872.0,2758909200.0,tencent
2025-06-12,931152,中证创新药产业,1849.14,1903.13,1847.02,1903.13,2.71,1043327786.0,31711000000.0,csindex
2025-06-12,H30007,芯片产业,2175.52,2180.45,2159.16,2160.12,-0.97,368758023.0,29555000000.0,csindex
2025-06-13,159915,创业板ETF,2.033,2.042,2.015,2.02,-0.9804,7302115.0,1480102700.0,tencent
2025-06-13,399971,中证传媒,1248.84,1248.99,1225.55,1229.78,-2.2,2593267467.0,29135000000.000004,csindex
2025-06-13,510300,沪深300ETF,3.787,3.791,3.756,3.769,-0.6851,6980168.0,2779843200.0,tencent
2025-06-13,931152,中证创新药产业,1893.46,1912.97,1849.11,1862.45,-2.14,1328657598.0,37864000000.0,csindex
2025-06-13,H30007,芯片产业,2148.36,2169.31,2143.88,2157.59,-0.12,573718663.0,41114000000.0,csindex
2025-06-16,159915,创业板ETF,2.019,2.039,2.016,2.037,0.8416,4976448.0,1011261400.0,tencent
2025-06-16,399971,中证传媒,1227.86,1267.39,1227.83,1260.2,2.47,2361000157.0,30764999999.999996,csindex
2025-06-16,510300,沪深300ETF,3.763,3.783,3.76,3.779,0.2653,6493267.0,2586770200.0,tencent
2025-06-16,931152,中证创新药产业,1861.02,1875.25,1840.97,1852.96,-0.51,872593549.0,27966000000.000004,csindex
2025-06-16,H30007,芯片产业,2145.12,2175.62,2144.81,2162.04,0.21,383825300.0,26768000000.0,csindex
2025-06-17,159915,创业板ETF,2.04,2.041,2.023,2.028,-0.4418,4252575.0,863471400.0,tencent
2025-06-17,399971,中证传媒,1264.13,1264.21,1240.87,1246.55,-1.08,2643600352.0,30920999999.999996,csindex
2025-06-17,510300,沪深300ETF,3.78,3.786,3.763,3.778,-0.0265,4828913.0,1925078400.0,tencent
2025-06-17,931152,中证创新药产业,1860.51,1873.8,1796.32,1800.38,-2.84,1094112945.0,33891000000.000004,csindex
2025-06-17,H30007,芯片产业,2165.4,2171.6,2146.05,2152.36,-0.45,392079603.0,27397000000.000004,csindex
2025-06-18,159915,创业板ETF,2.027,2.038,2.017,2.034,0.2959,4931127.0,999608200.0000001,tencent
2025-06-18,399971,中证传媒,1240.31,1248.18,1228.28,1234.99,-0.93,1995404806.0,20985000000.0,csindex
2025-06-18,510300,沪深300ETF,3.78,3.787,3.759,3.781,0.0794,4808034.0,1874167100.0,tencent
2025-06-18,931152,中证创新药产业,1793.31,1799.43,1778.72,1790.73,-0.54,712769055.0,21656000000.0,csindex
2025-06-18,H30007,芯片产业,2149.04,2179.13,2143.64,2166.25,0.65,452383105.0,28102000000.0,csindex
2025-06-19,159915,创业板ETF,2.028,2.036,2.0,2.005,-1.4258,6989479.0,1408373599.9999998,tencent
2025-06-19,399971,中证传媒,1232.19,1247.02,1221.67,1226.98,-0.65,2074323275.0,24719000000.0,csindex
2025-06-19,510300,沪深300ETF,3.775,3.776,3.74,3.75,-0.8199,6007886.0,2331339200.0,tencent
2025-06-19,931152,中证创新药产业,1789.34,1802.11,1757.06,1762.82,-1.56,662133364.0,20228000000.0,csindex
2025-06-19,H30007,芯片产业,2162.96,2196.64,2159.64,2164.74,-0.07,456621635.0,31458999999.999996,csindex
2025-06-20,159915,创业板ETF,2.005,2.015,1.987,1.988,-0.8479,5926744.0,1183215400.0,tencent
2025-06-20,399971,中证传媒,1228.48,1231.07,1206.78,1207.55,-1.58,1751811656.0,19873000000.0,csindex
2025-06-20,510300,沪深300ETF,3.749,3.765,3.748,3.755,0.1333,4230441.0,1641824000.0,tencent
2025-06-20,931152,中证创新药产业,1764.39,1772.02,1758.66,1761.42,-0.08,580371658.0,16431000000.0,csindex
2025-06-20,H30007,芯片产业,2161.94,2177.1,2147.57,2147.87,-0.78,380428055.0,25453000000.0,csindex
2025-06-23,159915,创业板ETF,1.98,2.001,1.975,1.998,0.503,6068657.0,1207204100.0,tencent
2025-06-23,399971,中证传媒,1197.73,1215.92,1197.73,1213.19,0.47,1599957132.0,17747000000.0,csindex
2025-06-23,510300,沪深300ETF,3.746,3.779,3.739,3.768,0.3462,7492447.0,2908735800.0,tencent
2025-06-23,931152,中证创新药产业,1753.12,1781.94,1744.33,1777.14,0.89,629039380.0,20013000000.0,csindex
2025-06-23,H30007,芯片产业,2133.58,2186.25,2133.16,2169.38,1.0,549023326.0,36267000000.0,csindex
2025-06-24,159915,创业板ETF,2.004,2.044,2.003,2.044,2.3023,12388429.0,2518135500.0,tencent
2025-06-24,399971,中证传媒,1220.76,1241.7,1220.76,1235.38,1.83,2236169696.0,23165000000.0,csindex
2025-06-24,510300,沪深300ETF,3.773,3.827,3.773,3.813,1.1943,12245549.0,4815432100.0,tencent
2025-06-24,931152,中证创新药产业,1781.43,1801.26,1781.14,1797.49,1.14,646293837.0,21271000000.0,csindex
2025-06-24,H30007,芯片产业,2176.18,2213.95,2176.02,2210.67,1.9,566203208.0,38897000000.0,csindex
2025-06-25,159915,创业板ETF,2.05,2.113,2.05,2.109,3.18,16381973.0,3406557000.0,tencent
2025-06-25,399971,中证传媒,1235.14,1248.15,1229.03,1248.14,1.03,2199714240.0,22584000000.0,csindex
2025-06-25,510300,沪深300ETF,3.816,3.88,3.812,3.878,1.7047,17241161.0,6841352700.0,tencent
2025-06-25,931152,中证创新药产业,1801.31,1812.31,1786.53,1805.36,0.44,675089839.0,21476000000.0,csindex
2025-06-25,H30007,芯片产业,2215.65,2252.7,2203.8,2251.41,1.84,746733193.0,49376000000.0,csindex
2025-06-26,159915,创业板ETF,2.109,2.121,2.092,2.093,-0.7587,11040739.0,2325635100.0,tencent
2025-06-26,399971,中证传媒,1245.93,1257.83,1236.94,1247.62,-0.04,2273365806.0,24638000000.0,csindex
2025-06-26,510300,沪深300ETF,3.872,3.881,3.862,3.863,-0.3868,9379679.0,3745893300.0,tencent
2025-06-26,931152,中证创新药产业,1792.82,1792.82,1766.02,1774.1,-1.73,631960681.0,20235000000.0,csindex
2025-06-26,H30007,芯片产业,2253.06,2272.28,2229.87,2229.87,-0.96,622797494.0,43341000000.0,csindex
2025-06-27,159915,创业板ETF,2.1,2.125,2.091,2.101,0.3822,11326780.0,2389373200.0,tencent
2025-06-27,399971,中证传媒,1248.76,1253.31,1235.95,1243.52,-0.33,1942196248.0,20145000000.0,csindex
2025-06-27,510300,沪深300ETF,3.867,3.89,3.835,3.84,-0.5954,10696914.0,4258505700.0,tencent
2025-06-27,931152,中证创新药产业,1771.7,1785.4,1771.59,1776.51,0.14,524489509.0,17347000000.0,csindex
2025-06-27,H30007,芯片产业,2249.41,2262.57,2221.77,2236.95,0.32,802138260.0,45203000000.0,csindex
2025-06-30,159915,创业板ETF,2.11,2.134,2.106,2.133,1.5231,10634131.0,2255934800.0,tencent
2025-06-30,399971,中证传媒,1249.14,1279.18,1249.14,1277.91,2.77,2609751834.0,28970000000.0,csindex
2025-06-30,510300,沪深300ETF,3.838,3.862,3.833,3.859,0.4948,10819590.0,4300171900.0,tencent
2025-06-30,931152,中证创新药产业,1773.94,1798.46,1763.18,1796.96,1.15,639207270.0,21052000000.0,csindex
2025-06-30,H30007,芯片产业,2250.32,2277.42,2250.32,2270.19,1.49,836404498.0,45261000000.0,csindex
2025-07-01,159915,创业板ETF,2.128,2.131,2.112,2.126,-0.3282,6758008.0,1434048700.0,tencent
2025-07-01,399971,中证传媒,1279.6,1282.23,1267.09,1272.0,-0.46,2113301487.0,23779000000.0,csindex
2025-07-01,510300,沪深300ETF,3.857,3.869,3.846,3.865,0.1555,6406861.0,2551468700.0,tencent
2025-07-01,931152,中证创新药产业,1798.41,1836.22,1798.32,1835.82,2.16,823429123.0,24698000000.0,csindex
2025-07-01,H30007,芯片产业,2267.1,2280.9,2246.53,2257.17,-0.57,972652007.0,46168000000.0,csindex
2025-07-02,159915,创业板ETF,2.123,2.123,2.097,2.104,-1.0348,6869308.0,1445894900.0,tencent
2025-07-02,399971,中证传媒,1269.18,1270.34,1254.21,1258.53,-1.06,1714776929.0,18751000000.0,csindex
2025-07-02,510300,沪深300ETF,3.862,3.876,3.852,3.869,0.1035,5188835.0,2069608299.9999998,tencent
2025-07-02,931152,中证创新药产业,1834.72,1843.58,1805.11,1809.14,-1.45,675258116.0,20541000000.0,csindex
2025-07-02,H30007,芯片产业,2247.68,2247.68,2206.71,2211.4,-2.03,687111626.0,35360000000.0,csindex
2025-07-03,159915,创业板ETF,2.11,2.147,2.108,2.141,1.7586,10437516.0,2221641200.0,tencent
2025-07-03,399971,中证传媒,1257.9,1270.14,1249.01,1260.26,0.14,1434611091.0,16910000000.0,csindex
2025-07-03,510300,沪深300ETF,3.871,3.897,3.868,3.892,0.5945,6863819.0,2748927300.0,tencent
2025-07-03,931152,中证创新药产业,1811.05,1849.94,1807.66,1847.52,2.12,779076799.0,23935000000.0,csindex
2025-07-03,H30007,芯片产业,2213.59,2222.72,2201.88,2214.73,0.15,484223648.0,27889000000.0,csindex
2025-07-04,159915,创业板ETF,2.141,2.167,2.131,2.133,-0.3737,10770847.0,2308805600.0,tencent
2025-07-04,399971,中证传媒,1261.16,1282.1,1255.52,1271.71,0.91,1999646974.0,24318000000.0,csindex
2025-07-04,510300,沪深300ETF,3.888,3.942,3.881,3.909,0.4368,10525621.0,4241383600.0,tencent
2025-07-04,931152,中证创新药产业,1848.63,1871.47,1841.12,1857.6,0.54,786056550.0,25775000000.0,csindex
2025-07-04,H30007,芯片产业,2210.37,2246.92,2191.4,2211.32,-0.15,558916000.0,35010000000.0,csindex
2025-07-07,159915,创业板ETF,2.126,2.134,2.106,2.11,-1.0783,7631514.0,1613281900.0,tencent
2025-07-07,399971,中证传媒,1272.77,1284.13,1271.05,1274.66,0.23,1826290917.0,20168000000.0,csindex
2025-07-07,510300,沪深300ETF,3.903,3.909,3.882,3.891,-0.4605,4022514.0,1614976800.0,tencent
2025-07-07,931152,中证创新药产业,1856.69,1861.64,1818.95,1820.09,-2.02,629619332.0,20964000000.0,csindex
2025-07-07,H30007,芯片产业,2209.9,2219.03,2201.13,2203.98,-0.33,362365888.0,23147000000.0,csindex
2025-07-08,159915,创业板ETF,2.109,2.161,2.107,2.159,2.3223,12591227.0,2700369099.9999995,tencent
2025-07-08,399971,中证传媒,1275.78,1298.29,1272.64,1295.53,1.64,1904443985.0,22547000000.0,csindex
2025-07-08,510300,沪深300ETF,3.893,3.933,3.89,3.925,0.8738,6122487.0,2473798100.0,tencent
2025-07-08,931152,中证创新药产业,1818.33,1847.44,1817.12,1824.69,0.25,755717623.0,22898000000.0,csindex
2025-07-08,H30007,芯片产业,2212.55,2234.98,2206.92,2232.72,1.3,539635818.0,32408000000.0,csindex
2025-07-09,159915,创业板ETF,2.157,2.183,2.155,2.163,0.1853,11223645.0,2435284000.0,tencent
2025-07-09,399971,中证传媒,1295.33,1316.58,1293.96,1309.57,1.08,2399317660.0,29123000000.0,csindex
2025-07-09,510300,沪深300ETF,3.925,3.946,3.917,3.922,-0.0764,6476608.0,2626402700.0,tencent
2025-07-09,931152,中证创新药产业,1818.6,1853.37,1808.41,1837.84,0.72,807168033.0,27095000000.0,csindex
2025-07-09,H30007,芯片产业,2230.37,2236.14,2202.8,2206.49,-1.17,459831203.0,27823000000.0,csindex
2025-07-10,159915,创业板ETF,2.17,2.179,2.153,2.169,0.2774,8455356.0,1830798200.0,tencent
2025-07-10,399971,中证传媒,1307.73,1313.76,1295.33,1308.23,-0.1,2006127849.0,23403000000.0,csindex
2025-07-10,510300,沪深300ETF,3.922,3.967,3.921,3.942,0.5099,6323877.0,2569715900.0,tencent
2025-07-10,931152,中证创新药产业,1841.68,1861.33,1839.86,1848.18,0.56,934055979.0,26688000000.0,csindex
2025-07-10,H30007,芯片产业,2203.12,2209.73,2191.78,2198.44,-0.37,447385136.0,28923000000.0,csindex
2025-07-11,159915,创业板ETF,2.169,2.202,2.159,2.185,0.7377,11419299.0,2493790400.0,tencent
2025-07-11,399971,中证传媒,1305.25,1312.31,1295.87,1309.09,0.07,2251410711.0,25317000000.0,csindex
2025-07-11,510300,沪深300ETF,3.943,4.007,3.942,3.956,0.3551,12648551.0,5184103100.0,tencent
2025-07-11,931152,中证创新药产业,1858.64,1893.51,1855.89,1881.73,1.81,965495977.0,32969000000.0,csindex
2025-07-11,H30007,芯片产业,2198.03,2242.39,2191.78,2233.05,1.57,616492719.0,40680000000.0,csindex
2025-07-14,159915,创业板ETF,2.18,2.187,2.167,2.177,-0.3661,6661325.0,1449095600.0,tencent
2025-07-14,399971,中证传媒,1305.58,1305.58,1280.07,1285.4,-1.81,2008525647.0,23839000000.0,csindex
2025-07-14,510300,沪深300ETF,3.955,3.971,3.953,3.955,-0.0253,8205479.0,3351107700.0,tencent
2025-07-14,931152,中证创新药产业,1878.88,1898.47,1872.61,1894.51,0.68,747824096.0,28145000000.0,csindex
2025-07-14,H30007,芯片产业,2232.98,2239.32,2218.45,2219.11,-0.62,422053975.0,28072000000.000004,csindex
2025-07-15,159915,创业板ETF,2.184,2.223,2.184,2.212,1.6077,14273177.0,3151896300.0,tencent
2025-07-15,399971,中证传媒,1287.39,1294.83,1279.38,1291.36,0.46,2948584769.0,28458000000.0,csindex
2025-07-15,510300,沪深300ETF,3.959,3.981,3.93,3.955,0.0,8074813.0,3292797700.0,tencent
2025-07-15,931152,中证创新药产业,1893.08,1915.09,1882.91,1912.7,0.96,854752880.0,28523000000.0,csindex
2025-07-15,H30007,芯片产业,2216.35,2229.59,2202.55,2217.48,-0.07,549762549.0,35373000000.0,csindex
2025-07-16,159915,创业板ETF,2.217,2.237,2.205,2.206,-0.2712,8014571.0,1778554100.0,tencent
2025-07-16,399971,中证传媒,1292.46,1306.69,1283.68,1290.89,-0.04,3508697494.0,31827000000.0,csindex
2025-07-16,510300,沪深300ETF,3.956,3.97,3.933,3.946,-0.2276,4791819.0,1951853000.0,tencent
2025-07-16,931152,中证创新药产业,1915.96,1931.8,1909.88,1929.94,0.9,993660030.0,30654000000.000004,csindex
2025-07-16,H30007,芯片产业,2217.07,2256.94,2213.76,2222.82,0.24,611348390.0,40412000000.0,csindex
2025-07-17,159915,创业板ETF,2.205,2.247,2.204,2.247,1.8586,9615694.0,2146267400.0,tencent
2025-07-17,399971,中证传媒,1287.53,1296.45,1283.27,1296.45,0.43,2433784683.0,24327000000.0,csindex
2025-07-17,510300,沪深300ETF,3.946,3.98,3.945,3.979,0.8363,5978225.0,2443096200.0,tencent
2025-07-17,931152,中证创新药产业,1930.05,1977.14,1927.36,1976.68,2.42,1037150423.0,34661000000.0,csindex
2025-07-17,H30007,芯片产业,2218.3,2238.43,2205.31,2238.43,0.7,612676521.0,40894000000.0,csindex
2025-07-18,159915,创业板ETF,2.256,2.274,2.241,2.252,0.2225,9440410.0,2131513000.0,tencent
2025-07-18,399971,中证传媒,1301.39,1304.15,1284.28,1287.34,-0.7,2273158786.0,24936000000.0,csindex
2025-07-18,510300,沪深300ETF,3.985,4.013,3.982,4.009,0.754,7131296.0,2940955200.0,tencent
2025-07-18,931152,中证创新药产业,1978.16,1997.9,1965.47,1997.36,1.05,823762614.0,30414999999.999996,csindex
2025-07-18,H30007,芯片产业,2243.31,2270.05,2232.98,2245.56,0.32,624507204.0,40780000000.0,csindex
2025-07-21,159915,创业板ETF,2.258,2.275,2.251,2.275,1.0213,9911442.0,2244881600.0,tencent
2025-07-21,399971,中证传媒,1286.86,1297.37,1286.35,1294.97,0.59,2725239224.0,24624000000.0,csindex
2025-07-21,510300,沪深300ETF,4.014,4.037,4.011,4.034,0.6236,7674613.0,3184284300.0,tencent
2025-07-21,931152,中证创新药产业,1989.59,1989.59,1955.77,1981.5,-0.79,833291646.0,31162000000.0,csindex
2025-07-21,H30007,芯片产业,2243.87,2252.54,2236.47,2246.03,0.02,579536555.0,37975000000.0,csindex
2025-07-22,159915,创业板ETF,2.274,2.291,2.267,2.289,0.6154,10784625.0,2460630700.0,tencent
2025-07-22,399971,中证传媒,1290.79,1297.53,1279.35,1286.5,-0.65,2337493189.0,22082000000.0,csindex
2025-07-22,510300,沪深300ETF,4.036,4.08,4.019,4.078,1.0907,10821091.0,4516788900.0,tencent
2025-07-22,931152,中证创新药产业,1975.01,2026.26,1972.51,1988.23,0.34,974477699.0,34714000000.0,csindex
2025-07-22,H30007,芯片产业,2243.68,2265.17,2237.13,2248.56,0.11,651316240.0,41457000000.0,csindex
2025-07-23,159915,创业板ETF,2.288,2.31,2.281,2.287,-0.0874,12335622.0,2829799300.0,tencent
2025-07-23,399971,中证传媒,1285.41,1293.07,1281.57,1283.05,-0.27,1900595407.0,19966000000.0,csindex
2025-07-23,510300,沪深300ETF,4.081,4.111,4.065,4.076,-0.049,9947315.0,4188253000.0,tencent
2025-07-23,931152,中证创新药产业,1984.01,2014.75,1976.07,1982.1,-0.31,987178460.0,34737000000.0,csindex
2025-07-23,H30007,芯片产业,2245.4,2282.76,2242.91,2266.28,0.79,747098905.0,45232000000.0,csindex
2025-07-24,159915,创业板ETF,2.297,2.325,2.291,2.325,1.6616,10346952.0,2386144800.0,tencent
2025-07-24,399971,中证传媒,1283.59,1298.7,1283.2,1298.7,1.22,1914948917.0,20063000000.0,csindex
2025-07-24,510300,沪深300ETF,4.072,4.105,4.067,4.102,0.6379,8852360.0,3729028300.0,tencent
2025-07-24,931152,中证创新药产业,1984.47,2031.93,1984.47,2028.46,2.34,1242352833.0,38948000000.0,csindex
2025-07-24,H30007,芯片产业,2265.35,2299.69,2263.99,2296.4,1.33,781659397.0,46746000000.0,csindex
2025-07-25,159915,创业板ETF,2.326,2.326,2.308,2.318,-0.3011,7610292.0,1763030400.0,tencent
2025-07-25,399971,中证传媒,1302.13,1307.66,1294.61,1305.68,0.54,3036447244.0,29716000000.000004,csindex
2025-07-25,510300,沪深300ETF,4.102,4.102,4.07,4.08,-0.5363,8200860.0,3452281700.0,tencent
2025-07-25,931152,中证创新药产业,2028.15,2054.88,2014.48,2017.18,-0.56,1146493006.0,38917000000.0,csindex
2025-07-25,H30007,芯片产业,2297.41,2359.2,2284.11,2351.12,2.38,880748535.0,61082000000.00001,csindex
2025-07-28,159915,创业板ETF,2.322,2.344,2.311,2.342,1.0354,8647995.0,2015532100.0,tencent
2025-07-28,399971,中证传媒,1308.19,1310.16,1298.46,1304.59,-0.08,2398021565.0,25211000000.0,csindex
2025-07-28,510300,沪深300ETF,4.08,4.1,4.063,4.091,0.2696,6027713.0,2535151900.0,tencent
2025-07-28,931152,中证创新药产业,2036.72,2069.78,2032.4,2069.45,2.59,1028419598.0,40602000000.0,csindex
2025-07-28,H30007,芯片产业,2353.34,2355.74,2331.73,2346.74,-0.19,773927678.0,50345000000.0,csindex
2025-07-29,159915,创业板ETF,2.338,2.384,2.332,2.383,1.7506,10423053.0,2458006700.0,tencent
2025-07-29,399971,中证传媒,1303.38,1305.22,1286.7,1305.22,0.05,2309550283.0,25193000000.0,csindex
2025-07-29,510300,沪深300ETF,4.085,4.113,4.069,4.112,0.5133,8059786.0,3395606599.9999995,tencent
2025-07-29,931152,中证创新药产业,2084.39,2146.64,2055.77,2131.76,3.01,1572053859.0,59565000000.0,csindex
2025-07-29,H30007,芯片产业,2339.17,2381.79,2337.38,2380.88,1.45,886125693.0,61366999999.99999,csindex
2025-07-30,159915,创业板ETF,2.378,2.378,2.325,2.345,-1.5946,17952943.0,4225955600.0,tencent
2025-07-30,399971,中证传媒,1304.07,1324.89,1298.03,1314.43,0.71,2723414988.0,33507000000.0,csindex
2025-07-30,510300,沪深300ETF,4.104,4.142,4.084,4.109,-0.073,9502522.0,4023783500.0,tencent
2025-07-30,931152,中证创新药产业,2120.59,2165.11,2104.48,2124.48,-0.34,1638638425.0,58392999999.99999,csindex
2025-07-30,H30007,芯片产业,2374.54,2395.18,2339.55,2357.35,-0.99,829421978.0,56625000000.0,csindex
2025-07-31,159915,创业板ETF,2.354,2.37,2.299,2.301,-1.8763,19803836.0,4628163700.0,tencent
2025-07-31,399971,中证传媒,1317.14,1320.98,1300.37,1305.82,-0.66,3789287462.0,40145000000.0,csindex
2025-07-31,510300,沪深300ETF,4.098,4.098,4.019,4.032,-1.8739,11229126.0,4687659300.0,tencent
2025-07-31,931152,中证创新药产业,2113.79,2145.63,2091.02,2099.8,-1.16,1586739329.0,53379000000.0,csindex
2025-07-31,H30007,芯片产业,2349.67,2377.39,2316.7,2323.44,-1.44,893465281.0,63841999999.99999,csindex
2025-08-01,159915,创业板ETF,2.296,2.324,2.281,2.303,0.0869,11371253.0,2620619500.0,tencent
2025-08-01,399971,中证传媒,1309.3,1319.39,1289.56,1317.96,0.93,3513411357.0,38069000000.0,csindex
2025-08-01,510300,沪深300ETF,4.025,4.039,3.995,4.01,-0.5456,6115671.0,2531113800.0,tencent
2025-08-01,931152,中证创新药产业,2095.17,2139.68,2073.57,2080.29,-0.93,1416838932.0,47278000000.0,csindex
2025-08-01,H30007,芯片产业,2317.72,2344.62,2281.27,2295.77,-1.19,756382433.0,48036000000.0,csindex
2025-08-04,159915,创业板ETF,2.285,2.313,2.282,2.313,0.4342,7651039.0,1755984100.0,tencent
2025-08-04,399971,中证传媒,1314.52,1335.09,1309.19,1334.72,1.27,3278208763.0,37939000000.0,csindex
2025-08-04,510300,沪深300ETF,3.999,4.031,3.994,4.029,0.4738,4355672.0,1801388599.9999998,tencent
2025-08-04,931152,中证创新药产业,2070.96,2078.85,2025.63,2078.28,-0.1,1315805757.0,43290000000.0,csindex
2025-08-04,H30007,芯片产业,2285.29,2322.45,2285.29,2322.45,1.16,624120190.0,42876000000.0,csindex
2025-08-05,159915,创业板ETF,2.326,2.328,2.3,2.32,0.3026,10464315.0,2423350500.0,tencent
2025-08-05,399971,中证传媒,1332.78,1350.37,1332.78,1345.5,0.81,2841227323.0,32430000000.0,csindex
2025-08-05,510300,沪深300ETF,4.031,4.062,4.028,4.06,0.7694,5480681.0,2282989200.0,tencent
2025-08-05,931152,中证创新药产业,2086.96,2107.49,2076.41,2098.32,0.96,1099054864.0,35478000000.0,csindex
2025-08-05,H30007,芯片产业,2322.41,2331.75,2312.49,2329.18,0.29,557026305.0,38074000000.0,csindex
2025-08-06,159915,创业板ETF,2.314,2.338,2.312,2.336,0.6897,8691742.0,2023668000.0,tencent
2025-08-06,399971,中证传媒,1345.41,1351.51,1336.53,1351.02,0.41,2868398427.0,31123000000.0,csindex
2025-08-06,510300,沪深300ETF,4.058,4.076,4.053,4.071,0.2709,4089449.0,1713095799.9999998,tencent
2025-08-06,931152,中证创新药产业,2100.24,2123.91,2085.62,2093.63,-0.22,1059461481.0,36503000000.0,csindex
2025-08-06,H30007,芯片产业,2324.57,2347.14,2314.61,2346.2,0.73,722857677.0,47818000000.0,csindex
2025-08-07,159915,创业板ETF,2.338,2.35,2.3,2.32,-0.6849,11035689.0,2561935100.0,tencent
2025-08-07,399971,中证传媒,1350.34,1351.96,1340.64,1350.44,-0.04,2597895694.0,28193000000.0,csindex
2025-08-07,510300,沪深300ETF,4.073,4.087,4.048,4.07,-0.0246,5339656.0,2236786700.0,tencent
2025-08-07,931152,中证创新药产业,2084.38,2102.37,2042.89,2051.42,-2.02,951881350.0,34486000000.0,csindex
2025-08-07,H30007,芯片产业,2349.06,2384.31,2334.8,2352.52,0.27,979705875.0,62161000000.0,csindex
2025-08-08,159915,创业板ETF,2.314,2.331,2.307,2.312,-0.3448,7461764.0,1728761000.0,tencent
2025-08-08,399971,中证传媒,1352.07,1357.22,1339.27,1339.85,-0.78,3285224390.0,32975000000.0,csindex
2025-08-08,510300,沪深300ETF,4.065,4.078,4.052,4.06,-0.2457,4230624.0,1771777700.0,tencent
2025-08-08,931152,中证创新药产业,2042.23,2056.22,2020.57,2047.73,-0.18,804283963.0,28707000000.0,csindex
2025-08-08,H30007,芯片产业,2337.81,2337.81,2307.11,2307.63,-1.91,716105782.0,45792000000.0,csindex
2025-08-11,159915,创业板ETF,2.317,2.362,2.312,2.357,1.9464,11597518.0,2719858300.0,tencent
2025-08-11,399971,中证传媒,1336.39,1357.31,1335.29,1351.89,0.9,3263174913.0,31044000000.0,csindex
2025-08-11,510300,沪深300ETF,4.06,4.095,4.06,4.079,0.468,6881519.0,2891923700.0,tencent
2025-08-11,931152,中证创新药产业,2046.34,2074.52,2046.34,2069.81,1.08,1009102688.0,31602000000.0,csindex
2025-08-11,H30007,芯片产业,2306.49,2331.63,2306.48,2320.7,0.57,662269961.0,40888000000.0,csindex
2025-08-12,159915,创业板ETF,2.358,2.385,2.345,2.385,1.188,11120495.0,2635788900.0,tencent
2025-08-12,399971,中证传媒,1351.9,1362.33,1347.88,1351.94,0.0,2782015211.0,29620999999.999996,csindex
2025-08-12,510300,沪深300ETF,4.077,4.114,4.077,4.105,0.6374,4824872.0,2036818299.9999998,tencent
2025-08-12,931152,中证创新药产业,2075.0,2081.36,2041.48,2060.98,-0.43,912261519.0,30314999999.999996,csindex
2025-08-12,H30007,芯片产业,2319.94,2400.12,2308.41,2383.32,2.7,1044953899.0,77870000000.0,csindex
2025-08-13,159915,创业板ETF,2.395,2.475,2.391,2.473,3.6897,18976851.0,4624232800.0,tencent
2025-08-13,399971,中证传媒,1352.54,1370.32,1347.71,1362.16,0.76,3477424222.0,34370000000.0,csindex
2025-08-13,510300,沪深300ETF,4.111,4.149,4.106,4.14,0.8526,7588408.0,3227703500.0,tencent
2025-08-13,931152,中证创新药产业,2063.08,2125.32,2063.08,2120.46,2.89,1252837753.0,48845000000.0,csindex
2025-08-13,H30007,芯片产业,2381.29,2408.68,2378.15,2404.98,0.91,1033444650.0,72745000000.0,csindex
2025-08-14,159915,创业板ETF,2.473,2.489,2.438,2.446,-1.0918,14892827.0,3670029000.0,tencent
2025-08-14,399971,中证传媒,1363.94,1375.37,1349.26,1354.27,-0.58,3674125348.0,35767000000.0,csindex
2025-08-14,510300,沪深300ETF,4.142,4.18,4.125,4.133,-0.1691,8879344.0,3797430000.0,tencent
2025-08-14,931152,中证创新药产业,2126.82,2146.68,2106.24,2108.83,-0.55,1072253627.0,41058000000.0,csindex
2025-08-14,H30007,芯片产业,2409.67,2500.04,2409.67,2430.68,1.07,1335562293.0,99562000000.0,csindex
2025-08-15,159915,创业板ETF,2.435,2.518,2.435,2.509,2.5756,14271173.0,3545929699.9999995,tencent
2025-08-15,399971,中证传媒,1348.97,1360.38,1342.44,1359.48,0.38,2694901859.0,27463000000.0,csindex
2025-08-15,510300,沪深300ETF,4.119,4.179,4.117,4.172,0.9436,10718339.0,4584387200.0,tencent
2025-08-15,931152,中证创新药产业,2101.66,2137.01,2090.89,2125.41,0.78,972558822.0,35539000000.0,csindex
2025-08-15,H30007,芯片产业,2414.46,2474.71,2408.58,2467.04,1.49,1115914015.0,77998000000.0,csindex
2025-08-18,159915,创业板ETF,2.52,2.608,2.504,2.582,2.9095,22969315.0,5893785500.0,tencent
2025-08-18,399971,中证传媒,1367.47,1398.37,1367.47,1390.19,2.26,4937171354.0,52259000000.0,csindex
2025-08-18,510300,沪深300ETF,4.175,4.237,4.162,4.204,0.767,10092475.0,4362087200.0,tencent
2025-08-18,931152,中证创新药产业,2128.38,2145.4,2117.34,2134.93,0.45,1273215941.0,44509000000.0,csindex
2025-08-18,H30007,芯片产业,2491.53,2545.2,2462.27,2518.04,2.07,1615668057.0,106743000000.0,csindex
2025-08-19,159915,创业板ETF,2.575,2.61,2.561,2.575,-0.2711,16354090.0,4222774200.0,tencent
2025-08-19,399971,中证传媒,1392.77,1409.02,1385.55,1397.57,0.53,4582637859.0,44783000000.0,csindex
2025-08-19,510300,沪深300ETF,4.203,4.224,4.174,4.182,-0.5233,7743324.0,3347920300.0000005,tencent
2025-08-19,931152,中证创新药产业,2136.85,2183.34,2104.88,2105.78,-1.37,1408647851.0,54923000000.0,csindex
2025-08-19,H30007,芯片产业,2513.37,2533.91,2484.72,2485.95,-1.27,1328271307.0,91886000000.0,csindex
2025-08-20,159915,创业板ETF,2.551,2.588,2.524,2.588,0.5049,20594441.0,5260551000.0,tencent
2025-08-20,399971,中证传媒,1398.86,1414.11,1391.0,1411.78,1.02,5227929994.0,45239000000.0,csindex
2025-08-20,510300,沪深300ETF,4.172,4.242,4.144,4.241,1.4108,13784166.0,5938089000.0,tencent
2025-08-20,931152,中证创新药产业,2093.71,2112.68,2067.67,2112.66,0.33,1131588439.0,40996000000.0,csindex
2025-08-20,H30007,芯片产业,2475.89,2588.14,2463.98,2587.84,4.1,1576395031.0,106923000000.0,csindex
2025-08-21,159915,创业板ETF,2.589,2.605,2.558,2.572,-0.6182,18828044.0,4859237800.0,tencent
2025-08-21,399971,中证传媒,1411.8,1423.55,1400.76,1412.41,0.04,4566194372.0,43444000000.0,csindex
2025-08-21,510300,沪深300ETF,4.245,4.271,4.235,4.255,0.3301,9130025.0,3997377700.0,tencent
2025-08-21,931152,中证创新药产业,2120.46,2139.99,2105.0,2119.37,0.32,999870825.0,35545000000.0,csindex
2025-08-21,H30007,芯片产业,2605.0,2658.43,2575.92,2588.57,0.03,1801214124.0,119171000000.0,csindex
2025-08-22,159915,创业板ETF,2.566,2.663,2.563,2.662,3.4992,21659089.0,5681941100.0,tencent
2025-08-22,399971,中证传媒,1410.53,1446.25,1409.44,1446.25,2.4,4312528436.0,49489000000.0,csindex
2025-08-22,510300,沪深300ETF,4.252,4.361,4.251,4.356,2.3737,13602634.0,6031204200.0,tencent
2025-08-22,931152,中证创新药产业,2125.45,2139.4,2111.61,2139.28,0.94,963276021.0,35183000000.0,csindex
2025-08-22,H30007,芯片产业,2611.57,2821.58,2611.57,2818.17,8.87,2522246568.0,178419000000.0,csindex
2025-08-25,159915,创业板ETF,2.693,2.76,2.675,2.737,2.8174,27514140.0,7457636100.0,tencent
2025-08-25,399971,中证传媒,1457.22,1465.88,1439.63,1465.55,1.33,5010549952.0,60561000000.0,csindex
2025-08-25,510300,沪深300ETF,4.378,4.449,4.374,4.442,1.9743,14560918.0,6599627200.0,tencent
2025-08-25,931152,中证创新药产业,2144.68,2197.54,2144.68,2197.45,2.72,1399604804.0,52848000000.0,csindex
2025-08-25,H30007,芯片产业,2903.14,2992.16,2818.1,2891.55,2.6,2615052815.0,206284000000.0,csindex
2025-08-26,159915,创业板ETF,2.727,2.75,2.702,2.716,-0.7673,20918322.0,5706483400.0,tencent
2025-08-26,399971,中证传媒,1460.71,1500.23,1460.05,1491.37,1.76,5440500810.0,60410000000.0,csindex
2025-08-26,510300,沪深300ETF,4.431,4.449,4.404,4.418,-0.5403,11142941.0,5068845200.0,tencent
2025-08-26,931152,中证创新药产业,2193.33,2200.63,2162.03,2166.62,-1.4,1133147968.0,40859000000.0,csindex
2025-08-26,H30007,芯片产业,2839.73,2896.7,2813.53,2867.2,-0.84,2012605983.0,135819000000.0,csindex
2025-08-27,159915,创业板ETF,2.716,2.796,2.696,2.696,-0.7364,29434776.0,8091777000.0,tencent
2025-08-27,399971,中证传媒,1502.93,1510.3,1462.6,1462.6,-1.93,6930244504.0,75318000000.0,csindex
2025-08-27,510300,沪深300ETF,4.418,4.462,4.35,4.352,-1.4939,14126904.0,6408311300.0,tencent
2025-08-27,931152,中证创新药产业,2173.26,2188.54,2109.65,2109.65,-2.63,1256871054.0,46203000000.0,csindex
2025-08-27,H30007,芯片产业,2888.12,3018.65,2866.01,2876.31,0.32,2541060449.0,192187000000.0,csindex
2025-08-28,159915,创业板ETF,2.68,2.807,2.677,2.806,4.0801,26820208.0,7337066700.0,tencent
2025-08-28,399971,中证传媒,1459.39,1482.06,1440.77,1482.06,1.33,6074329773.0,61901000000.0,csindex
2025-08-28,510300,沪深300ETF,4.346,4.438,4.329,4.436,1.9301,12764157.0,5746035400.0,tencent
2025-08-28,931152,中证创新药产业,2109.61,2121.94,2042.77,2106.67,-0.14,1208866843.0,44677000000.0,csindex
2025-08-28,H30007,芯片产业,2892.17,3083.52,2882.19,3081.35,7.13,2446434853.0,199893000000.0,csindex
2025-08-29,159915,创业板ETF,2.799,2.909,2.78,2.865,2.1026,24760608.0,7050495900.0,tencent
2025-08-29,399971,中证传媒,1484.82,1493.84,1477.21,1483.21,0.08,4941712102.0,52773000000.0,csindex
2025-08-29,510300,沪深300ETF,4.427,4.49,4.417,4.478,0.9468,13550574.0,6208498400.0,tencent
2025-08-29,931152,中证创新药产业,2106.68,2180.53,2101.2,2162.58,2.65,1112331585.0,49519000000.0,csindex
2025-08-29,H30007,芯片产业,3014.83,3015.85,2941.61,2998.18,-2.7,1973816065.0,161873000000.0,csindex
2025-09-01,159915,创业板ETF,2.88,2.932,2.859,2.927,2.164,20641012.0,5979182400.0,tencent
2025-09-01,399971,中证传媒,1484.75,1508.63,1471.84,1502.81,1.32,5165082231.0,55729000000.0,csindex
2025-09-01,510300,沪深300ETF,4.484,4.501,4.457,4.493,0.335,11939867.0,5495420200.0,tencent
2025-09-01,931152,中证创新药产业,2171.37,2264.41,2166.83,2261.23,4.56,1454120965.0,62113000000.0,csindex
2025-09-01,H30007,芯片产业,3044.28,3080.15,2960.46,3043.78,1.52,2117688531.0,160640000000.0,csindex
2025-09-02,159915,创业板ETF,2.922,2.954,2.815,2.848,-2.699,30202205.0,8691244500.0,tencent
2025-09-02,399971,中证传媒,1502.47,1502.47,1458.43,1469.36,-2.23,5872293746.0,63042999999.99999,csindex
2025-09-02,510300,沪深300ETF,4.49,4.52,4.427,4.467,-0.5787,10344122.0,4755250300.0,tencent
2025-09-02,931152,中证创新药产业,2270.84,2320.83,2238.1,2263.97,0.12,1394423229.0,63251000000.0,csindex
2025-09-02,H30007,芯片产业,3033.45,3067.21,2926.98,2954.82,-2.92,1975576880.0,154535000000.0,csindex
2025-09-03,159915,创业板ETF,2.852,2.899,2.832,2.87,0.7725,29187032.0,8367566300.0,tencent
2025-09-03,399971,中证传媒,1469.11,1508.39,1462.58,1473.11,0.26,5382892313.0,59529999999.99999,csindex
2025-09-03,510300,沪深300ETF,4.469,4.486,4.397,4.426,-0.9178,9188625.0,4187703200.0,tencent
2025-09-03,931152,中证创新药产业,2266.84,2309.46,2257.42,2281.4,0.77,1207293156.0,54210000000.0,csindex
2025-09-03,H30007,芯片产业,2938.06,2964.5,2881.29,2899.36,-1.88,1478200632.0,109522000000.0,csindex
2025-09-04,159915,创业板ETF,2.899,2.93,2.716,2.751,-4.1463,35046019.0,9856433500.0,tencent
2025-09-04,399971,中证传媒,1462.9,1472.82,1415.24,1436.25,-2.5,4536091469.0,49719000000.0,csindex
2025-09-04,510300,沪深300ETF,4.423,4.432,4.293,4.333,-2.1012,14208228.0,6352441000.0,tencent
2025-09-04,931152,中证创新药产业,2290.99,2292.62,2149.17,2184.95,-4.23,1268224074.0,56913000000.0,csindex
2025-09-04,H30007,芯片产业,2888.06,2891.26,2667.31,2701.39,-6.83,1678809418.0,131598000000.0,csindex
2025-09-05,159915,创业板ETF,2.75,2.947,2.749,2.944,7.0156,27420789.0,7802431000.0,tencent
2025-09-05,399971,中证传媒,1432.15,1470.77,1412.52,1469.14,2.29,4228829584.0,48295000000.0,csindex
2025-09-05,510300,沪深300ETF,4.327,4.44,4.319,4.431,2.2617,10603325.0,4780253800.0,tencent
2025-09-05,931152,中证创新药产业,2185.57,2282.47,2161.61,2277.61,4.24,1117270669.0,51179000000.0,csindex
2025-09-05,H30007,芯片产业,2709.22,2804.66,2677.85,2790.21,3.29,1382294252.0,108545000000.0,csindex
2025-09-08,159915,创业板ETF,2.946,2.951,2.856,2.908,-1.2228,24968782.0,7234949500.0,tencent
2025-09-08,399971,中证传媒,1467.42,1505.56,1464.89,1500.84,2.16,4270875077.0,48199000000.0,csindex
2025-09-08,510300,沪深300ETF,4.431,4.45,4.401,4.432,0.0226,10340220.0,4701185100.0,tencent
2025-09-08,931152,中证创新药产业,2282.79,2310.43,2257.95,2295.82,0.8,1094454506.0,48143000000.0,csindex
2025-09-08,H30007,芯片产业,2787.69,2816.41,2750.57,2806.89,0.6,1263589995.0,96988000000.0,csindex
2025-09-09,159915,创业板ETF,2.866,2.898,2.818,2.845,-2.1664,17046755.0,4870733800.0,tencent
2025-09-09,399971,中证传媒,1499.63,1514.11,1472.06,1485.61,-1.01,4000724005.0,45489000000.0,csindex
2025-09-09,510300,沪深300ETF,4.422,4.441,4.379,4.405,-0.6092,6803545.0,3084847300.0,tencent
2025-09-09,931152,中证创新药产业,2284.85,2337.59,2235.74,2248.95,-2.04,1035755105.0,46859000000.0,csindex
2025-09-09,H30007,芯片产业,2752.81,2786.82,2713.29,2726.16,-2.88,1107222447.0,87352000000.0,csindex
2025-09-10,159915,创业板ETF,2.857,2.9,2.833,2.875,1.0545,18595794.0,5345322600.0,tencent
2025-09-10,399971,中证传媒,1476.69,1519.79,1476.69,1513.41,1.87,4284145060.0,50987000000.0,csindex
2025-09-10,510300,沪深300ETF,4.403,4.439,4.384,4.415,0.227,6086583.0,2761984300.0,tencent
2025-09-10,931152,中证创新药产业,2246.85,2280.24,2221.5,2235.26,-0.61,829775048.0,35928000000.0,csindex
2025-09-10,H30007,芯片产业,2744.71,2800.87,2733.82,2767.71,1.52,957902756.0,88767000000.0,csindex
2025-09-11,159915,创业板ETF,2.883,3.027,2.871,3.025,5.2174,26297373.0,7786806700.0,tencent
2025-09-11,399971,中证传媒,1509.74,1534.19,1476.36,1533.62,1.34,4598125517.0,52465000000.0,csindex
2025-09-11,510300,沪深300ETF,4.404,4.539,4.394,4.537,2.7633,9783418.0,4504295400.0,tencent
2025-09-11,931152,中证创新药产业,2147.55,2224.17,2102.64,2224.17,-0.5,1356472117.0,63014000000.0,csindex
2025-09-11,H30007,芯片产业,2761.88,2944.29,2740.95,2934.8,6.04,1626088250.0,143606000000.0,csindex
2025-09-12,159915,创业板ETF,3.01,3.033,2.982,2.995,-0.9917,21253623.0,6394148100.000001,tencent
2025-09-12,399971,中证传媒,1530.69,1543.93,1517.18,1520.81,-0.84,4334616364.0,49006000000.0,csindex
2025-09-12,510300,沪深300ETF,4.539,4.541,4.492,4.498,-0.8596,9158580.0,4251540400.0,tencent
2025-09-12,931152,中证创新药产业,2235.28,2259.72,2206.45,2236.59,0.56,1008778513.0,43005000000.0,csindex
2025-09-12,H30007,芯片产业,2936.35,3045.58,2931.23,2994.67,2.04,1780262188.0,167280000000.0,csindex
2025-09-15,159915,创业板ETF,3.006,3.08,3.006,3.037,1.4023,17136620.0,5227741900.0,tencent
2025-09-15,399971,中证传媒,1517.61,1558.47,1517.61,1553.89,2.18,4583926221.0,54055999999.99999,csindex
2025-09-15,510300,沪深300ETF,4.499,4.539,4.491,4.506,0.1779,7211915.0,3346337199.9999995,tencent
2025-09-15,931152,中证创新药产业,2237.92,2266.7,2234.31,2240.98,0.2,931048774.0,40451000000.0,csindex
2025-09-15,H30007,芯片产业,3078.53,3087.26,2981.93,3008.46,0.46,1655381064.0,147325000000.0,csindex
2025-09-16,159915,创业板ETF,3.039,3.064,2.993,3.059,0.7244,18886350.0,5729177900.0,tencent
2025-09-16,399971,中证传媒,1558.23,1575.51,1552.17,1567.31,0.86,5384050682.0,58300000000.0,csindex
2025-09-16,510300,沪深300ETF,4.509,4.529,4.468,4.497,-0.1997,7889034.0,3642646599.9999995,tencent
2025-09-16,931152,中证创新药产业,2241.06,2244.44,2207.7,2229.88,-0.5,754577280.0,30914999999.999996,csindex
2025-09-16,H30007,芯片产业,3012.19,3073.94,3012.14,3040.73,1.07,1453398711.0,135813000000.00002,csindex
2025-09-17,159915,创业板ETF,3.055,3.125,3.036,3.119,1.9614,16687573.0,5154304100.0,tencent
2025-09-17,399971,中证传媒,1562.68,1582.4,1553.68,1579.38,0.77,4366395287.0,49780000000.0,csindex
2025-09-17,510300,沪深300ETF,4.492,4.536,4.476,4.53,0.7338,7154079.0,3315621300.0,tencent
2025-09-17,931152,中证创新药产业,2231.76,2248.13,2206.74,2232.86,0.13,730284992.0,32463000000.0,csindex
2025-09-17,H30007,芯片产业,3026.46,3103.34,2987.1,3076.15,1.16,1533169213.0,134302000000.0,csindex
2025-09-18,159915,创业板ETF,3.115,3.141,3.024,3.067,-1.6672,27190632.0,8408306100.0,tencent
2025-09-18,399971,中证传媒,1575.36,1595.83,1533.26,1550.37,-1.84,5052623849.0,59297000000.0,csindex
2025-09-18,510300,沪深300ETF,4.532,4.553,4.431,4.471,-1.3024,11873727.0,5488692000.0,tencent
2025-09-18,931152,中证创新药产业,2240.49,2279.24,2208.48,2235.27,0.11,1130037117.0,46750000000.0,csindex
2025-09-18,H30007,芯片产业,3116.31,3260.88,3056.77,3130.13,1.75,2650757155.0,222340000000.0,csindex
2025-09-19,159915,创业板ETF,3.067,3.101,3.046,3.062,-0.163,17122318.0,5266798700.0,tencent
2025-09-19,399971,中证传媒,1548.47,1571.39,1542.36,1562.65,0.79,4026315345.0,50137000000.0,csindex
2025-09-19,510300,沪深300ETF,4.467,4.51,4.464,4.481,0.2237,7316138.0,3369611800.0,tencent
2025-09-19,931152,中证创新药产业,2232.39,2247.41,2181.6,2199.16,-1.62,790319635.0,33002999999.999996,csindex
2025-09-19,H30007,芯片产业,3147.12,3181.27,3076.18,3080.36,-1.59,1822726535.0,154161000000.0,csindex
2025-09-22,159915,创业板ETF,3.068,3.082,3.026,3.082,0.6532,13820787.0,4228087800.0000005,tencent
2025-09-22,399971,中证传媒,1556.24,1556.74,1534.42,1549.65,-0.83,3454273410.0,41572000000.0,csindex
2025-09-22,510300,沪深300ETF,4.481,4.498,4.459,4.496,0.3347,6292766.0,2896946400.0,tencent
2025-09-22,931152,中证创新药产业,2206.54,2241.15,2181.34,2196.81,-0.11,716525146.0,32377000000.0,csindex
2025-09-22,H30007,芯片产业,3080.24,3246.52,3060.72,3214.77,4.36,1753051606.0,165802000000.0,csindex
2025-09-23,159915,创业板ETF,3.115,3.13,3.015,3.093,0.3569,22320034.0,6865555800.0,tencent
2025-09-23,399971,中证传媒,1547.08,1549.81,1501.48,1531.11,-1.2,3859280373.0,47016000000.0,csindex
2025-09-23,510300,沪深300ETF,4.504,4.533,4.435,4.499,0.0667,10550001.0,4859849600.0,tencent
2025-09-23,931152,中证创新药产业,2191.28,2197.05,2113.72,2150.56,-2.1,894755193.0,37281000000.0,csindex
2025-09-23,H30007,芯片产业,3218.75,3238.71,3114.69,3218.12,0.1,1880356667.0,165633000000.0,csindex
2025-09-24,159915,创业板ETF,3.063,3.162,3.061,3.16,2.1662,19449895.0,6065237000.0,tencent
2025-09-24,399971,中证传媒,1524.28,1570.39,1516.4,1568.29,2.43,3715642808.0,47097000000.0,csindex
2025-09-24,510300,沪深300ETF,4.474,4.541,4.473,4.54,0.9113,10044859.0,4656117000.0,tencent
2025-09-24,931152,中证创新药产业,2151.17,2194.41,2150.43,2189.21,1.8,703414108.0,30629000000.000004,csindex
2025-09-24,H30007,芯片产业,3201.9,3427.79,3200.96,3362.86,4.5,2590402871.0,211392000000.0,csindex
2025-09-25,159915,创业板ETF,3.15,3.24,3.134,3.211,1.6139,16257324.0,5199641800.0,tencent
2025-09-25,399971,中证传媒,1567.42,1621.63,1567.42,1604.7,2.32,4480929489.0,60999000000.0,csindex
2025-09-25,510300,沪深300ETF,4.54,4.595,4.534,4.572,0.7048,7713362.0,3614405600.0,tencent
2025-09-25,931152,中证创新药产业,2201.12,2232.18,2200.31,2207.45,0.83,787048979.0,36599000000.0,csindex
2025-09-25,H30007,芯片产业,3350.22,3422.46,3324.19,3383.62,0.62,2140736556.0,178335000000.0,csindex
2025-09-26,159915,创业板ETF,3.193,3.226,3.126,3.129,-2.5537,16927559.0,5368043500.0,tencent
2025-09-26,399971,中证传媒,1595.42,1595.42,1550.24,1552.47,-3.26,3798023796.0,47187000000.0,csindex
2025-09-26,510300,沪深300ETF,4.554,4.576,4.527,4.528,-0.9624,7153059.0,3344592900.0,tencent
2025-09-26,931152,中证创新药产业,2181.27,2181.27,2150.12,2151.62,-2.53,724580845.0,32682000000.0,csindex
2025-09-26,H30007,芯片产业,3354.16,3426.82,3325.16,3329.06,-1.61,1820072597.0,158611000000.0,csindex
2025-09-29,159915,创业板ETF,3.126,3.233,3.126,3.213,2.6846,16328471.0,5208289800.0,tencent
2025-09-29,399971,中证传媒,1544.48,1562.96,1540.05,1557.9,0.35,2820798010.0,36436000000.0,csindex
2025-09-29,510300,沪深300ETF,4.525,4.632,4.517,4.605,1.7005,11954365.0,5620190300.0,tencent
2025-09-29,931152,中证创新药产业,2149.94,2162.21,2108.71,2155.55,0.18,713556202.0,30675000000.0,csindex
2025-09-29,H30007,芯片产业,3327.17,3375.98,3266.7,3372.41,1.3,1603875314.0,148568000000.0,csindex
2025-09-30,159915,创业板ETF,3.221,3.254,3.194,3.217,0.1245,12401712.0,3995389300.0,tencent
2025-09-30,399971,中证传媒,1568.26,1572.29,1557.38,1567.55,0.62,2972309976.0,39961000000.0,csindex
2025-09-30,510300,沪深300ETF,4.611,4.627,4.597,4.618,0.2823,7403809.0,3508640000.0,tencent
2025-09-30,931152,中证创新药产业,2157.93,2202.92,2157.86,2202.33,2.17,682689029.0,32074000000.0,csindex
2025-09-30,H30007,芯片产业,3422.03,3476.27,3394.99,3441.41,2.04,1973461481.0,175458000000.0,csindex
2025-10-09,159915,创业板ETF,3.217,3.297,3.217,3.235,0.5595,17435666.0,5667232700.0,tencent
2025-10-09,399971,中证传媒,1567.93,1569.05,1534.82,1548.13,-1.24,4052532556.0,53797000000.0,csindex
2025-10-09,510300,沪深300ETF,4.631,4.713,4.627,4.693,1.6241,8970906.0,4308933400.0,tencent
2025-10-09,931152,中证创新药产业,2205.6,2207.64,2161.58,2189.96,-0.56,750480114.0,32864999999.999996,csindex
2025-10-09,H30007,芯片产业,3518.7,3665.71,3503.02,3536.67,2.77,2262220247.0,218732000000.00003,csindex
2025-10-10,159915,创业板ETF,3.201,3.217,3.072,3.095,-4.3277,22276431.0,6981652400.0,tencent
2025-10-10,399971,中证传媒,1535.89,1536.44,1496.89,1501.5,-3.01,2984399656.0,40086000000.0,csindex
2025-10-10,510300,沪深300ETF,4.664,4.671,4.581,4.596,-2.0669,11746426.0,5581932600.0,tencent
2025-10-10,931152,中证创新药产业,2178.92,2185.33,2129.21,2135.0,-2.51,761836965.0,35080000000.0,csindex
2025-10-10,H30007,芯片产业,3467.67,3490.6,3310.48,3329.9,-5.85,2143067395.0,188691000000.0,csindex
2025-10-13,159915,创业板ETF,2.952,3.073,2.951,3.054,-1.3247,22235483.0,6730538300.0,tencent
2025-10-13,399971,中证传媒,1441.93,1481.43,1441.93,1476.44,-1.67,2522218139.0,32416000000.000004,csindex
2025-10-13,510300,沪深300ETF,4.475,4.581,4.473,4.569,-0.5875,9658362.0,4499844600.0,tencent
2025-10-13,931152,中证创新药产业,2063.13,2108.06,2063.13,2087.72,-2.21,702279294.0,30016000000.000004,csindex
2025-10-13,H30007,芯片产业,3205.82,3386.38,3205.82,3379.64,1.49,2043965577.0,170315000000.0,csindex
2025-10-14,159915,创业板ETF,3.093,3.106,2.92,2.934,-3.9293,24116473.0,7241505100.0,tencent
2025-10-14,399971,中证传媒,1481.76,1495.64,1444.09,1448.97,-1.86,2518790853.0,31297000000.000004,csindex
2025-10-14,510300,沪深300ETF,4.602,4.617,4.497,4.522,-1.0287,11619095.0,5445977000.0,tencent
2025-10-14,931152,中证创新药产业,2102.32,2104.7,2019.5,2028.61,-2.83,751068793.0,31300000000.0,csindex
2025-10-14,H30007,芯片产业,3417.55,3420.03,3167.18,3192.17,-5.55,2029769421.0,179647000000.0,csindex
2025-10-15,159915,创业板ETF,2.932,3.01,2.905,3.003,2.3517,18770043.0,5552037000.0,tencent
2025-10-15,399971,中证传媒,1451.75,1458.68,1427.74,1458.52,0.66,1962391267.0,25867000000.0,csindex
2025-10-15,510300,沪深300ETF,4.525,4.592,4.504,4.583,1.349,9974013.0,4649846000.0,tencent
2025-10-15,931152,中证创新药产业,2033.57,2082.73,2018.06,2082.47,2.65,765664856.0,27243000000.0,csindex
2025-10-15,H30007,芯片产业,3185.51,3238.96,3131.31,3238.57,1.45,1586558789.0,129769000000.0,csindex
2025-10-16,159915,创业板ETF,2.984,3.044,2.978,3.014,0.3663,15488704.0,4670184500.0,tencent
2025-10-16,399971,中证传媒,1452.02,1454.05,1428.28,1432.83,-1.76,2149598591.0,23585000000.0,csindex
2025-10-16,510300,沪深300ETF,4.566,4.624,4.566,4.598,0.3273,8124633.0,3835512300.0,tencent
2025-10-16,931152,中证创新药产业,2076.44,2120.19,2068.96,2090.77,0.4,682920782.0,26350000000.0,csindex
2025-10-16,H30007,芯片产业,3216.15,3294.23,3201.7,3219.61,-0.59,1402802330.0,122200000000.0,csindex
2025-10-17,159915,创业板ETF,3.002,3.021,2.91,2.915,-3.2847,15526407.0,4576629100.0,tencent
2025-10-17,399971,中证传媒,1428.43,1438.51,1393.5,1394.89,-2.65,2277274323.0,26095000000.0,csindex
2025-10-17,510300,沪深300ETF,4.592,4.601,4.489,4.501,-2.1096,8400582.0,3909864099.9999995,tencent
2025-10-17,931152,中证创新药产业,2097.02,2102.73,2044.19,2046.63,-2.11,645659928.0,23798000000.0,csindex
2025-10-17,H30007,芯片产业,3206.05,3213.15,3090.63,3095.14,-3.86,1606460711.0,118599000000.0,csindex
2025-10-20,159915,创业板ETF,2.976,3.02,2.948,2.971,1.9211,15566787.0,4642754500.0,tencent
2025-10-20,399971,中证传媒,1411.68,1422.19,1406.41,1415.94,1.51,1922785347.0,22556000000.0,csindex
2025-10-20,510300,沪深300ETF,4.528,4.555,4.501,4.517,0.3555,7644178.0,3554256300.0,tencent
2025-10-20,931152,中证创新药产业,2067.4,2083.03,2045.76,2057.31,0.52,559737559.0,20315000000.0,csindex
2025-10-20,H30007,芯片产业,3166.87,3195.31,3096.13,3119.31,0.78,1792820586.0,118434999999.99998,csindex
2025-10-21,159915,创业板ETF,2.999,3.078,2.972,3.062,3.0629,17359633.0,5272466500.0,tencent
2025-10-21,399971,中证传媒,1415.6,1433.34,1413.14,1432.49,1.17,2033151525.0,25470000000.0,csindex
2025-10-21,510300,沪深300ETF,4.533,4.6,4.529,4.587,1.5497,9598685.0,4511372000.0,tencent
2025-10-21,931152,中证创新药产业,2063.88,2088.16,2054.54,2082.95,1.25,543199019.0,20743000000.0,csindex
2025-10-21,H30007,芯片产业,3134.19,3226.15,3120.93,3218.97,3.19,1757038757.0,127658000000.0,csindex
2025-10-22,159915,创业板ETF,3.037,3.067,3.02,3.039,-0.7511,11741287.0,3571697600.0,tencent
2025-10-22,399971,中证传媒,1425.2,1444.02,1423.18,1429.23,-0.23,1756521645.0,22522000000.0,csindex
2025-10-22,510300,沪深300ETF,4.567,4.585,4.545,4.572,-0.327,5544842.0,2601506400.0,tencent
2025-10-22,931152,中证创新药产业,2082.73,2106.29,2065.35,2066.83,-0.77,494156393.0,18519000000.0,csindex
2025-10-22,H30007,芯片产业,3178.88,3258.39,3143.11,3209.8,-0.28,1387205857.0,110414000000.00002,csindex
2025-10-23,159915,创业板ETF,3.021,3.045,2.98,3.038,-0.0329,9985458.0,3006640000.0,tencent
2025-10-23,399971,中证传媒,1427.19,1437.53,1412.15,1435.93,0.47,2060878506.0,26062000000.0,csindex
2025-10-23,510300,沪深300ETF,4.564,4.596,4.519,4.59,0.3937,6993428.0,3267824400.0,tencent
2025-10-23,931152,中证创新药产业,2060.98,2065.8,2024.89,2049.69,-0.83,526949988.0,19727000000.0,csindex
2025-10-23,H30007,芯片产业,3181.72,3196.34,3129.12,3188.62,-0.66,1147968033.0,86786000000.0,csindex
2025-10-24,159915,创业板ETF,3.069,3.147,3.058,3.147,3.5879,14948805.0,4637974100.0,tencent
2025-10-24,399971,中证传媒,1434.29,1443.05,1429.86,1443.05,0.5,2082328444.0,25888000000.0,csindex
2025-10-24,510300,沪深300ETF,4.605,4.649,4.604,4.647,1.2418,8653036.0,4110591100.0,tencent
2025-10-24,931152,中证创新药产业,2053.23,2078.27,2045.6,2059.96,0.5,545642063.0,21630000000.0,csindex
2025-10-24,H30007,芯片产业,3236.48,3362.73,3224.98,3351.82,5.12,1601247519.0,151774000000.0,csindex
2025-10-27,159915,创业板ETF,3.209,3.218,3.155,3.209,1.9701,15096685.0,4823568500.0,tencent
2025-10-27,399971,中证传媒,1457.06,1458.74,1432.88,1443.29,0.02,2677637190.0,32870000000.0,csindex
2025-10-27,510300,沪深300ETF,4.685,4.708,4.673,4.703,1.2051,7585249.0,3652922900.0,tencent
2025-10-27,931152,中证创新药产业,2093.42,2108.57,2080.2,2088.43,1.38,767277901.0,32087000000.0,csindex
2025-10-27,H30007,芯片产业,3429.62,3450.59,3352.51,3436.71,2.53,2084668577.0,173552000000.0,csindex
2025-10-28,159915,创业板ETF,3.189,3.258,3.181,3.205,-0.1246,13533297.0,4352354400.0,tencent
2025-10-28,399971,中证传媒,1440.14,1448.51,1430.05,1439.0,-0.3,2235731997.0,28741000000.000004,csindex
2025-10-28,510300,沪深300ETF,4.692,4.727,4.669,4.679,-0.5103,7259491.0,3497088800.0,tencent
2025-10-28,931152,中证创新药产业,2080.04,2085.3,2057.85,2063.11,-1.21,759101478.0,29320999999.999996,csindex
2025-10-28,H30007,芯片产业,3392.87,3465.38,3380.37,3407.07,-0.86,1691779653.0,142202000000.0,csindex
2025-10-29,159915,创业板ETF,3.235,3.3,3.234,3.3,2.9641,13701356.0,4473209100.0,tencent
2025-10-29,399971,中证传媒,1441.71,1460.53,1437.68,1460.51,1.5,2421159597.0,30660000000.000004,csindex
2025-10-29,510300,沪深300ETF,4.687,4.741,4.687,4.739,1.2823,6792784.0,3284668900.0,tencent
2025-10-29,931152,中证创新药产业,2061.28,2082.89,2045.11,2082.89,0.96,750020855.0,29181000000.0,csindex
2025-10-29,H30007,芯片产业,3390.3,3461.32,3361.75,3412.7,0.16,1478556091.0,129145000000.0,csindex
2025-10-30,159915,创业板ETF,3.296,3.308,3.235,3.239,-1.8485,14068840.0,4602035000.0,tencent
2025-10-30,399971,中证传媒,1466.24,1467.31,1437.04,1437.63,-1.57,3044853305.0,40104000000.0,csindex
2025-10-30,510300,沪深300ETF,4.735,4.751,4.693,4.7,-0.823,8164619.0,3955485300.0000005,tencent
2025-10-30,931152,中证创新药产业,2063.03,2063.03,2028.06,2028.06,-2.63,808036935.0,35222000000.0,csindex
2025-10-30,H30007,芯片产业,3416.92,3423.13,3339.08,3339.16,-2.15,1550887542.0,142741000000.0,csindex
2025-10-31,159915,创业板ETF,3.235,3.258,3.164,3.166,-2.2538,14956429.0,4795957300.0,tencent
2025-10-31,399971,中证传媒,1443.11,1485.84,1443.11,1469.04,2.18,4320676387.0,50808000000.0,csindex
2025-10-31,510300,沪深300ETF,4.696,4.703,4.632,4.633,-1.4255,14325686.0,6851751200.0,tencent
2025-10-31,931152,中证创新药产业,2029.48,2099.48,2028.11,2091.62,3.13,1119894149.0,43424000000.0,csindex
2025-10-31,H30007,芯片产业,3319.78,3323.28,3210.61,3212.03,-3.81,1441287175.0,127358999999.99998,csindex
2025-11-03,159915,创业板ETF,3.152,3.178,3.098,3.176,0.3159,12919888.0,4057838500.0,tencent
2025-11-03,399971,中证传媒,1484.39,1508.0,1484.17,1507.7,2.63,4255574538.0,50912000000.0,csindex
2025-11-03,510300,沪深300ETF,4.629,4.644,4.582,4.64,0.1511,7759881.0,3674194600.0,tencent
2025-11-03,931152,中证创新药产业,2102.42,2103.62,2060.11,2080.33,-0.54,891143409.0,35120000000.0,csindex
2025-11-03,H30007,芯片产业,3174.65,3186.23,3100.28,3184.87,-0.84,1314824211.0,108969000000.0,csindex
2025-11-04,159915,创业板ETF,3.166,3.184,3.087,3.112,-2.0151,12779003.0,3999079300.0,tencent
2025-11-04,399971,中证传媒,1502.14,1505.07,1480.0,1493.48,-0.94,3433076029.0,42774000000.0,csindex
2025-11-04,510300,沪深300ETF,4.637,4.65,4.583,4.606,-0.7328,12015243.0,5708778800.0,tencent
2025-11-04,931152,中证创新药产业,2074.22,2074.54,2021.71,2033.51,-2.25,844885136.0,30694000000.0,csindex
2025-11-04,H30007,芯片产业,3194.75,3218.26,3138.32,3156.25,-0.9,1067894764.0,93845000000.0,csindex
2025-11-05,159915,创业板ETF,3.06,3.157,3.046,3.142,0.964,13128615.0,4073292000.0,tencent
2025-11-05,399971,中证传媒,1471.22,1493.45,1466.21,1488.01,-0.37,3282087478.0,39274000000.0,csindex
2025-11-05,510300,沪深300ETF,4.569,4.628,4.545,4.612,0.1303,7633533.0,3599158900.0,tencent
2025-11-05,931152,中证创新药产业,2011.29,2047.7,2011.28,2022.9,-0.52,584868927.0,22360000000.0,csindex
2025-11-05,H30007,芯片产业,3071.67,3147.27,3071.67,3128.98,-0.86,911774384.0,80643000000.0,csindex
2025-11-06,159915,创业板ETF,3.158,3.213,3.153,3.201,1.8778,13344230.0,4251348400.0000005,tencent
2025-11-06,399971,中证传媒,1486.48,1487.75,1462.88,1474.26,-0.92,2895415792.0,34814000000.0,csindex
2025-11-06,510300,沪深300ETF,4.619,4.69,4.619,4.682,1.5178,7326649.0,3506780400.0,tencent
2025-11-06,931152,中证创新药产业,2020.44,2032.81,2013.53,2032.81,0.49,507659954.0,18651000000.0,csindex
2025-11-06,H30007,芯片产业,3172.54,3259.9,3166.04,3247.6,3.79,1088012945.0,113044000000.0,csindex
2025-11-07,159915,创业板ETF,3.184,3.218,3.155,3.185,-0.4998,9705146.0,3090346900.0,tencent
2025-11-07,399971,中证传媒,1465.12,1468.91,1455.91,1456.25,-1.22,2455282863.0,29939999999.999996,csindex
2025-11-07,510300,沪深300ETF,4.667,4.689,4.651,4.672,-0.2136,5392556.0,2584816500.0,tencent
2025-11-07,931152,中证创新药产业,2028.96,2030.78,2014.5,2015.76,-0.84,606287704.0,20175000000.0,csindex
2025-11-07,H30007,芯片产业,3202.0,3245.61,3189.14,3205.94,-1.28,1000483474.0,86071000000.0,csindex
2025-11-10,159915,创业板ETF,3.2,3.215,3.117,3.158,-0.8477,11746888.0,3697770200.0,tencent
2025-11-10,399971,中证传媒,1462.03,1470.36,1457.92,1466.85,0.73,2755228005.0,34223000000.0,csindex
2025-11-10,510300,沪深300ETF,4.674,4.688,4.64,4.684,0.2568,4483488.0,2146885000.0,tencent
2025-11-10,931152,中证创新药产业,2011.33,2036.77,2006.09,2034.68,0.94,682161835.0,24122000000.0,csindex
2025-11-10,H30007,芯片产业,3224.11,3250.68,3137.74,3191.55,-0.45,1112697238.0,105488000000.00002,csindex
2025-11-11,159915,创业板ETF,3.175,3.188,3.107,3.113,-1.425,10573098.0,3323336000.0,tencent
2025-11-11,399971,中证传媒,1464.5,1469.52,1451.35,1453.82,-0.89,2323206657.0,28998000000.0,csindex
2025-11-11,510300,沪深300ETF,4.691,4.701,4.634,4.64,-0.9394,5651936.0,2702663100.0,tencent
2025-11-11,931152,中证创新药产业,2035.51,2035.51,2013.62,2023.21,-0.56,601362737.0,18894000000.0,csindex
2025-11-11,H30007,芯片产业,3214.52,3230.96,3132.54,3136.72,-1.72,1021793766.0,96113000000.0,csindex
2025-11-12,159915,创业板ETF,3.095,3.116,3.058,3.108,-0.1606,11814661.0,3648762900.0,tencent
2025-11-12,399971,中证传媒,1450.82,1462.23,1433.49,1441.81,-0.83,2367666992.0,28866000000.000004,csindex
2025-11-12,510300,沪深300ETF,4.631,4.66,4.608,4.642,0.0431,5236907.0,2491775500.0,tencent
2025-11-12,931152,中证创新药产业,2027.66,2059.95,2026.81,2037.65,0.71,719078877.0,26164999999.999996,csindex
2025-11-12,H30007,芯片产业,3109.54,3147.25,3073.99,3120.02,-0.53,918101994.0,83545000000.0,csindex
2025-11-13,159915,创业板ETF,3.094,3.188,3.086,3.182,2.381,16018683.0,5045454800.0,tencent
2025-11-13,399971,中证传媒,1439.48,1450.55,1434.0,1450.55,0.61,2253804845.0,26426000000.0,csindex
2025-11-13,510300,沪深300ETF,4.634,4.692,4.629,4.689,1.0125,6459561.0,3096198200.0,tencent
2025-11-13,931152,中证创新药产业,2046.88,2083.83,2039.42,2082.09,2.18,738061808.0,29502000000.0,csindex
2025-11-13,H30007,芯片产业,3116.76,3190.67,3111.81,3180.35,1.93,930013652.0,93631000000.0,csindex
2025-11-14,159915,创业板ETF,3.146,3.146,3.091,3.093,-2.797,12217523.0,3818689099.9999995,tencent
2025-11-14,399971,中证传媒,1438.97,1443.6,1420.7,1420.78,-2.05,2265152317.0,26417000000.0,csindex
2025-11-14,510300,沪深300ETF,4.662,4.673,4.616,4.618,-1.5142,5936317.0,2832605900.0000005,tencent
2025-11-14,931152,中证创新药产业,2071.23,2101.89,2066.3,2073.7,-0.4,734839571.0,25788000000.0,csindex
2025-11-14,H30007,芯片产业,3118.34,3136.61,3064.3,3064.3,-3.65,972924820.0,91927000000.0,csindex
2025-11-17,159915,创业板ETF,3.074,3.101,3.06,3.084,-0.291,9828891.0,3024962800.0000005,tencent
2025-11-17,399971,中证传媒,1415.53,1441.6,1412.06,1436.54,1.11,2951648389.0,32461000000.0,csindex
2025-11-17,510300,沪深300ETF,4.607,4.617,4.568,4.587,-0.6713,7524669.0,3545084099.9999995,tencent
2025-11-17,931152,中证创新药产业,2067.29,2067.71,2018.97,2029.45,-2.13,700944985.0,23247000000.0,csindex
2025-11-17,H30007,芯片产业,3070.42,3120.93,3039.63,3058.28,-0.2,800577409.0,78817000000.0,csindex
2025-11-18,159915,创业板ETF,3.069,3.095,3.032,3.051,-1.07,12524587.0,3834326400.0,tencent
2025-11-18,399971,中证传媒,1432.68,1474.81,1431.7,1467.23,2.14,4636330708.0,49787000000.0,csindex
2025-11-18,510300,沪深300ETF,4.577,4.594,4.541,4.56,-0.5886,8568239.0,4018390200.0,tencent
2025-11-18,931152,中证创新药产业,2026.26,2040.0,2009.06,2016.75,-0.63,524669724.0,18238000000.0,csindex
2025-11-18,H30007,芯片产业,3049.12,3126.06,3041.61,3080.05,0.71,842097006.0,83971000000.0,csindex
2025-11-19,159915,创业板ETF,3.051,3.092,3.041,3.057,0.1967,13254195.0,4059815500.0,tencent
2025-11-19,399971,中证传媒,1462.86,1462.86,1428.44,1434.75,-2.21,3441089436.0,37757000000.0,csindex
2025-11-19,510300,沪深300ETF,4.555,4.594,4.555,4.574,0.307,8569615.0,4026545600.0,tencent
2025-11-19,931152,中证创新药产业,2012.47,2017.59,1989.89,1996.47,-1.0,483436468.0,16422999999.999998,csindex
2025-11-19,H30007,芯片产业,3068.1,3097.57,3035.14,3049.08,-1.0,780833162.0,66421000000.0,csindex
2025-11-20,159915,创业板ETF,3.106,3.113,3.019,3.026,-1.0141,13808023.0,4222309800.0,tencent
2025-11-20,399971,中证传媒,1440.5,1441.59,1416.39,1416.87,-1.25,2360578180.0,26344000000.0,csindex
2025-11-20,510300,沪深300ETF,4.601,4.606,4.55,4.553,-0.4591,5619395.0,2644705300.0000005,tencent
2025-11-20,931152,中证创新药产业,2005.97,2016.65,1990.09,1992.2,-0.21,469689434.0,15469999999.999998,csindex
2025-11-20,H30007,芯片产业,3100.01,3103.97,3008.67,3010.5,-1.26,713711928.0,63647000000.0,csindex
2025-11-21,159915,创业板ETF,2.99,2.99,2.903,2.904,-4.0317,23813254.0,7001980000.0,tencent
2025-11-21,399971,中证传媒,1404.89,1439.38,1399.85,1414.01,-0.2,3805683006.0,47055000000.0,csindex
2025-11-21,510300,沪深300ETF,4.522,4.531,4.439,4.441,-2.4599,14964004.0,6884359900.0,tencent
2025-11-21,931152,中证创新药产业,1982.75,2001.05,1937.65,1945.43,-2.35,640333912.0,21355000000.0,csindex
2025-11-21,H30007,芯片产业,2935.67,2958.48,2885.3,2885.3,-4.16,965812662.0,83059000000.0,csindex
2025-11-24,159915,创业板ETF,2.925,2.932,2.873,2.908,0.1377,15108009.0,4394186400.0,tencent
2025-11-24,399971,中证传媒,1423.5,1476.08,1406.77,1462.51,3.43,4781399234.0,62895000000.00001,csindex
2025-11-24,510300,沪深300ETF,4.456,4.462,4.41,4.434,-0.1576,11557477.0,5269730500.0,tencent
2025-11-24,931152,中证创新药产业,1957.12,1980.38,1951.41,1975.82,1.56,481061838.0,17749000000.0,csindex
2025-11-24,H30007,芯片产业,2905.65,2940.47,2853.02,2914.64,1.02,796065515.0,73162000000.0,csindex
2025-11-25,159915,创业板ETF,2.951,3.008,2.94,2.961,1.8226,21847137.0,6485664200.0,tencent
2025-11-25,399971,中证传媒,1465.54,1509.77,1465.54,1499.45,2.53,5418720969.0,75464000000.0,csindex
2025-11-25,510300,沪深300ETF,4.457,4.5,4.456,4.474,0.9021,8959406.0,4120829600.0,tencent
2025-11-25,931152,中证创新药产业,1980.54,2004.07,1970.15,1985.01,0.46,471592383.0,17417000000.0,csindex
2025-11-25,H30007,芯片产业,2950.5,2989.78,2931.49,2944.36,1.02,839249881.0,75751000000.0,csindex
2025-11-26,159915,创业板ETF,2.955,3.061,2.943,3.027,2.229,18263483.0,5496575400.0,tencent
2025-11-26,399971,中证传媒,1495.65,1506.17,1478.61,1481.58,-1.19,3791506608.0,53007000000.00001,csindex
2025-11-26,510300,沪深300ETF,4.477,4.523,4.471,4.503,0.6482,9140793.0,4228349400.0,tencent
2025-11-26,931152,中证创新药产业,1989.73,2031.9,1989.73,2007.65,1.14,544499845.0,20337000000.0,csindex
2025-11-26,H30007,芯片产业,2924.74,3016.31,2916.21,2986.59,1.43,832152616.0,80227000000.0,csindex
2025-11-27,159915,创业板ETF,3.018,3.093,3.007,3.012,-0.4955,12497687.0,3812794600.0,tencent
2025-11-27,399971,中证传媒,1478.14,1496.04,1459.67,1461.64,-1.35,3056763858.0,41991000000.0,csindex
2025-11-27,510300,沪深300ETF,4.506,4.551,4.495,4.499,-0.0888,4793694.0,2226374800.0,tencent
2025-11-27,931152,中证创新药产业,2000.01,2006.08,1985.37,1993.1,-0.72,407541285.0,16826000000.0,csindex
2025-11-27,H30007,芯片产业,3012.75,3087.46,2984.69,2989.82,0.11,927324079.0,88587000000.0,csindex
2025-11-28,159915,创业板ETF,3.008,3.048,2.993,3.035,0.7636,9092535.0,2745371300.0,tencent
2025-11-28,399971,中证传媒,1458.66,1478.03,1455.57,1465.75,0.28,2858367774.0,39379000000.0,csindex
2025-11-28,510300,沪深300ETF,4.498,4.519,4.48,4.512,0.289,5192341.0,2403092700.0,tencent
2025-11-28,931152,中证创新药产业,1994.14,1994.9,1978.87,1993.47,0.02,374155973.0,14116999999.999998,csindex
2025-11-28,H30007,芯片产业,2978.14,3035.91,2962.99,3028.14,1.28,750407919.0,69268000000.0,csindex
2025-12-01,159915,创业板ETF,3.044,3.074,3.017,3.073,1.2521,10046772.0,3065143100.0,tencent
2025-12-01,399971,中证传媒,1469.98,1479.94,1462.56,1476.09,0.71,2951639221.0,38516000000.0,csindex
2025-12-01,510300,沪深300ETF,4.523,4.565,4.516,4.564,1.1525,5783014.0,2698559000.0,tencent
2025-12-01,931152,中证创新药产业,1995.19,2001.18,1986.87,2001.18,0.39,437134835.0,16363000000.0,csindex
2025-12-01,H30007,芯片产业,3038.11,3089.77,2993.07,3087.93,1.97,1116223500.0,97852000000.0,csindex
2025-12-02,159915,创业板ETF,3.075,3.075,3.036,3.052,-0.6834,6232246.0,1904764500.0,tencent
2025-12-02,399971,中证传媒,1475.77,1475.77,1444.98,1447.8,-1.92,2632220543.0,34878000000.0,csindex
2025-12-02,510300,沪深300ETF,4.563,4.563,4.528,4.543,-0.4601,3834449.0,1790232000.0,tencent
2025-12-02,931152,中证创新药产业,1996.97,1998.02,1966.24,1968.45,-1.63,398731417.0,15105000000.000002,csindex
2025-12-02,H30007,芯片产业,3078.93,3089.79,3025.54,3039.26,-1.58,821532246.0,69182000000.0,csindex
2025-12-03,159915,创业板ETF,3.058,3.086,3.01,3.019,-1.0813,7761190.0,2361211700.0,tencent
2025-12-03,399971,中证传媒,1445.54,1447.39,1408.34,1412.43,-2.44,2528327344.0,31525000000.0,csindex
2025-12-03,510300,沪深300ETF,4.542,4.561,4.512,4.522,-0.4622,3950348.0,1840202200.0,tencent
2025-12-03,931152,中证创新药产业,1967.93,1975.37,1948.67,1956.69,-0.6,446993742.0,15585000000.0,csindex
2025-12-03,H30007,芯片产业,3035.92,3056.96,3004.61,3017.68,-0.71,775921665.0,63972000000.0,csindex
2025-12-04,159915,创业板ETF,3.014,3.056,2.997,3.051,1.06,8084380.0,2449923900.0,tencent
2025-12-04,399971,中证传媒,1411.32,1418.95,1402.33,1408.54,-0.27,2062140317.0,24977000000.0,csindex
2025-12-04,510300,沪深300ETF,4.525,4.548,4.505,4.534,0.2654,4026188.0,1871831900.0,tencent
2025-12-04,931152,中证创新药产业,1959.54,1973.89,1955.48,1970.55,0.71,366093561.0,13311000000.000002,csindex
2025-12-04,H30007,芯片产业,3001.32,3077.07,2974.3,3074.61,1.89,782714489.0,73448000000.0,csindex
2025-12-05,159915,创业板ETF,3.063,3.098,3.028,3.089,1.2455,8738437.0,2681407800.0000005,tencent
2025-12-05,399971,中证传媒,1408.2,1420.05,1398.12,1418.33,0.69,2040633762.0,24728000000.0,csindex
2025-12-05,510300,沪深300ETF,4.533,4.587,4.52,4.575,0.9043,6872031.0,3217071400.0,tencent
2025-12-05,931152,中证创新药产业,1973.25,1976.08,1949.6,1975.61,0.26,388601608.0,14494999999.999998,csindex
2025-12-05,H30007,芯片产业,3057.32,3080.09,3017.32,3064.05,-0.34,730352919.0,68244000000.00001,csindex
2025-12-08,159915,创业板ETF,3.101,3.194,3.099,3.171,2.6546,12681256.0,4001557900.0,tencent
2025-12-08,399971,中证传媒,1420.11,1438.47,1420.08,1430.54,0.86,2625295287.0,31307000000.0,csindex
2025-12-08,510300,沪深300ETF,4.588,4.631,4.586,4.609,0.7432,8263438.0,3908784400.0,tencent
2025-12-08,931152,中证创新药产业,1987.26,1998.06,1973.15,1978.78,0.16,444708817.0,18076000000.0,csindex
2025-12-08,H30007,芯片产业,3062.94,3166.18,3062.94,3141.34,2.52,958702915.0,95097000000.0,csindex
2025-12-09,159915,创业板ETF,3.168,3.215,3.153,3.188,0.5361,10825661.0,3451146100.0,tencent
2025-12-09,399971,中证传媒,1427.27,1439.74,1418.34,1420.57,-0.7,2232827805.0,26672000000.000004,csindex
2025-12-09,510300,沪深300ETF,4.604,4.616,4.571,4.585,-0.5207,7001055.0,3302885900.0000005,tencent
2025-12-09,931152,中证创新药产业,1979.57,2005.18,1971.25,1972.46,-0.32,484312158.0,18938000000.0,csindex
2025-12-09,H30007,芯片产业,3110.53,3165.51,3106.68,3132.3,-0.29,1005003631.0,84878000000.0,csindex
2025-12-10,159915,创业板ETF,3.185,3.2,3.124,3.192,0.1255,8529586.0,2694949400.0,tencent
2025-12-10,399971,中证传媒,1415.82,1434.41,1408.75,1432.64,0.85,2091471022.0,26194000000.0,csindex
2025-12-10,510300,沪深300ETF,4.577,4.586,4.535,4.579,-0.1309,6207764.0,2903153600.0,tencent
2025-12-10,931152,中证创新药产业,1970.95,1979.23,1949.51,1976.58,0.21,440620233.0,15921000000.0,csindex
2025-12-10,H30007,芯片产业,3112.33,3141.35,3065.99,3133.26,0.03,896230350.0,79068000000.0,csindex
2025-12-11,159915,创业板ETF,3.192,3.226,3.145,3.146,-1.4411,9362313.0,2993222500.0,tencent
2025-12-11,399971,中证传媒,1431.41,1431.41,1408.07,1408.45,-1.69,2292441963.0,27176000000.0,csindex
2025-12-11,510300,沪深300ETF,4.585,4.599,4.539,4.545,-0.7425,6199443.0,2910601700.0,tencent
2025-12-11,931152,中证创新药产业,1979.72,1992.0,1968.71,1970.43,-0.31,497733923.0,18247000000.0,csindex
2025-12-11,H30007,芯片产业,3143.95,3144.62,3082.38,3083.06,-1.6,842286710.0,77237000000.0,csindex
2025-12-12,159915,创业板ETF,3.152,3.186,3.12,3.174,0.89,10110131.0,3194779900.0,tencent
2025-12-12,399971,中证传媒,1406.79,1426.79,1404.38,1423.57,1.07,2562927331.0,29052999999.999996,csindex
2025-12-12,510300,沪深300ETF,4.555,4.579,4.525,4.571,0.5721,8671539.0,4057237300.0,tencent
2025-12-12,931152,中证创新药产业,1968.77,1976.09,1947.44,1974.54,0.21,638367464.0,23537000000.0,csindex
2025-12-12,H30007,芯片产业,3079.05,3149.54,3046.28,3139.28,1.82,1271514258.0,118644000000.0,csindex
2025-12-15,159915,创业板ETF,3.14,3.167,3.119,3.12,-1.7013,7984532.0,2506448300.0,tencent
2025-12-15,399971,中证传媒,1413.35,1418.94,1401.77,1402.72,-1.46,2048458905.0,24039000000.0,csindex
2025-12-15,510300,沪深300ETF,4.551,4.589,4.427,4.544,-0.5907,6917855.0,3241015100.0,tencent
2025-12-15,931152,中证创新药产业,1963.41,1965.45,1934.44,1934.44,-2.03,527776805.0,20147000000.0,csindex
2025-12-15,H30007,芯片产业,3099.83,3129.39,3050.15,3052.44,-2.77,848674263.0,79879000000.0,csindex
2025-12-16,159915,创业板ETF,3.112,3.125,3.043,3.06,-1.9231,13098987.0,4025761900.0,tencent
2025-12-16,399971,中证传媒,1397.94,1398.57,1362.87,1368.42,-2.45,2004612999.0,22800000000.0,csindex
2025-12-16,510300,沪深300ETF,4.537,4.544,4.478,4.497,-1.0343,7693550.0,3559031599.9999995,tencent
2025-12-16,931152,中证创新药产业,1932.84,1937.56,1895.94,1897.6,-1.9,523391467.0,18910000000.0,csindex
2025-12-16,H30007,芯片产业,3042.07,3059.52,2974.88,2995.14,-1.88,739512152.0,68033000000.00001,csindex
2025-12-17,159915,创业板ETF,3.057,3.165,3.054,3.164,3.3987,15861637.0,4937699300.0,tencent
2025-12-17,399971,中证传媒,1368.39,1404.57,1368.39,1402.22,2.47,1998274889.0,25173000000.0,csindex
2025-12-17,510300,沪深300ETF,4.496,4.592,4.493,4.576,1.7567,10856133.0,5079203100.0,tencent
2025-12-17,931152,中证创新药产业,1897.73,1931.43,1891.26,1925.16,1.45,555358610.0,18036000000.0,csindex
2025-12-17,H30007,芯片产业,2994.85,3075.11,2979.13,3067.57,2.42,789407921.0,70283000000.0,csindex
2025-12-18,159915,创业板ETF,3.134,3.14,3.092,3.092,-2.2756,13805174.0,4297352300.0,tencent
2025-12-18,399971,中证传媒,1394.85,1429.28,1393.58,1410.52,0.59,2042461481.0,25218000000.0,csindex
2025-12-18,510300,沪深300ETF,4.56,4.569,4.538,4.545,-0.6774,6780189.0,3169750200.0,tencent
2025-12-18,931152,中证创新药产业,1917.79,1935.17,1915.31,1915.31,-0.51,422069824.0,14128000000.0,csindex
2025-12-18,H30007,芯片产业,3043.93,3076.2,3039.91,3040.18,-0.89,664811817.0,63849000000.0,csindex
2025-12-19,159915,创业板ETF,3.118,3.141,3.096,3.107,0.4851,10670931.0,3326085600.0,tencent
2025-12-19,399971,中证传媒,1415.37,1430.26,1403.18,1426.15,1.11,2102173818.0,25466000000.0,csindex
2025-12-19,510300,沪深300ETF,4.557,4.591,4.543,4.565,0.44,8317889.0,3901916800.0,tencent
2025-12-19,931152,中证创新药产业,1918.34,1960.52,1917.43,1949.18,1.77,529275540.0,20044000000.0,csindex
2025-12-19,H30007,芯片产业,3069.13,3079.11,3030.32,3031.03,-0.3,675847694.0,61808000000.00001,csindex
2025-12-22,159915,创业板ETF,3.135,3.18,3.135,3.175,2.1886,13260799.0,4197241599.9999995,tencent
2025-12-22,399971,中证传媒,1425.99,1428.03,1414.89,1418.86,-0.51,1988402256.0,23840000000.0,csindex
2025-12-22,510300,沪深300ETF,4.579,4.612,4.579,4.607,0.92,8371220.0,3956863500.0,tencent
2025-12-22,931152,中证创新药产业,1947.94,1954.76,1935.2,1944.19,-0.26,466649626.0,16640000000.0,csindex
2025-12-22,H30007,芯片产业,3047.57,3125.77,3047.57,3118.99,2.9,894215112.0,82077000000.0,csindex
2025-12-23,159915,创业板ETF,3.18,3.21,3.166,3.185,0.315,9460188.0,3015016500.0,tencent
2025-12-23,399971,中证传媒,1418.21,1429.94,1411.06,1420.04,0.08,1804524332.0,21894000000.0,csindex
2025-12-23,510300,沪深300ETF,4.612,4.64,4.603,4.617,0.2171,8083405.0,3833240600.0,tencent
2025-12-23,931152,中证创新药产业,1945.77,1957.8,1937.04,1940.45,-0.19,409576880.0,14813999999.999998,csindex
2025-12-23,H30007,芯片产业,3114.87,3171.09,3113.97,3147.67,0.92,841155351.0,81459000000.0,csindex
2025-12-24,159915,创业板ETF,3.194,3.219,3.177,3.212,0.8477,7828621.0,2505014100.0,tencent
2025-12-24,399971,中证传媒,1416.76,1424.96,1404.81,1423.9,0.27,2235170946.0,24332000000.0,csindex
2025-12-24,510300,沪深300ETF,4.617,4.642,4.603,4.634,0.3682,5334294.0,2531260600.0,tencent
2025-12-24,931152,中证创新药产业,1940.01,1950.71,1932.76,1939.99,-0.02,382317647.0,14038000000.0,csindex
2025-12-24,H30007,芯片产业,3159.25,3193.05,3137.23,3189.15,1.32,896442966.0,83421000000.0,csindex
2025-12-25,159915,创业板ETF,3.21,3.234,3.184,3.222,0.3113,8825070.0,2835992199.9999995,tencent
2025-12-25,399971,中证传媒,1422.07,1433.22,1419.29,1431.07,0.5,2013638738.0,23286000000.0,csindex
2025-12-25,510300,沪深300ETF,4.627,4.654,4.621,4.643,0.1942,4272443.0,2033628700.0,tencent
2025-12-25,931152,中证创新药产业,1940.38,1948.43,1932.97,1945.48,0.28,367739503.0,13600000000.0,csindex
2025-12-25,H30007,芯片产业,3183.64,3212.03,3159.68,3189.29,0.0,890576434.0,78130000000.0,csindex
2025-12-26,159915,创业板ETF,3.222,3.252,3.202,3.226,0.1241,9532784.0,3075750300.0000005,tencent
2025-12-26,399971,中证传媒,1428.71,1439.5,1420.47,1430.95,-0.01,2056665630.0,23757000000.0,csindex
2025-12-26,510300,沪深300ETF,4.643,4.678,4.632,4.661,0.3877,8160801.0,3902900800.0,tencent
2025-12-26,931152,中证创新药产业,1944.31,1951.07,1933.19,1944.41,-0.06,396556497.0,14587000000.0,csindex
2025-12-26,H30007,芯片产业,3178.83,3213.53,3157.64,3176.02,-0.42,890019813.0,79086000000.0,csindex
2025-12-29,159915,创业板ETF,3.217,3.234,3.19,3.205,-0.651,9520732.0,3055961800.0,tencent
2025-12-29,399971,中证传媒,1430.39,1436.73,1423.68,1426.7,-0.3,2066954611.0,24006000000.0,csindex
2025-12-29,510300,沪深300ETF,4.657,4.671,4.626,4.64,-0.4505,8529050.0,4069832500.0,tencent
2025-12-29,931152,中证创新药产业,1942.57,1942.57,1913.26,1915.64,-1.48,483232336.0,17386000000.0,csindex
2025-12-29,H30007,芯片产业,3175.93,3227.76,3165.88,3179.68,0.11,933538527.0,88403000000.0,csindex
2025-12-30,159915,创业板ETF,3.19,3.234,3.19,3.229,0.7488,11809655.0,3800220000.0,tencent
2025-12-30,399971,中证传媒,1429.86,1451.62,1428.7,1436.93,0.72,3043837748.0,36553000000.0,csindex
2025-12-30,510300,沪深300ETF,4.623,4.667,4.619,4.65,0.2155,4772242.0,2275508800.0,tencent
2025-12-30,931152,中证创新药产业,1909.25,1910.09,1891.48,1902.38,-0.69,459536168.0,17202000000.0,csindex
2025-12-30,H30007,芯片产业,3181.37,3243.39,3181.37,3213.36,1.06,893929369.0,91206000000.0,csindex
2025-12-31,159915,创业板ETF,3.23,3.239,3.182,3.186,-1.3317,7178897.0,2302045800.0,tencent
2025-12-31,399971,中证传媒,1437.97,1482.91,1437.94,1472.16,2.45,4378256042.0,49881000000.0,csindex
2025-12-31,510300,沪深300ETF,4.654,4.666,4.619,4.63,-0.4301,6668292.0,3175879400.0,tencent
2025-12-31,931152,中证创新药产业,1900.87,1908.76,1889.98,1894.16,-0.43,426393484.0,16269999999.999998,csindex
2025-12-31,H30007,芯片产业,3245.84,3248.24,3161.08,3166.63,-1.45,804413891.0,77014000000.0,csindex
2026-01-05,159915,创业板ETF,3.215,3.281,3.21,3.281,2.9818,10935771.0,3551323000.0,tencent
2026-01-05,399971,中证传媒,1491.59,1539.18,1489.62,1536.66,4.38,5983290619.0,69798000000.0,csindex
2026-01-05,510300,沪深300ETF,4.66,4.725,4.657,4.721,1.9654,10171325.0,4902061800.0,tencent
2026-01-05,931152,中证创新药产业,1898.93,1973.9,1892.68,1966.83,3.84,876269160.0,35402000000.0,csindex
2026-01-05,H30007,芯片产业,3216.04,3319.75,3216.04,3319.52,4.83,1282304308.0,125358000000.0,csindex
2026-01-06,159915,创业板ETF,3.278,3.305,3.249,3.303,0.6705,13170598.0,4324236400.0,tencent
2026-01-06,399971,中证传媒,1542.69,1571.89,1541.01,1567.24,1.99,6163071445.0,74025000000.0,csindex
2026-01-06,510300,沪深300ETF,4.727,4.797,4.725,4.796,1.5886,10523015.0,5141603600.0,tencent
2026-01-06,931152,中证创新药产业,1973.42,1977.2,1955.48,1976.43,0.49,647181131.0,24875000000.0,csindex
2026-01-06,H30007,芯片产业,3317.46,3424.91,3313.51,3395.67,2.29,1400946803.0,136389000000.00002,csindex
2026-01-07,159915,创业板ETF,3.311,3.336,3.281,3.311,0.2422,12270467.0,4059296400.0,tencent
2026-01-07,399971,中证传媒,1576.44,1606.31,1570.93,1579.76,0.8,5323433113.0,64988000000.0,csindex
2026-01-07,510300,沪深300ETF,4.797,4.804,4.753,4.778,-0.3753,9334026.0,4578481100.0,tencent
2026-01-07,931152,中证创新药产业,1976.05,2016.03,1975.88,2006.1,1.5,709560729.0,29623000000.0,csindex
2026-01-07,H30007,芯片产业,3461.2,3485.3,3416.96,3459.37,1.87,1545595564.0,152943000000.0,csindex
2026-01-08,159915,创业板ETF,3.291,3.313,3.27,3.287,-0.7249,11039130.0,3632320900.0000005,tencent
2026-01-08,399971,中证传媒,1582.12,1635.54,1570.93,1617.34,2.38,7167196281.0,84548000000.0,csindex
2026-01-08,510300,沪深300ETF,4.765,4.771,4.72,4.74,-0.7953,6827198.0,3324674400.0,tencent
2026-01-08,931152,中证创新药产业,2015.11,2027.03,1999.96,2008.16,0.1,685752177.0,26566000000.000004,csindex
2026-01-08,H30007,芯片产业,3448.58,3543.07,3448.26,3474.06,0.42,1225087607.0,135754000000.0,csindex
2026-01-09,159915,创业板ETF,3.269,3.315,3.253,3.314,0.8214,15451463.0,5087072600.0,tencent
2026-01-09,399971,中证传媒,1617.95,1709.56,1617.95,1706.95,5.54,7816701797.0,109633000000.0,csindex
2026-01-09,510300,沪深300ETF,4.734,4.78,4.721,4.762,0.4641,11348553.0,5535581899.999999,tencent
2026-01-09,931152,中证创新药产业,2007.78,2040.98,1999.58,2038.6,1.52,832978525.0,29568000000.0,csindex
2026-01-09,H30007,芯片产业,3440.77,3500.81,3412.52,3491.95,0.51,1430313748.0,128799000000.0,csindex
2026-01-12,159915,创业板ETF,3.314,3.387,3.267,3.371,1.72,21937201.0,7314374500.0,tencent
2026-01-12,399971,中证传媒,1774.24,1866.32,1774.24,1866.04,9.32,7159030913.0,114626000000.0,csindex
2026-01-12,510300,沪深300ETF,4.77,4.806,4.738,4.79,0.588,13330753.0,6529675000.0,tencent
2026-01-12,931152,中证创新药产业,2042.62,2053.01,2018.96,2035.79,-0.14,845365703.0,30547000000.000004,csindex
2026-01-12,H30007,芯片产业,3523.64,3565.36,3492.31,3558.14,1.9,1671011256.0,149547000000.0,csindex
2026-01-13,159915,创业板ETF,3.372,3.402,3.291,3.306,-1.9282,19314673.0,6466148000.0,tencent
2026-01-13,399971,中证传媒,1955.28,1957.91,1874.95,1895.85,1.6,10484236358.0,179391000000.0,csindex
2026-01-13,510300,沪深300ETF,4.799,4.842,4.753,4.773,-0.3549,12717832.0,6249488300.0,tencent
2026-01-13,931152,中证创新药产业,2053.43,2101.97,2053.43,2066.42,1.5,1194924796.0,46358000000.0,csindex
2026-01-13,H30007,芯片产业,3540.29,3567.77,3416.63,3434.83,-3.47,1567929937.0,135083000000.0,csindex
2026-01-14,159915,创业板ETF,3.307,3.388,3.292,3.332,0.7864,28740079.0,9606956800.0,tencent
2026-01-14,399971,中证传媒,1882.62,2005.26,1882.62,1943.72,2.53,10751322892.0,181263000000.0,csindex
2026-01-14,510300,沪深300ETF,4.773,4.826,4.718,4.743,-0.6285,21367223.0,10465332600.0,tencent
2026-01-14,931152,中证创新药产业,2062.84,2096.57,2018.27,2040.92,-1.23,1146655616.0,42100000000.0,csindex
2026-01-14,H30007,芯片产业,3463.38,3553.91,3449.33,3492.56,1.68,1499881176.0,152700000000.0,csindex
2026-01-15,159915,创业板ETF,3.306,3.359,3.293,3.352,0.6002,38865233.0,12904865500.0,tencent
2026-01-15,399971,中证传媒,1907.37,1922.49,1863.27,1889.62,-2.78,9052891433.0,135940000000.00002,csindex
2026-01-15,510300,沪深300ETF,4.726,4.771,4.72,4.752,0.1898,52171489.0,25390672700.0,tencent
2026-01-15,931152,中证创新药产业,2033.87,2057.23,2019.35,2024.93,-0.78,671666059.0,26110000000.000004,csindex
2026-01-15,H30007,芯片产业,3476.16,3546.67,3441.4,3546.67,1.55,1376080640.0,131754000000.0,csindex
2026-01-16,159915,创业板ETF,3.382,3.394,3.337,3.346,-0.179,40925188.0,13720977200.0,tencent
2026-01-16,399971,中证传媒,1846.73,1853.35,1786.6,1791.23,-5.21,4629243185.0,71955000000.0,csindex
2026-01-16,510300,沪深300ETF,4.782,4.796,4.715,4.736,-0.3367,53201665.0,25922582400.000004,tencent
2026-01-16,931152,中证创新药产业,2028.73,2041.24,2002.71,2009.24,-0.77,665976588.0,26008999999.999996,csindex
2026-01-16,H30007,芯片产业,3593.8,3705.93,3583.44,3673.29,3.57,2474038287.0,200659000000.0,csindex
2026-01-19,159915,创业板ETF,3.327,3.369,3.31,3.318,-0.8368,19437418.0,6480798700.0,tencent
2026-01-19,399971,中证传媒,1764.51,1789.23,1764.51,1771.99,-1.07,5389981636.0,72258000000.0,csindex
2026-01-19,510300,沪深300ETF,4.737,4.769,4.718,4.738,0.0422,29134399.0,13792576399.999998,tencent
2026-01-19,931152,中证创新药产业,2002.59,2010.42,1978.54,1988.34,-1.04,608334015.0,23807000000.0,csindex
2026-01-19,H30007,芯片产业,3682.57,3701.25,3646.59,3659.78,-0.37,1939560803.0,159025000000.0,csindex
2026-01-20,159915,创业板ETF,3.319,3.335,3.242,3.263,-1.6576,23282675.0,7628206600.0,tencent
2026-01-20,399971,中证传媒,1785.14,1791.24,1745.64,1759.19,-0.72,4906818573.0,73156000000.0,csindex
2026-01-20,510300,沪深300ETF,4.735,4.751,4.688,4.724,-0.2955,28867656.0,13613769400.0,tencent
2026-01-20,931152,中证创新药产业,1987.14,1994.45,1958.22,1966.56,-1.09,652314889.0,23531000000.0,csindex
2026-01-20,H30007,芯片产业,3648.87,3723.85,3609.52,3636.39,-0.64,1721671117.0,153798000000.0,csindex
2026-01-21,159915,创业板ETF,3.243,3.315,3.242,3.281,0.5516,11950615.0,3933094000.0,tencent
2026-01-21,399971,中证传媒,1732.34,1768.75,1725.31,1747.45,-0.67,4294842836.0,67575000000.0,csindex
2026-01-21,510300,沪深300ETF,4.709,4.764,4.709,4.73,0.127,49039740.0,23207895500.0,tencent
2026-01-21,931152,中证创新药产业,1963.13,1984.69,1952.35,1962.94,-0.18,608026990.0,22500000000.0,csindex
2026-01-21,H30007,芯片产业,3632.12,3806.25,3629.92,3780.94,3.98,2280060492.0,196098000000.0,csindex
2026-01-22,159915,创业板ETF,3.298,3.323,3.264,3.315,1.0363,17919800.0,5894354100.0,tencent
2026-01-22,399971,中证传媒,1733.44,1764.13,1733.44,1747.69,0.01,4274189747.0,65766999999.99999,csindex
2026-01-22,510300,沪深300ETF,4.741,4.76,4.703,4.727,-0.0634,43163442.0,20376067900.0,tencent
2026-01-22,931152,中证创新药产业,1966.67,1973.79,1935.85,1941.33,-1.1,587939261.0,22748000000.0,csindex
2026-01-22,H30007,芯片产业,3868.91,3879.47,3724.75,3754.66,-0.69,2475360823.0,197287000000.0,csindex
2026-01-23,159915,创业板ETF,3.322,3.337,3.304,3.337,0.6637,9079939.0,3018742900.0,tencent
2026-01-23,399971,中证传媒,1752.55,1808.95,1742.47,1795.12,2.71,7461247415.0,101963000000.0,csindex
2026-01-23,510300,沪深300ETF,4.732,4.742,4.687,4.704,-0.4866,67693781.0,31834663600.0,tencent
2026-01-23,931152,中证创新药产业,1947.89,1970.46,1943.58,1961.0,1.01,785782844.0,27052000000.0,csindex
2026-01-23,H30007,芯片产业,3718.2,3765.14,3683.37,3758.41,0.1,2247116550.0,172113000000.0,csindex
2026-01-26,159915,创业板ETF,3.352,3.355,3.292,3.305,-0.9589,16782457.0,5559095500.0,tencent
2026-01-26,399971,中证传媒,1800.46,1801.78,1724.26,1753.57,-2.31,6513669523.0,91776000000.0,csindex
2026-01-26,510300,沪深300ETF,4.712,4.76,4.694,4.712,0.1701,59398529.0,28002364900.000004,tencent
2026-01-26,931152,中证创新药产业,1966.7,1979.2,1936.43,1968.35,0.37,1323517269.0,37318000000.0,csindex
2026-01-26,H30007,芯片产业,3749.36,3789.61,3658.17,3666.45,-2.45,1921536162.0,154096000000.0,csindex
2026-01-27,159915,创业板ETF,3.31,3.352,3.263,3.327,0.6657,17652715.0,5853388000.0,tencent
2026-01-27,399971,中证传媒,1758.85,1776.66,1732.13,1773.14,1.12,5722595614.0,83799000000.0,csindex
2026-01-27,510300,沪深300ETF,4.712,4.742,4.679,4.71,-0.0424,43391350.0,20450057600.0,tencent
2026-01-27,931152,中证创新药产业,1972.51,1972.51,1918.06,1942.04,-1.34,1159546030.0,33117000000.0,csindex
2026-01-27,H30007,芯片产业,3656.21,3760.48,3605.44,3743.98,2.11,2185088892.0,163808000000.0,csindex
2026-01-28,159915,创业板ETF,3.342,3.345,3.29,3.307,-0.6011,19496402.0,6465046700.0,tencent
2026-01-28,399971,中证传媒,1770.32,1784.47,1742.74,1742.74,-1.71,5791763860.0,85663000000.0,csindex
2026-01-28,510300,沪深300ETF,4.725,4.743,4.704,4.725,0.3185,84977823.0,40100175400.0,tencent
2026-01-28,931152,中证创新药产业,1941.31,1944.65,1915.51,1917.86,-1.24,891722627.0,29488000000.0,csindex
2026-01-28,H30007,芯片产业,3782.43,3839.23,3741.52,3797.31,1.42,2569405536.0,189533000000.0,csindex
2026-01-29,159915,创业板ETF,3.297,3.342,3.284,3.292,-0.4536,16261187.0,5378675100.0,tencent
2026-01-29,399971,中证传媒,1723.99,1862.21,1723.63,1815.94,4.2,8182855700.0,127852000000.0,csindex
2026-01-29,510300,沪深300ETF,4.724,4.779,4.704,4.768,0.9101,35456647.0,16773879600.0,tencent
2026-01-29,931152,中证创新药产业,1912.05,1929.43,1897.77,1924.32,0.34,864020829.0,30614000000.0,csindex
2026-01-29,H30007,芯片产业,3788.33,3803.76,3639.42,3641.26,-4.11,2072240811.0,162016000000.0,csindex
2026-01-30,159915,创业板ETF,3.286,3.355,3.241,3.335,1.3062,12918381.0,4271421100.0,tencent
2026-01-30,399971,中证传媒,1800.64,1827.18,1783.59,1796.83,-1.05,6717372625.0,101074000000.0,csindex
2026-01-30,510300,沪深300ETF,4.736,4.758,4.642,4.711,-1.1955,16702748.0,7860479500.0,tencent
2026-01-30,931152,中证创新药产业,1925.52,1957.48,1901.63,1902.85,-1.12,791684268.0,27270999999.999996,csindex
2026-01-30,H30007,芯片产业,3631.88,3718.91,3562.85,3677.81,1.0,1832038242.0,149064000000.0,csindex
2026-02-02,159915,创业板ETF,3.338,3.376,3.248,3.252,-2.4888,11487593.0,3801816700.0,tencent
2026-02-02,399971,中证传媒,1790.01,1818.83,1756.89,1759.18,-2.09,6350118370.0,94293000000.0,csindex
2026-02-02,510300,沪深300ETF,4.68,4.719,4.591,4.6,-2.3562,26511344.0,12299263700.000002,tencent
2026-02-02,931152,中证创新药产业,1888.91,1905.57,1846.88,1848.98,-2.83,715744019.0,24125000000.0,csindex
2026-02-02,H30007,芯片产业,3615.05,3639.47,3484.11,3484.11,-5.27,1658172266.0,138772000000.0,csindex
2026-02-03,159915,创业板ETF,3.302,3.32,3.238,3.313,1.8758,12015893.0,3952454699.9999995,tencent
2026-02-03,399971,中证传媒,1786.5,1811.35,1758.94,1811.35,2.97,6570139326.0,99424000000.0,csindex
2026-02-03,510300,沪深300ETF,4.64,4.668,4.585,4.664,1.3913,10529446.0,4881749300.0,tencent
2026-02-03,931152,中证创新药产业,1861.6,1874.01,1841.58,1872.87,1.29,561477908.0,19511000000.0,csindex
2026-02-03,H30007,芯片产业,3555.83,3561.08,3444.31,3532.66,1.39,1429350526.0,136406000000.0,csindex
2026-02-04,159915,创业板ETF,3.29,3.307,3.233,3.297,-0.4829,11797862.0,3852326599.9999995,tencent
2026-02-04,399971,中证传媒,1799.56,1816.69,1733.1,1750.91,-3.34,6133632013.0,93532000000.0,csindex
2026-02-04,510300,沪深300ETF,4.652,4.709,4.643,4.707,0.922,10525059.0,4914865600.0,tencent
2026-02-04,931152,中证创新药产业,1868.2,1895.3,1851.87,1894.3,1.14,580495618.0,20630000000.0,csindex
2026-02-04,H30007,芯片产业,3479.15,3479.15,3411.0,3457.21,-2.14,1249679924.0,101535000000.0,csindex
2026-02-05,159915,创业板ETF,3.264,3.278,3.227,3.238,-1.7895,9852894.0,3200834300.0,tencent
2026-02-05,399971,中证传媒,1724.99,1766.35,1724.99,1740.5,-0.59,5151174451.0,77438000000.0,csindex
2026-02-05,510300,沪深300ETF,4.68,4.695,4.645,4.679,-0.5949,9339829.0,4364498200.0,tencent
2026-02-05,931152,中证创新药产业,1894.55,1905.48,1887.75,1896.25,0.1,576361258.0,20426000000.0,csindex
2026-02-05,H30007,芯片产业,3375.53,3430.11,3354.23,3414.38,-1.24,1117963336.0,89258000000.0,csindex
2026-02-06,159915,创业板ETF,3.21,3.275,3.187,3.229,-0.2779,8785306.0,2843474200.0,tencent
2026-02-06,399971,中证传媒,1719.58,1750.5,1681.51,1715.84,-1.42,4985118419.0,71738000000.0,csindex
2026-02-06,510300,沪深300ETF,4.643,4.691,4.61,4.649,-0.6412,8816737.0,4106577100.0,tencent
2026-02-06,931152,中证创新药产业,1890.9,1914.25,1879.55,1895.6,-0.03,669548915.0,20929000000.0,csindex
2026-02-06,H30007,芯片产业,3369.45,3425.57,3345.96,3380.48,-0.99,1061385543.0,82882000000.0,csindex
2026-02-09,159915,创业板ETF,3.288,3.327,3.263,3.321,2.8492,9896213.0,3265112600.0,tencent
2026-02-09,399971,中证传媒,1773.87,1790.88,1748.79,1783.56,3.95,5720351035.0,83028000000.0,csindex
2026-02-09,510300,沪深300ETF,4.695,4.73,4.686,4.727,1.6778,7011195.0,3304027000.0,tencent
2026-02-09,931152,中证创新药产业,1906.05,1909.44,1893.88,1902.27,0.35,501950076.0,16981000000.0,csindex
2026-02-09,H30007,芯片产业,3455.57,3495.79,3424.6,3495.0,3.39,1226132393.0,100116000000.0,csindex
2026-02-10,159915,创业板ETF,3.327,3.335,3.307,3.311,-0.3011,5381156.0,1786183400.0,tencent
2026-02-10,399971,中证传媒,1811.85,1885.99,1798.91,1857.51,4.15,8243181213.0,131378000000.0,csindex
2026-02-10,510300,沪深300ETF,4.733,4.739,4.72,4.733,0.1269,6804617.0,3219183500.0,tencent
2026-02-10,931152,中证创新药产业,1902.94,1944.39,1896.64,1928.85,1.4,574012062.0,23228000000.0,csindex
2026-02-10,H30007,芯片产业,3499.97,3557.08,3495.28,3510.8,0.45,923643497.0,87073000000.0,csindex
2026-02-11,159915,创业板ETF,3.3,3.312,3.272,3.273,-1.1477,8118673.0,2669085900.0000005,tencent
2026-02-11,399971,中证传媒,1859.4,1860.99,1816.6,1817.57,-2.15,7674872637.0,121729000000.0,csindex
2026-02-11,510300,沪深300ETF,4.727,4.732,4.714,4.723,-0.2113,3720787.0,1757895600.0,tencent
2026-02-11,931152,中证创新药产业,1930.72,1942.64,1926.11,1927.11,-0.09,435453359.0,17019000000.0,csindex
2026-02-11,H30007,芯片产业,3480.83,3495.73,3449.98,3465.77,-1.28,775718054.0,64465000000.0,csindex
2026-02-12,159915,创业板ETF,3.28,3.323,3.277,3.319,1.4054,9516282.0,3145580600.0,tencent
2026-02-12,399971,中证传媒,1801.75,1841.84,1782.19,1827.23,0.53,7044974174.0,110009999999.99998,csindex
2026-02-12,510300,沪深300ETF,4.729,4.735,4.716,4.727,0.0847,3980124.0,1881073599.9999998,tencent
2026-02-12,931152,中证创新药产业,1927.25,1942.04,1920.3,1920.76,-0.33,447997370.0,18036000000.0,csindex
2026-02-12,H30007,芯片产业,3494.46,3547.57,3472.83,3545.73,2.31,1182949148.0,103028000000.0,csindex
2026-02-13,159915,创业板ETF,3.303,3.313,3.263,3.265,-1.627,9359664.0,3077154400.0,tencent
2026-02-13,399971,中证传媒,1814.09,1837.49,1795.8,1796.41,-1.69,6360521250.0,97708000000.0,csindex
2026-02-13,510300,沪深300ETF,4.714,4.714,4.667,4.671,-1.1847,13673572.0,6405790200.0,tencent
2026-02-13,931152,中证创新药产业,1919.49,1923.58,1891.0,1891.58,-1.52,435316595.0,15663999999.999998,csindex
2026-02-13,H30007,芯片产业,3521.58,3595.53,3514.39,3550.07,0.12,1092207758.0,97763000000.0,csindex
2026-02-24,159915,创业板ETF,3.318,3.331,3.282,3.295,0.9188,9249640.0,3059400000.0,tencent
2026-02-24,399971,中证传媒,1791.16,1791.16,1727.64,1742.76,-2.99,5752917138.0,85594000000.0,csindex
2026-02-24,510300,沪深300ETF,4.725,4.736,4.705,4.716,0.9634,6242456.0,2946760800.0,tencent
2026-02-24,931152,中证创新药产业,1907.23,1908.21,1882.66,1883.04,-0.45,436959825.0,16333000000.000002,csindex
2026-02-24,H30007,芯片产业,3607.11,3607.83,3514.76,3563.75,0.39,1104518401.0,103107000000.0,csindex
2026-02-25,159915,创业板ETF,3.301,3.352,3.293,3.344,1.4871,11022264.0,3669068200.0,tencent
2026-02-25,399971,中证传媒,1738.34,1749.95,1723.6,1731.12,-0.67,5063015611.0,74251000000.0,csindex
2026-02-25,510300,沪深300ETF,4.717,4.778,4.716,4.75,0.7209,8734031.0,4148107700.0,tencent
2026-02-25,931152,中证创新药产业,1882.82,1899.11,1878.67,1898.04,0.8,541936554.0,19444000000.0,csindex
2026-02-25,H30007,芯片产业,3568.35,3599.01,3506.21,3579.98,0.46,1325192725.0,112549000000.0,csindex
2026-02-26,159915,创业板ETF,3.338,3.343,3.301,3.336,-0.2392,8912843.0,2959414800.0,tencent
2026-02-26,399971,中证传媒,1734.64,1735.66,1707.99,1712.35,-1.08,4815666621.0,66404999999.99999,csindex
2026-02-26,510300,沪深300ETF,4.751,4.754,4.712,4.735,-0.3158,7663721.0,3624553300.0,tencent
2026-02-26,931152,中证创新药产业,1899.08,1900.82,1867.49,1870.3,-1.46,614818522.0,22247000000.0,csindex
2026-02-26,H30007,芯片产业,3593.84,3656.03,3536.5,3628.17,1.35,1457462992.0,127361999999.99998,csindex
2026-02-27,159915,创业板ETF,3.31,3.317,3.283,3.301,-1.0492,12708821.0,4189212900.0,tencent
2026-02-27,399971,中证传媒,1708.43,1736.1,1703.26,1729.81,1.02,4591558760.0,66585000000.0,csindex
2026-02-27,510300,沪深300ETF,4.72,4.732,4.7,4.725,-0.2112,6062453.0,2859792900.0,tencent
2026-02-27,931152,中证创新药产业,1864.62,1877.35,1860.38,1868.18,-0.11,468347446.0,16841999999.999998,csindex
2026-02-27,H30007,芯片产业,3568.74,3618.86,3538.59,3605.46,-0.63,1280950306.0,114086999999.99998,csindex
2026-03-02,159915,创业板ETF,3.251,3.308,3.25,3.282,-0.5756,16917591.0,5551369300.000001,tencent
2026-03-02,399971,中证传媒,1684.24,1702.38,1653.95,1665.69,-3.71,5111803669.0,68855000000.0,csindex
2026-03-02,510300,沪深300ETF,4.694,4.743,4.674,4.739,0.2963,12423675.0,5860854100.0,tencent
2026-03-02,931152,中证创新药产业,1842.84,1859.01,1814.28,1821.26,-2.51,766423967.0,25302000000.0,csindex
2026-03-02,H30007,芯片产业,3527.95,3599.95,3527.72,3540.06,-1.81,1298263725.0,108606000000.0,csindex
2026-03-03,159915,创业板ETF,3.303,3.32,3.198,3.205,-2.3461,16751169.0,5460114800.0,tencent
2026-03-03,399971,中证传媒,1665.4,1670.86,1574.36,1577.22,-5.31,4846287892.0,63036000000.0,csindex
2026-03-03,510300,沪深300ETF,4.741,4.751,4.665,4.678,-1.2872,9665579.0,4550837100.0,tencent
2026-03-03,931152,中证创新药产业,1822.32,1832.38,1768.09,1770.28,-2.8,755500816.0,24607000000.0,csindex
2026-03-03,H30007,芯片产业,3550.71,3561.92,3336.19,3341.73,-5.6,1639323548.0,130126000000.0,csindex
2026-03-04,159915,创业板ETF,3.17,3.207,3.138,3.154,-1.5913,14046228.0,4453321300.0,tencent
2026-03-04,399971,中证传媒,1554.95,1590.67,1554.95,1565.42,-0.75,2893875023.0,36625000000.0,csindex
2026-03-04,510300,沪深300ETF,4.64,4.65,4.587,4.61,-1.4536,8292240.0,3830984400.0,tencent
2026-03-04,931152,中证创新药产业,1763.02,1779.74,1746.04,1752.96,-0.98,572986120.0,19524000000.0,csindex
2026-03-04,H30007,芯片产业,3321.75,3414.23,3321.75,3340.76,-0.03,1123429851.0,100562000000.0,csindex
2026-03-05,159915,创业板ETF,3.216,3.254,3.183,3.206,1.6487,15918683.0,5123994800.0,tencent
2026-03-05,399971,中证传媒,1597.5,1605.35,1576.64,1591.7,1.68,3534077544.0,43923000000.0,csindex
2026-03-05,510300,沪深300ETF,4.647,4.678,4.639,4.654,0.9544,5684210.0,2646464200.0,tencent
2026-03-05,931152,中证创新药产业,1772.68,1788.0,1754.6,1768.52,0.89,480293854.0,16911000000.000002,csindex
2026-03-05,H30007,芯片产业,3441.84,3464.0,3390.48,3412.2,2.14,1176820341.0,115222000000.0,csindex
2026-03-06,159915,创业板ETF,3.191,3.238,3.169,3.225,0.5926,8594461.0,2755966800.0,tencent
2026-03-06,399971,中证传媒,1583.4,1604.55,1581.53,1601.16,0.59,3088660848.0,38607000000.0,csindex
2026-03-06,510300,沪深300ETF,4.64,4.682,4.624,4.667,0.2793,5043759.0,2349185800.0,tencent
2026-03-06,931152,中证创新药产业,1766.0,1823.04,1763.46,1821.52,3.0,649689051.0,21980000000.0,csindex
2026-03-06,H30007,芯片产业,3392.23,3449.03,3391.24,3420.08,0.23,1382930748.0,92850000000.0,csindex
2026-03-09,159915,创业板ETF,3.183,3.21,3.1,3.201,-0.7442,13719189.0,4311143600.0,tencent
2026-03-09,399971,中证传媒,1570.71,1604.15,1558.93,1599.26,-0.12,3315152619.0,43714000000.0,csindex
2026-03-09,510300,沪深300ETF,4.623,4.638,4.56,4.629,-0.8142,8380983.0,3854535500.0,tencent
2026-03-09,931152,中证创新药产业,1798.29,1802.09,1775.27,1796.57,-1.37,564517069.0,19223000000.0,csindex
2026-03-09,H30007,芯片产业,3306.39,3366.71,3242.98,3352.7,-1.97,1409911908.0,113765000000.00002,csindex
2026-03-10,159915,创业板ETF,3.267,3.298,3.252,3.296,2.9678,12409336.0,4069373200.0,tencent
2026-03-10,399971,中证传媒,1615.71,1639.22,1600.01,1613.91,0.92,3328451720.0,45684000000.0,csindex
2026-03-10,510300,沪深300ETF,4.642,4.689,4.641,4.683,1.1666,5460125.0,2550822900.0,tencent
2026-03-10,931152,中证创新药产业,1812.23,1853.65,1812.23,1852.2,3.1,609344649.0,21222000000.0,csindex
2026-03-10,H30007,芯片产业,3427.27,3440.65,3385.86,3431.63,2.35,1175076292.0,101014000000.0,csindex
2026-03-11,159915,创业板ETF,3.303,3.377,3.303,3.335,1.1833,10731783.0,3585290300.0000005,tencent
2026-03-11,399971,中证传媒,1613.05,1617.01,1594.0,1601.21,-0.79,3333945258.0,45982000000.0,csindex
2026-03-11,510300,沪深300ETF,4.686,4.719,4.682,4.711,0.5979,5937122.0,2792866700.0,tencent
2026-03-11,931152,中证创新药产业,1854.41,1854.5,1830.23,1834.13,-0.97,517446434.0,17707000000.0,csindex
2026-03-11,H30007,芯片产业,3437.1,3457.19,3387.47,3391.27,-1.18,1258949526.0,99818000000.0,csindex
2026-03-12,159915,创业板ETF,3.34,3.35,3.278,3.308,-0.8096,7876461.0,2601723500.0,tencent
2026-03-12,399971,中证传媒,1595.43,1596.28,1568.4,1575.67,-1.59,3133083522.0,39823000000.0,csindex
2026-03-12,510300,沪深300ETF,4.711,4.711,4.665,4.694,-0.3609,3433836.0,1610201000.0,tencent
2026-03-12,931152,中证创新药产业,1836.64,1836.64,1810.95,1819.78,-0.78,574614400.0,18072000000.0,csindex
2026-03-12,H30007,芯片产业,3378.94,3429.19,3318.94,3347.75,-1.28,1273100874.0,90528000000.0,csindex
2026-03-13,159915,创业板ETF,3.29,3.334,3.28,3.3,-0.2418,8097919.0,2682651200.0,tencent
2026-03-13,399971,中证传媒,1574.96,1577.53,1543.54,1547.51,-1.79,3287064917.0,41546000000.0,csindex
2026-03-13,510300,沪深300ETF,4.672,4.716,4.67,4.677,-0.3622,3251129.0,1526480600.0,tencent
2026-03-13,931152,中证创新药产业,1812.71,1825.13,1802.98,1807.24,-0.69,531069262.0,16716999999.999998,csindex
2026-03-13,H30007,芯片产业,3316.36,3384.06,3300.91,3320.22,-0.82,1128795341.0,91623000000.0,csindex
2026-03-16,159915,创业板ETF,3.308,3.35,3.275,3.349,1.4848,10653744.0,3529085200.0,tencent
2026-03-16,399971,中证传媒,1541.64,1556.43,1532.58,1555.57,0.52,2685722998.0,33220999999.999996,csindex
2026-03-16,510300,沪深300ETF,4.675,4.686,4.632,4.68,0.0641,4038627.0,1881524400.0,tencent
2026-03-16,931152,中证创新药产业,1806.69,1832.05,1795.43,1825.45,1.01,522459665.0,17868000000.0,csindex
2026-03-16,H30007,芯片产业,3316.97,3399.22,3264.24,3391.56,2.15,1236068811.0,114638000000.00002,csindex
2026-03-17,159915,创业板ETF,3.369,3.379,3.271,3.273,-2.2693,11597774.0,3853089099.9999995,tencent
2026-03-17,399971,中证传媒,1557.47,1574.91,1538.33,1538.75,-1.08,2474923207.0,31936000000.0,csindex
2026-03-17,510300,沪深300ETF,4.686,4.731,4.645,4.646,-0.7265,7233377.0,3388771800.0,tencent
2026-03-17,931152,中证创新药产业,1824.65,1869.79,1818.69,1835.59,0.56,648268056.0,24184000000.0,csindex
2026-03-17,H30007,芯片产业,3397.11,3397.11,3299.13,3299.52,-2.71,1102086334.0,91700000000.0,csindex
2026-03-18,159915,创业板ETF,3.293,3.341,3.265,3.338,1.9859,11208680.0,3701559699.9999995,tencent
2026-03-18,399971,中证传媒,1543.07,1556.26,1528.38,1554.89,1.05,2210126787.0,27860000000.000004,csindex
2026-03-18,510300,沪深300ETF,4.652,4.67,4.616,4.662,0.3444,7702627.0,3575798300.0,tencent
2026-03-18,931152,中证创新药产业,1833.4,1851.66,1825.15,1849.22,0.74,503122844.0,18877000000.0,csindex
2026-03-18,H30007,芯片产业,3335.93,3387.17,3311.7,3383.93,2.56,1102293645.0,105347000000.0,csindex
2026-03-19,159915,创业板ETF,3.297,3.353,3.287,3.303,-1.0485,12469345.0,4139744600.0,tencent
2026-03-19,399971,中证传媒,1530.32,1541.96,1516.61,1530.68,-1.56,2425983820.0,35509000000.0,csindex
2026-03-19,510300,沪深300ETF,4.621,4.641,4.581,4.599,-1.3514,7722418.0,3558170500.0,tencent
2026-03-19,931152,中证创新药产业,1831.65,1846.11,1812.64,1817.87,-1.69,582644256.0,18562000000.0,csindex
2026-03-19,H30007,芯片产业,3314.73,3334.06,3279.5,3294.23,-2.65,1007208423.0,92796000000.0,csindex
2026-03-20,159915,创业板ETF,3.337,3.417,3.337,3.341,1.1505,19596729.0,6613612400.0,tencent
2026-03-20,399971,中证传媒,1531.65,1539.09,1482.91,1482.91,-3.12,2535981914.0,33836000000.0,csindex
2026-03-20,510300,沪深300ETF,4.598,4.635,4.573,4.576,-0.5001,7612736.0,3509938000.0,tencent
2026-03-20,931152,中证创新药产业,1818.52,1844.2,1794.63,1794.63,-1.28,577555396.0,18757000000.0,csindex
2026-03-20,H30007,芯片产业,3313.29,3318.16,3234.27,3234.96,-1.8,1201533398.0,108455000000.0,csindex
2026-03-23,159915,创业板ETF,3.3,3.326,3.206,3.228,-3.3822,16832932.0,5505326600.0,tencent
2026-03-23,399971,中证传媒,1453.08,1460.13,1397.27,1405.6,-5.21,3019095419.0,36176000000.0,csindex
2026-03-23,510300,沪深300ETF,4.528,4.537,4.406,4.43,-3.1906,15234981.0,6799292800.0,tencent
2026-03-23,931152,中证创新药产业,1768.26,1768.26,1703.63,1712.92,-4.55,813370001.0,24952000000.0,csindex
2026-03-23,H30007,芯片产业,3153.93,3183.54,3054.32,3069.8,-5.1,1064319494.0,98657000000.0,csindex
2026-03-24,159915,创业板ETF,3.275,3.277,3.145,3.237,0.2788,14810267.0,4747716100.0,tencent
2026-03-24,399971,中证传媒,1430.55,1437.74,1405.85,1437.7,2.28,2407983363.0,28956000000.0,csindex
2026-03-24,510300,沪深300ETF,4.463,4.48,4.405,4.479,1.1061,8504351.0,3784113300.0,tencent
2026-03-24,931152,中证创新药产业,1740.61,1765.41,1736.0,1765.07,3.04,641602947.0,23442000000.0,csindex
2026-03-24,H30007,芯片产业,3114.93,3123.11,3012.42,3123.11,1.74,1274686200.0,93712000000.0,csindex
2026-03-25,159915,创业板ETF,3.279,3.315,3.262,3.307,2.1625,11788368.0,3885554500.0,tencent
2026-03-25,399971,中证传媒,1445.0,1477.99,1444.46,1467.55,2.08,2436299014.0,30658999999.999996,csindex
2026-03-25,510300,沪深300ETF,4.51,4.549,4.504,4.544,1.4512,8677126.0,3932266900.0,tencent
2026-03-25,931152,中证创新药产业,1775.67,1792.99,1772.58,1778.52,0.76,532475321.0,18746000000.0,csindex
2026-03-25,H30007,芯片产业,3149.63,3235.55,3149.63,3201.74,2.52,1172015846.0,101577000000.0,csindex
2026-03-26,159915,创业板ETF,3.306,3.338,3.256,3.263,-1.3305,9530418.0,3137106100.0,tencent
2026-03-26,399971,中证传媒,1465.42,1474.77,1435.09,1439.77,-1.89,1899511514.0,23260000000.0,csindex
2026-03-26,510300,沪深300ETF,4.536,4.547,4.477,4.488,-1.2324,4742424.0,2139118200.0,tencent
2026-03-26,931152,中证创新药产业,1776.19,1806.17,1755.62,1759.81,-1.05,523158112.0,19343000000.0,csindex
2026-03-26,H30007,芯片产业,3181.39,3187.18,3109.5,3118.76,-2.59,997024585.0,79992000000.0,csindex
2026-03-27,159915,创业板ETF,3.241,3.313,3.221,3.293,0.9194,9411777.0,3079352000.0,tencent
2026-03-27,399971,中证传媒,1423.48,1465.23,1422.87,1459.13,1.34,2012597060.0,24265000000.0,csindex
2026-03-27,510300,沪深300ETF,4.45,4.53,4.445,4.508,0.4456,5626908.0,2529639200.0,tencent
2026-03-27,931152,中证创新药产业,1745.64,1852.46,1745.28,1849.6,5.1,891633690.0,31724000000.0,csindex
2026-03-27,H30007,芯片产业,3051.06,3159.88,3041.33,3133.09,0.46,846784831.0,72231000000.0,csindex
2026-03-30,159915,创业板ETF,3.242,3.273,3.216,3.264,-0.8807,9884804.0,3210679500.0,tencent
2026-03-30,399971,中证传媒,1435.08,1459.77,1425.48,1459.75,0.04,1962876882.0,25067000000.0,csindex
2026-03-30,510300,沪深300ETF,4.462,4.505,4.453,4.5,-0.1775,5439943.0,2434696100.0,tencent
2026-03-30,931152,中证创新药产业,1835.86,1873.28,1835.27,1865.08,0.84,957988083.0,31398000000.0,csindex
2026-03-30,H30007,芯片产业,3071.66,3136.68,3052.85,3123.06,-0.32,939101471.0,73050000000.0,csindex
2026-03-31,159915,创业板ETF,3.248,3.272,3.178,3.182,-2.5123,13794790.0,4434723800.0,tencent
2026-03-31,399971,中证传媒,1457.92,1487.82,1456.09,1456.65,-0.21,2687087759.0,34214999999.999996,csindex
2026-03-31,510300,沪深300ETF,4.501,4.529,4.462,4.463,-0.8222,5305656.0,2385310600.0,tencent
2026-03-31,931152,中证创新药产业,1870.74,1910.02,1866.94,1866.94,0.1,862039610.0,32026000000.0,csindex
2026-03-31,H30007,芯片产业,3097.27,3110.73,3010.09,3010.71,-3.6,960485656.0,83450000000.0,csindex
2026-04-01,159915,创业板ETF,3.245,3.247,3.2,3.232,1.5713,11374568.0,3666283800.0,tencent
2026-04-01,399971,中证传媒,1483.16,1493.69,1466.05,1491.59,2.4,2653843499.0,36156000000.0,csindex
2026-04-01,510300,沪深300ETF,4.52,4.542,4.501,4.534,1.5909,5012281.0,2267466700.0,tencent
2026-04-01,931152,中证创新药产业,1890.28,1963.83,1876.07,1963.6,5.18,1271298759.0,48322000000.0,csindex
2026-04-01,H30007,芯片产业,3102.66,3121.38,3073.58,3105.25,3.14,906472645.0,91726000000.0,csindex
2026-04-02,159915,创业板ETF,3.224,3.224,3.148,3.164,-2.104,10357474.0,3296758500.0,tencent
2026-04-02,399971,中证传媒,1486.3,1486.3,1442.05,1448.4,-2.9,2325049361.0,31043000000.0,csindex
2026-04-02,510300,沪深300ETF,4.521,4.526,4.47,4.489,-0.9925,4663511.0,2098973599.9999998,tencent
2026-04-02,931152,中证创新药产业,1954.46,1991.09,1941.28,1971.35,0.39,1092545173.0,42826000000.0,csindex
2026-04-02,H30007,芯片产业,3102.08,3102.08,2988.74,3007.07,-3.16,849518939.0,74492000000.0,csindex
2026-04-03,159915,创业板ETF,3.182,3.189,3.139,3.141,-0.7269,7353196.0,2326714600.0,tencent
2026-04-03,399971,中证传媒,1455.61,1456.24,1408.25,1409.93,-2.66,1940559960.0,22770000000.0,csindex
2026-04-03,510300,沪深300ETF,4.495,4.506,4.446,4.454,-0.7797,4261096.0,1903072400.0,tencent
2026-04-03,931152,中证创新药产业,1944.2,1947.76,1917.99,1926.91,-2.25,886952020.0,32458999999.999996,csindex
2026-04-03,H30007,芯片产业,3034.8,3038.36,2995.65,3001.28,-0.19,786902461.0,61434000000.0,csindex
2026-04-07,159915,创业板ETF,3.153,3.173,3.125,3.151,0.3184,7493724.0,2361499100.0,tencent
2026-04-07,399971,中证传媒,1415.29,1431.19,1409.81,1423.16,0.94,1639499965.0,20518000000.0,csindex
2026-04-07,510300,沪深300ETF,4.455,4.47,4.431,4.446,-0.1796,4285686.0,1908516200.0,tencent
2026-04-07,931152,中证创新药产业,1927.31,1948.49,1882.62,1920.82,-0.32,800096622.0,27704000000.000004,csindex
2026-04-07,H30007,芯片产业,3020.04,3082.61,3020.04,3054.31,1.77,808443988.0,78026000000.0,csindex
2026-04-08,159915,创业板ETF,3.241,3.345,3.235,3.345,6.1568,14569399.0,4785824700.0,tencent
2026-04-08,399971,中证传媒,1459.08,1527.28,1459.08,1527.28,7.32,3840994122.0,52645000000.00001,csindex
2026-04-08,510300,沪深300ETF,4.519,4.604,4.517,4.602,3.5088,9968846.0,4550818200.0,tencent
2026-04-08,931152,中证创新药产业,1953.18,1962.54,1917.16,1949.43,1.49,958435519.0,34885000000.0,csindex
2026-04-08,H30007,芯片产业,3156.9,3250.54,3153.2,3250.44,6.42,1365971257.0,132569000000.0,csindex
2026-04-09,159915,创业板ETF,3.316,3.331,3.292,3.32,-0.7474,7267214.0,2407159500.0,tencent
2026-04-09,399971,中证传媒,1507.97,1513.56,1492.71,1501.19,-1.71,3927667794.0,52129999999.99999,csindex
2026-04-09,510300,沪深300ETF,4.573,4.586,4.56,4.572,-0.6519,7049553.0,3223935000.0,tencent
2026-04-09,931152,中证创新药产业,1938.25,1970.57,1924.94,1927.83,-1.11,811237513.0,29800000000.0,csindex
2026-04-09,H30007,芯片产业,3200.63,3289.98,3196.1,3252.25,0.06,1218582183.0,105573000000.0,csindex
2026-04-10,159915,创业板ETF,3.339,3.462,3.339,3.437,3.5241,13933264.0,4765722100.0,tencent
2026-04-10,399971,中证传媒,1510.21,1531.74,1506.78,1516.2,1.0,3204366999.0,42500000000.0,csindex
2026-04-10,510300,沪深300ETF,4.588,4.664,4.588,4.642,1.5311,9063873.0,4203125000.0,tencent
2026-04-10,931152,中证创新药产业,1930.29,1964.39,1920.71,1936.75,0.46,823471170.0,28952999999.999996,csindex
2026-04-10,H30007,芯片产业,3304.96,3357.19,3304.96,3315.67,1.95,1282980815.0,119868000000.0,csindex
2026-04-13,159915,创业板ETF,3.43,3.485,3.421,3.468,0.9019,10417629.0,3606546200.0,tencent
2026-04-13,399971,中证传媒,1501.31,1501.31,1482.25,1486.59,-1.95,2966605755.0,40377000000.0,csindex
2026-04-13,510300,沪深300ETF,4.629,4.66,4.623,4.652,0.2154,3928926.0,1825187800.0,tencent
2026-04-13,931152,中证创新药产业,1930.86,1940.5,1915.88,1925.96,-0.56,763823887.0,28149000000.0,csindex
2026-04-13,H30007,芯片产业,3297.95,3396.45,3297.77,3336.79,0.64,1163719524.0,112523000000.0,csindex
2026-04-14,159915,创业板ETF,3.501,3.552,3.484,3.55,2.3645,10632436.0,3744100700.0,tencent
2026-04-14,399971,中证传媒,1503.9,1510.8,1490.79,1507.29,1.39,3475819252.0,46178000000.0,csindex
2026-04-14,510300,沪深300ETF,4.679,4.712,4.663,4.712,1.2898,4276571.0,2005429200.0000002,tencent
2026-04-14,931152,中证创新药产业,1932.33,1939.75,1901.68,1939.42,0.7,755841562.0,27330000000.0,csindex
2026-04-14,H30007,芯片产业,3389.81,3442.34,3382.13,3421.75,2.55,1306808193.0,131693000000.0,csindex
2026-04-15,159915,创业板ETF,3.589,3.595,3.482,3.511,-1.0986,13524690.0,4785008600.0,tencent
2026-04-15,399971,中证传媒,1511.22,1516.71,1484.16,1488.32,-1.26,2935424453.0,39665000000.0,csindex
2026-04-15,510300,沪深300ETF,4.732,4.746,4.684,4.694,-0.382,6759806.0,3185349099.9999995,tencent
2026-04-15,931152,中证创新药产业,1974.56,1994.07,1932.84,1983.45,2.27,1134699734.0,42116000000.0,csindex
2026-04-15,H30007,芯片产业,3446.7,3480.15,3386.13,3402.4,-0.56,1245811254.0,131998000000.0,csindex
2026-04-16,159915,创业板ETF,3.522,3.624,3.511,3.624,3.2185,14796542.0,5298080800.0,tencent
2026-04-16,399971,中证传媒,1497.09,1526.74,1497.09,1524.73,2.45,3465359535.0,49104000000.0,csindex
2026-04-16,510300,沪深300ETF,4.704,4.747,4.7,4.746,1.1078,8532344.0,4036951800.0,tencent
2026-04-16,931152,中证创新药产业,1979.56,1986.21,1954.42,1973.79,-0.49,825448207.0,31133000000.0,csindex
2026-04-16,H30007,芯片产业,3395.28,3447.97,3380.62,3444.45,1.24,1037912482.0,116860999999.99998,csindex
2026-04-17,159915,创业板ETF,3.638,3.678,3.61,3.67,1.2693,15033058.0,5489998900.0,tencent
2026-04-17,399971,中证传媒,1511.8,1527.53,1502.45,1523.93,-0.05,3196733309.0,46062000000.0,csindex
2026-04-17,510300,沪深300ETF,4.737,4.75,4.722,4.739,-0.1475,7361501.0,3485941400.0,tencent
2026-04-17,931152,中证创新药产业,1963.12,1963.12,1916.2,1929.07,-2.26,845468177.0,34022000000.000004,csindex
2026-04-17,H30007,芯片产业,3429.87,3492.6,3423.82,3461.78,0.5,1453173437.0,128583000000.0,csindex
2026-04-20,159915,创业板ETF,3.657,3.689,3.636,3.672,0.0545,14853588.0,5444544500.0,tencent
2026-04-20,399971,中证传媒,1519.93,1565.77,1518.04,1550.97,1.77,3957850032.0,57354000000.0,csindex
2026-04-20,510300,沪深300ETF,4.735,4.777,4.728,4.765,0.5486,7624578.0,3627929900.0,tencent
2026-04-20,931152,中证创新药产业,1926.19,1937.19,1912.65,1917.77,-0.59,722666009.0,26270999999.999996,csindex
2026-04-20,H30007,芯片产业,3462.23,3532.27,3462.23,3523.66,1.79,1568373482.0,133153000000.0,csindex
2026-04-21,159915,创业板ETF,3.663,3.688,3.614,3.681,0.2451,13828383.0,5051182300.0,tencent
2026-04-21,399971,中证传媒,1544.41,1553.32,1527.14,1533.17,-1.15,3148179383.0,45831000000.0,csindex
2026-04-21,510300,沪深300ETF,4.764,4.786,4.73,4.776,0.2308,6361081.0,3026895900.0000005,tencent
2026-04-21,931152,中证创新药产业,1915.5,1931.33,1890.06,1894.64,-1.21,611642995.0,22260000000.0,csindex
2026-04-21,H30007,芯片产业,3510.53,3510.53,3422.97,3475.01,-1.38,1290571927.0,121246000000.0,csindex
2026-04-22,159915,创业板ETF,3.66,3.761,3.66,3.758,2.0918,18615006.0,6923895000.0,tencent
2026-04-22,399971,中证传媒,1523.54,1530.85,1508.96,1530.34,-0.19,2939460415.0,42202000000.0,csindex
2026-04-22,510300,沪深300ETF,4.76,4.813,4.756,4.811,0.7328,10125926.0,4851593100.0,tencent
2026-04-22,931152,中证创新药产业,1888.89,1909.33,1884.86,1908.81,0.75,625661588.0,22167000000.0,csindex
2026-04-22,H30007,芯片产业,3463.37,3571.1,3463.2,3570.81,2.76,1372723060.0,131954000000.0,csindex
2026-04-23,159915,创业板ETF,3.769,3.789,3.684,3.728,-0.7983,14580921.0,5446610100.0,tencent
2026-04-23,399971,中证传媒,1532.35,1541.08,1513.79,1517.47,-0.84,3696268028.0,52465000000.0,csindex
2026-04-23,510300,沪深300ETF,4.82,4.834,4.772,4.801,-0.2079,10085181.0,4848688500.0,tencent
2026-04-23,931152,中证创新药产业,1909.22,1917.49,1878.8,1887.96,-1.09,764349517.0,30322000000.000004,csindex
2026-04-23,H30007,芯片产业,3617.15,3618.02,3489.0,3520.77,-1.4,1786438944.0,151888000000.0,csindex
2026-04-24,159915,创业板ETF,3.689,3.704,3.63,3.674,-1.4485,17128265.0,6285359200.0,tencent
2026-04-24,399971,中证传媒,1493.57,1495.51,1460.66,1479.39,-2.51,3778120767.0,50611000000.0,csindex
2026-04-24,510300,沪深300ETF,4.785,4.798,4.75,4.782,-0.3958,7193226.0,3432906800.0,tencent
2026-04-24,931152,中证创新药产业,1878.75,1898.82,1859.17,1881.97,-0.32,764098375.0,26522000000.000004,csindex
2026-04-24,H30007,芯片产业,3548.46,3616.2,3487.54,3575.9,1.57,1728180028.0,166332000000.0,csindex
2026-04-27,159915,创业板ETF,3.68,3.691,3.643,3.652,-0.5988,9604111.0,3519636500.0,tencent
2026-04-27,399971,中证传媒,1470.0,1474.82,1452.75,1467.94,-0.77,3294566434.0,40296000000.0,csindex
2026-04-27,510300,沪深300ETF,4.786,4.81,4.773,4.782,0.0,9280360.0,4443760500.0,tencent
2026-04-27,931152,中证创新药产业,1877.54,1887.65,1865.73,1881.43,-0.03,696912064.0,24318000000.0,csindex
2026-04-27,H30007,芯片产业,3646.71,3763.25,3618.82,3743.43,4.69,1970635861.0,189849000000.0,csindex
2026-04-28,159915,创业板ETF,3.63,3.643,3.588,3.602,-1.3691,11061019.0,3998704600.0,tencent
2026-04-28,399971,中证传媒,1458.56,1465.5,1441.32,1445.49,-1.53,3030701018.0,38595000000.0,csindex
2026-04-28,510300,沪深300ETF,4.766,4.79,4.757,4.77,-0.2509,8644202.0,4125807000.0,tencent
2026-04-28,931152,中证创新药产业,1910.0,1944.27,1903.73,1907.79,1.4,998982667.0,36034000000.0,csindex
2026-04-28,H30007,芯片产业,3713.86,3805.12,3671.65,3695.32,-1.29,1612408291.0,165091000000.0,csindex
2026-04-29,159915,创业板ETF,3.585,3.7,3.578,3.694,2.5541,10641461.0,3886447400.0,tencent
2026-04-29,399971,中证传媒,1447.46,1482.39,1447.46,1474.16,1.98,3052795370.0,39270000000.0,csindex
2026-04-29,510300,沪深300ETF,4.755,4.828,4.755,4.821,1.0692,12796798.0,6139314300.000001,tencent
2026-04-29,931152,中证创新药产业,1903.31,1915.79,1891.37,1904.98,-0.15,885591551.0,37340000000.0,csindex
2026-04-29,H30007,芯片产业,3654.1,3696.34,3582.21,3694.45,-0.02,1405505454.0,148712000000.0,csindex
2026-04-30,159915,创业板ETF,3.703,3.727,3.668,3.689,-0.1354,10039840.0,3710117000.0,tencent
2026-04-30,399971,中证传媒,1467.61,1474.63,1449.93,1456.46,-1.2,3014661180.0,37006000000.0,csindex
2026-04-30,510300,沪深300ETF,4.83,4.841,4.808,4.824,0.0622,16517864.0,7965711100.0,tencent
2026-04-30,931152,中证创新药产业,1902.48,1923.84,1884.6,1900.87,-0.22,834293897.0,32262000000.0,csindex
2026-04-30,H30007,芯片产业,3747.67,3890.05,3737.71,3866.27,4.65,1813533006.0,207694000000.0,csindex
2026-05-06,159915,创业板ETF,3.763,3.824,3.733,3.786,2.6294,19639487.0,7445851700.0,tencent
2026-05-06,399971,中证传媒,1470.39,1506.62,1470.39,1496.74,2.77,3828471175.0,50046000000.0,csindex
2026-05-06,510300,沪深300ETF,4.866,4.914,4.852,4.888,1.3267,18677828.0,9131466600.0,tencent
2026-05-06,931152,中证创新药产业,1905.81,1914.62,1896.49,1902.12,0.06,917463776.0,35043000000.0,csindex
2026-05-06,H30007,芯片产业,4045.4,4243.91,4044.31,4107.27,6.23,2412633498.0,279190000000.0,csindex
2026-05-07,159915,创业板ETF,3.814,3.849,3.769,3.845,1.5584,8949955.0,3408781900.0,tencent
2026-05-07,399971,中证传媒,1500.18,1537.96,1492.76,1536.64,2.67,4051236775.0,57616999999.99999,csindex
2026-05-07,510300,沪深300ETF,4.905,4.914,4.879,4.912,0.491,20946226.0,10262731500.0,tencent
2026-05-07,931152,中证创新药产业,1909.2,1925.08,1899.65,1913.72,0.61,763709164.0,29962000000.0,csindex
2026-05-07,H30007,芯片产业,4136.76,4185.31,4077.7,4165.7,1.42,2076942882.0,227035000000.0,csindex
2026-05-08,159915,创业板ETF,3.811,3.851,3.796,3.806,-1.0143,9696180.0,3704430700.0,tencent
2026-05-08,399971,中证传媒,1546.19,1559.53,1530.15,1531.57,-0.33,3843045751.0,57394000000.00001,csindex
2026-05-08,510300,沪深300ETF,4.89,4.902,4.862,4.886,-0.5293,12535649.0,6121164100.0,tencent
2026-05-08,931152,中证创新药产业,1913.69,1914.18,1877.48,1879.93,-1.76,793198801.0,29723000000.0,csindex
2026-05-08,H30007,芯片产业,4084.49,4091.63,4009.43,4051.86,-2.73,1814741431.0,190442000000.0,csindex
2026-05-11,159915,创业板ETF,3.834,3.947,3.806,3.947,3.7047,13488228.0,5237822700.0,tencent
2026-05-11,399971,中证传媒,1537.82,1542.59,1514.67,1521.12,-0.68,3615370474.0,50979000000.0,csindex
2026-05-11,510300,沪深300ETF,4.911,4.98,4.9,4.966,1.6373,21165218.0,10456512000.0,tencent
2026-05-11,931152,中证创新药产业,1878.61,1927.91,1859.52,1921.96,2.23,1397318421.0,45839000000.0,csindex
2026-05-11,H30007,芯片产业,4194.78,4353.63,4168.43,4319.2,6.6,2582231925.0,281779000000.0,csindex
2026-05-12,159915,创业板ETF,3.952,3.966,3.907,3.94,-0.1773,12480831.0,4919168200.0,tencent
2026-05-12,399971,中证传媒,1516.8,1516.8,1486.76,1494.63,-1.74,3426429798.0,44997000000.0,csindex
2026-05-12,510300,沪深300ETF,4.975,4.987,4.944,4.963,-0.0604,10021705.0,4976355900.0,tencent
2026-05-12,931152,中证创新药产业,1909.33,1957.25,1892.96,1912.01,-0.52,1320656645.0,52150000000.0,csindex
2026-05-12,H30007,芯片产业,4302.69,4392.96,4237.23,4341.84,0.52,2292950027.0,243265000000.0,csindex
2026-05-13,159915,创业板ETF,3.91,4.054,3.904,4.048,2.7411,12150099.0,4827427700.0,tencent
2026-05-13,399971,中证传媒,1487.44,1518.19,1480.81,1516.27,1.45,2951401100.0,42080000000.0,csindex
2026-05-13,510300,沪深300ETF,4.94,5.023,4.939,5.017,1.0881,12726150.0,6331249200.0,tencent
2026-05-13,931152,中证创新药产业,1909.08,1912.4,1877.99,1888.2,-1.24,919065165.0,35114000000.0,csindex
2026-05-13,H30007,芯片产业,4228.32,4480.5,4192.46,4473.3,3.03,2353623225.0,253144999999.99997,csindex
2026-05-14,159915,创业板ETF,4.092,4.104,3.948,3.961,-2.1492,14719688.0,5906571400.0,tencent
2026-05-14,399971,中证传媒,1531.09,1536.51,1448.31,1448.31,-4.48,3466264961.0,48567000000.0,csindex
2026-05-14,510300,沪深300ETF,5.037,5.041,4.931,4.941,-1.5148,10281646.0,5118663500.0,tencent
2026-05-14,931152,中证创新药产业,1889.77,1903.18,1832.12,1832.12,-2.97,893048901.0,32888000000.0,csindex
2026-05-14,H30007,芯片产业,4521.42,4545.09,4361.56,4363.56,-2.45,2364074032.0,256888000000.0,csindex
2026-05-15,159915,创业板ETF,3.961,4.015,3.88,3.97,0.2272,19036007.0,7510651200.0,tencent
2026-05-15,399971,中证传媒,1452.53,1481.31,1441.25,1450.08,0.12,3100438622.0,43913000000.0,csindex
2026-05-15,510300,沪深300ETF,4.935,4.954,4.852,4.878,-1.275,10479024.0,5135152300.0,tencent
2026-05-15,931152,中证创新药产业,1833.43,1852.66,1807.2,1816.41,-0.86,794686546.0,28732000000.0,csindex
2026-05-15,H30007,芯片产业,4370.66,4527.47,4219.46,4337.87,-0.59,2723036709.0,300575000000.0,csindex
2026-05-18,159915,创业板ETF,3.912,3.971,3.892,3.923,-1.1839,13870922.0,5450614700.0,tencent
2026-05-18,399971,中证传媒,1436.75,1460.55,1434.42,1447.07,-0.21,3397570437.0,42667000000.0,csindex
2026-05-18,510300,沪深300ETF,4.855,4.885,4.819,4.852,-0.533,5835764.0,2832450600.0,tencent
2026-05-18,931152,中证创新药产业,1810.85,1811.04,1770.68,1779.7,-2.02,696645814.0,24114000000.0,csindex
2026-05-18,H30007,芯片产业,4358.56,4512.7,4340.88,4389.04,1.18,2221684426.0,251864000000.0,csindex
2026-05-19,159915,创业板ETF,3.901,3.931,3.82,3.922,-0.0255,14732403.0,5712080600.000001,tencent
2026-05-19,399971,中证传媒,1445.75,1489.69,1442.4,1474.95,1.93,4320982676.0,53660000000.0,csindex
2026-05-19,510300,沪深300ETF,4.843,4.874,4.789,4.869,0.3504,9674999.0,4670192900.0,tencent
2026-05-19,931152,中证创新药产业,1780.4,1803.22,1773.16,1786.76,0.4,624112393.0,22204000000.0,csindex
2026-05-19,H30007,芯片产业,4335.02,4551.36,4255.22,4549.63,3.66,2532100294.0,268246999999.99997,csindex
2026-05-20,159915,创业板ETF,3.895,3.959,3.895,3.932,0.255,11602678.0,4551860000.0,tencent
2026-05-20,399971,中证传媒,1463.65,1463.65,1429.88,1435.43,-2.68,3631529416.0,45639000000.0,csindex
2026-05-20,510300,沪深300ETF,4.845,4.882,4.84,4.871,0.0411,9597201.0,4664422400.0,tencent
2026-05-20,931152,中证创新药产业,1783.72,1802.22,1766.68,1785.25,-0.08,680956123.0,24276000000.0,csindex
2026-05-20,H30007,芯片产业,4529.53,4761.34,4528.3,4753.89,4.49,2914445076.0,307833000000.0,csindex
2026-05-21,159915,创业板ETF,3.97,4.029,3.835,3.846,-2.1872,18284145.0,7219559100.0,tencent
2026-05-21,399971,中证传媒,1439.76,1459.7,1394.81,1397.33,-2.65,3413426616.0,43655000000.0,csindex
2026-05-21,510300,沪深300ETF,4.897,4.954,4.801,4.808,-1.2934,12055773.0,5913215500.0,tencent
2026-05-21,931152,中证创新药产业,1787.65,1840.44,1787.64,1800.56,0.86,935423841.0,37156000000.0,csindex
2026-05-21,H30007,芯片产业,4837.75,4931.36,4563.96,4579.32,-3.67,3192658738.0,352148000000.0,csindex
2026-05-22,159915,创业板ETF,3.877,3.959,3.866,3.946,2.6001,14475800.0,5660834000.0,tencent
2026-05-22,399971,中证传媒,1399.91,1402.11,1373.93,1391.13,-0.44,2676100520.0,32251000000.0,csindex
2026-05-22,510300,沪深300ETF,4.828,4.868,4.807,4.862,1.1231,13250518.0,6421618400.0,tencent
2026-05-22,931152,中证创新药产业,1809.81,1812.53,1769.09,1774.19,-1.46,760312420.0,28111000000.0,csindex
2026-05-22,H30007,芯片产业,4650.56,4711.26,4545.27,4696.79,2.56,2441056367.0,270694999999.99997,csindex
2026-05-25,159915,创业板ETF,3.982,4.034,3.916,4.034,2.2301,13650326.0,5436397000.0,tencent
2026-05-25,399971,中证传媒,1402.17,1409.96,1366.95,1378.93,-0.88,2706722164.0,34539000000.0,csindex
2026-05-25,510300,沪深300ETF,4.88,4.938,4.872,4.937,1.5426,16250559.0,7970991100.0,tencent
2026-05-25,931152,中证创新药产业,1767.61,1773.26,1737.75,1753.75,-1.15,722258929.0,25062000000.0,csindex
2026-05-25,H30007,芯片产业,4705.81,5017.12,4631.91,5016.4,6.8,2858235448.0,350033000000.0,csindex
2026-05-26,159915,创业板ETF,4.012,4.07,3.997,4.055,0.5206,16023246.0,6460251300.0,tencent
2026-05-26,399971,中证传媒,1367.43,1368.53,1344.05,1363.1,-1.15,2942156902.0,35050000000.0,csindex
2026-05-26,510300,沪深300ETF,4.912,4.975,4.91,4.972,0.7089,9686752.0,4786813600.0,tencent
2026-05-26,931152,中证创新药产业,1748.28,1758.64,1731.18,1747.79,-0.34,697898851.0,24443000000.0,csindex
2026-05-26,H30007,芯片产业,4981.12,4990.31,4813.56,4957.52,-1.17,3098756867.0,342346000000.0,csindex
2026-05-27,159915,创业板ETF,4.053,4.158,4.027,4.056,0.0247,17473331.0,7161587300.0,tencent
2026-05-27,399971,中证传媒,1369.66,1388.81,1339.85,1343.7,-1.42,2989824898.0,36359000000.0,csindex
2026-05-27,510300,沪深300ETF,4.963,4.993,4.913,4.932,-0.8045,6405215.0,3174582700.0,tencent
2026-05-27,931152,中证创新药产业,1740.5,1752.51,1709.95,1740.14,-0.44,776187983.0,26997000000.000004,csindex
2026-05-27,H30007,芯片产业,5005.65,5097.8,4827.27,4845.48,-2.26,4110428409.0,376812000000.0,csindex
2026-05-28,159915,创业板ETF,4.039,4.148,3.984,4.138,2.0217,14011682.0,5679123199.999999,tencent
2026-05-28,399971,中证传媒,1336.71,1341.43,1308.97,1334.28,-0.7,2797405065.0,33370000000.0,csindex
2026-05-28,510300,沪深300ETF,4.917,4.948,4.866,4.932,0.0,4396498.0,2155076600.0,tencent
2026-05-28,931152,中证创新药产业,1736.75,1745.23,1692.29,1701.3,-2.23,658701502.0,23793000000.0,csindex
2026-05-28,H30007,芯片产业,4793.55,4907.14,4754.79,4874.94,0.61,3425312468.0,311205000000.0,csindex
2026-05-29,159915,创业板ETF,4.143,4.174,4.022,4.053,-2.0541,16171881.0,6627594200.0,tencent
2026-05-29,399971,中证传媒,1342.8,1359.39,1331.55,1338.49,0.32,3131135407.0,39674000000.0,csindex
2026-05-29,510300,沪深300ETF,4.946,4.978,4.9,4.923,-0.1825,6566854.0,3243446900.0,tencent
2026-05-29,931152,中证创新药产业,1702.38,1756.02,1690.64,1733.66,1.9,891560098.0,34714000000.0,csindex
2026-05-29,H30007,芯片产业,4899.13,4908.74,4547.21,4609.56,-5.44,3442586770.0,316508000000.0,csindex
2026-06-01,159915,创业板ETF,4.047,4.094,3.956,3.964,-2.1959,13224451.0,5325031100.0,tencent
2026-06-01,399971,中证传媒,1336.31,1390.41,1335.33,1377.09,2.88,3514245693.0,45936000000.0,csindex
2026-06-01,510300,沪深300ETF,4.923,4.94,4.861,4.868,-1.1172,4990927.0,2443095500.0,tencent
2026-06-01,931152,中证创新药产业,1737.13,1772.84,1706.79,1714.24,-1.12,784955653.0,32095999999.999996,csindex
2026-06-01,H30007,芯片产业,4611.62,4621.11,4345.62,4353.89,-5.55,2746512796.0,259792999999.99997,csindex
2026-06-02,159915,创业板ETF,3.981,4.098,3.959,4.071,2.6993,14821750.0,5968727700.0,tencent
2026-06-02,399971,中证传媒,1375.38,1375.38,1323.51,1334.49,-3.09,3122877461.0,39762000000.0,csindex
2026-06-02,510300,沪深300ETF,4.867,4.956,4.856,4.936,1.3969,6809437.0,3345673300.0,tencent
2026-06-02,931152,中证创新药产业,1710.78,1710.78,1677.26,1687.66,-1.55,625793151.0,23168000000.0,csindex
2026-06-02,H30007,芯片产业,4379.98,4491.71,4283.13,4422.22,1.57,2349707326.0,224973000000.0,csindex
2026-06-03,159915,创业板ETF,4.095,4.23,4.076,4.145,1.8177,16490581.0,6853479700.0,tencent
2026-06-03,399971,中证传媒,1321.11,1332.04,1304.47,1314.7,-1.48,2592313244.0,32579000000.000004,csindex
2026-06-03,510300,沪深300ETF,4.938,5.016,4.928,4.965,0.5875,7604619.0,3784498000.0,tencent
2026-06-03,931152,中证创新药产业,1680.85,1681.17,1653.63,1658.01,-1.76,637001979.0,22519000000.0,csindex
2026-06-03,H30007,芯片产业,4455.86,4698.89,4455.86,4568.71,3.31,2936500794.0,291631000000.0,csindex
2026-06-04,159915,创业板ETF,4.074,4.131,4.065,4.1,-1.0856,10599121.0,4344953800.0,tencent
2026-06-04,399971,中证传媒,1301.87,1306.76,1281.32,1290.54,-1.84,2339150490.0,28230000000.0,csindex
2026-06-04,510300,沪深300ETF,4.919,4.961,4.91,4.926,-0.7855,6097283.0,3006706300.0,tencent
2026-06-04,931152,中证创新药产业,1653.81,1664.78,1632.39,1640.02,-1.08,587185883.0,19925000000.0,csindex
2026-06-04,H30007,芯片产业,4502.63,4708.85,4499.03,4667.93,2.17,2437666897.0,248519999999.99997,csindex
2026-06-05,159915,创业板ETF,4.083,4.122,3.947,3.977,-3.0,14663505.0,5925661200.0,tencent
2026-06-05,399971,中证传媒,1299.47,1309.68,1288.28,1293.19,0.21,2597467516.0,32044000000.0,csindex
2026-06-05,510300,沪深300ETF,4.909,4.948,4.825,4.843,-1.6849,6182927.0,3023262800.0000005,tencent
2026-06-05,931152,中证创新药产业,1659.52,1674.09,1635.46,1639.7,-0.02,641599237.0,23819000000.0,csindex
2026-06-05,H30007,芯片产业,4558.27,4624.03,4401.62,4426.34,-5.17,2469205052.0,236523000000.0,csindex
2026-06-08,159915,创业板ETF,3.83,3.916,3.79,3.827,-3.7717,17916388.0,6918765200.0,tencent
2026-06-08,399971,中证传媒,1261.98,1294.13,1249.15,1261.14,-2.48,2651449707.0,30760000000.000004,csindex
2026-06-08,510300,沪深300ETF,4.79,4.808,4.705,4.739,-2.1474,9232724.0,4394322800.0,tencent
2026-06-08,931152,中证创新药产业,1620.12,1641.68,1583.35,1600.66,-2.38,651837065.0,22315000000.0,csindex
2026-06-08,H30007,芯片产业,4178.31,4334.89,4177.95,4221.19,-4.63,2100945437.0,196219000000.0,csindex
2026-06-09,159915,创业板ETF,3.877,3.975,3.836,3.972,3.7889,15787653.0,6169162400.0,tencent
2026-06-09,399971,中证传媒,1273.31,1284.96,1254.86,1281.41,1.61,2684137278.0,30287000000.0,csindex
2026-06-09,510300,沪深300ETF,4.764,4.828,4.741,4.826,1.8358,4361645.0,2085593700.0,tencent
2026-06-09,931152,中证创新药产业,1600.0,1612.8,1573.87,1605.04,0.27,602104266.0,23708000000.0,csindex
2026-06-09,H30007,芯片产业,4335.11,4443.58,4261.75,4437.32,5.12,2065640025.0,192771000000.0,csindex
2026-06-10,159915,创业板ETF,3.925,3.942,3.835,3.87,-2.568,12698150.0,4932052600.0,tencent
2026-06-10,399971,中证传媒,1267.14,1284.93,1251.83,1257.56,-1.86,2716895988.0,30474000000.0,csindex
2026-06-10,510300,沪深300ETF,4.79,4.814,4.751,4.784,-0.8703,3931623.0,1879212000.0,tencent
2026-06-10,931152,中证创新药产业,1596.59,1633.09,1596.22,1633.09,1.75,642403293.0,22809000000.0,csindex
2026-06-10,H30007,芯片产业,4415.75,4572.4,4347.48,4398.59,-0.87,2109461394.0,210140000000.0,csindex
2026-06-11,159915,创业板ETF,3.843,3.925,3.77,3.83,-1.0336,15131492.0,5811234700.0,tencent
2026-06-11,399971,中证传媒,1247.73,1247.73,1210.35,1215.58,-3.34,2636516562.0,28230000000.0,csindex
2026-06-11,510300,沪深300ETF,4.766,4.793,4.718,4.751,-0.6898,4160688.0,1975529500.0,tencent
2026-06-11,931152,中证创新药产业,1619.91,1633.91,1608.84,1624.63,-0.52,575635558.0,20035000000.0,csindex
2026-06-11,H30007,芯片产业,4386.9,4478.68,4346.97,4427.54,0.66,1761174826.0,184437000000.0,csindex
2026-06-12,159915,创业板ETF,3.932,3.934,3.835,3.846,0.4178,12496087.0,4861544000.0,tencent
2026-06-12,399971,中证传媒,1228.75,1242.79,1213.51,1226.43,0.89,3278980188.0,34584000000.0,csindex
2026-06-12,510300,沪深300ETF,4.81,4.846,4.789,4.818,1.4102,7808859.0,3761995000.0,tencent
2026-06-12,931152,中证创新药产业,1631.29,1665.1,1609.49,1663.38,2.38,901259465.0,32683000000.0,csindex
2026-06-12,H30007,芯片产业,4615.55,4642.64,4389.19,4399.64,-0.63,2634720703.0,270607000000.00003,csindex
2026-06-15,159915,创业板ETF,3.912,4.053,3.858,4.045,5.1742,14610496.0,5783322900.0,tencent
2026-06-15,399971,中证传媒,1238.08,1257.62,1230.04,1247.41,1.71,3017889773.0,34205000000.0,csindex
2026-06-15,510300,沪深300ETF,4.858,4.92,4.839,4.919,2.0963,16233007.0,7928405400.0,tencent
2026-06-15,931152,中证创新药产业,1658.03,1663.24,1643.33,1653.2,-0.61,713729621.0,24329000000.0,csindex
2026-06-15,H30007,芯片产业,4475.14,4658.0,4365.6,4658.0,5.87,2353431058.0,254230000000.00003,csindex
2026-06-16,159915,创业板ETF,4.068,4.154,4.063,4.111,1.6316,10921491.0,4481671100.0,tencent
2026-06-16,399971,中证传媒,1243.55,1246.03,1226.47,1237.15,-0.82,2779226490.0,30101000000.0,csindex
2026-06-16,510300,沪深300ETF,4.92,4.933,4.893,4.91,-0.183,9085294.0,4467242100.0,tencent
2026-06-16,931152,中证创新药产业,1645.8,1645.93,1622.56,1626.67,-1.6,628986702.0,19934000000.0,csindex
2026-06-16,H30007,芯片产业,4679.72,4723.7,4620.0,4695.68,0.81,2498559212.0,242766000000.0,csindex
2026-06-17,159915,创业板ETF,4.086,4.183,4.071,4.183,1.7514,10937036.0,4511811500.0,tencent
2026-06-17,399971,中证传媒,1229.49,1229.49,1209.08,1218.12,-1.54,2390655510.0,25951000000.0,csindex
2026-06-17,510300,沪深300ETF,4.898,4.96,4.894,4.958,0.9776,13911870.0,6854308700.0,tencent
2026-06-17,931152,中证创新药产业,1622.92,1627.03,1609.63,1616.08,-0.65,576191769.0,18518000000.0,csindex
2026-06-17,H30007,芯片产业,4615.01,4981.04,4612.84,4978.83,6.03,2939611132.0,317080000000.0,csindex
2026-06-18,159915,创业板ETF,4.169,4.288,4.16,4.269,2.0559,10580532.0,4493982900.0,tencent
2026-06-18,399971,中证传媒,1215.65,1241.89,1204.13,1225.17,0.58,2818326876.0,35241000000.0,csindex
2026-06-18,510300,沪深300ETF,4.943,5.001,4.941,4.984,0.5244,12933430.0,6434057100.0,tencent
2026-06-18,931152,中证创新药产业,1611.71,1685.42,1601.99,1658.23,2.61,856300363.0,32981000000.0,csindex
2026-06-18,H30007,芯片产业,4979.04,5262.02,4976.5,5187.62,4.19,2778736913.0,348733000000.0,csindex
2026-06-22,159915,创业板ETF,4.291,4.379,4.24,4.379,2.5767,15925980.0,6869550100.0,tencent
2026-06-22,399971,中证传媒,1215.51,1259.21,1213.33,1258.6,2.73,3470979437.0,43130000000.0,csindex
2026-06-22,510300,沪深300ETF,4.983,5.095,4.954,5.091,2.1469,19131578.0,9643147400.0,tencent
2026-06-22,931152,中证创新药产业,1646.7,1672.77,1608.3,1671.97,0.83,959634727.0,33658999999.999996,csindex
2026-06-22,H30007,芯片产业,5259.11,5374.8,5143.66,5347.99,3.09,3105392436.0,352798000000.0,csindex
2026-06-23,159915,创业板ETF,4.379,4.379,4.17,4.21,-3.8593,18967385.0,8095279900.0,tencent
2026-06-23,399971,中证传媒,1250.63,1263.12,1217.8,1223.51,-2.79,3452116133.0,39263000000.0,csindex
2026-06-23,510300,沪深300ETF,5.079,5.095,4.915,4.942,-2.9267,26173354.0,13121283600.000002,tencent
2026-06-23,931152,中证创新药产业,1667.56,1727.0,1667.41,1695.89,1.43,1059741074.0,37717000000.0,csindex
2026-06-23,H30007,芯片产业,5305.07,5442.33,5179.79,5251.09,-1.81,2970903163.0,345421000000.0,csindex
2026-06-24,159915,创业板ETF,4.206,4.271,4.174,4.258,1.1401,16634732.0,7032563300.0,tencent
2026-06-24,399971,中证传媒,1219.7,1233.74,1201.72,1218.09,-0.44,2759526840.0,31705000000.0,csindex
2026-06-24,510300,沪深300ETF,4.929,4.978,4.916,4.967,0.5059,25906734.0,12839317600.0,tencent
2026-06-24,931152,中证创新药产业,1700.47,1770.03,1698.93,1739.05,2.55,1171758401.0,48270000000.0,csindex
2026-06-24,H30007,芯片产业,5183.99,5555.84,5171.1,5549.18,5.68,3020130140.0,369569000000.0,csindex
2026-06-25,159915,创业板ETF,4.287,4.395,4.254,4.395,3.2175,13760514.0,5951167200.0,tencent
2026-06-25,399971,中证传媒,1208.08,1229.19,1205.68,1221.39,0.27,3299524642.0,38352000000.0,csindex
2026-06-25,510300,沪深300ETF,4.973,5.055,4.966,5.048,1.6308,26406087.0,13252886399.999998,tencent
2026-06-25,931152,中证创新药产业,1720.46,1767.4,1691.46,1755.24,0.93,1075965828.0,43265000000.0,csindex
2026-06-25,H30007,芯片产业,5649.48,5851.14,5631.25,5836.01,5.17,3410000656.0,412167000000.0,csindex
2026-06-26,159915,创业板ETF,4.328,4.344,4.19,4.215,-4.0956,15360304.0,6542724800.0,tencent
2026-06-26,399971,中证传媒,1215.55,1217.24,1174.37,1184.99,-2.98,3350063426.0,38962000000.0,csindex
2026-06-26,510300,沪深300ETF,5.008,5.015,4.88,4.907,-2.7932,9582429.0,4730764100.0,tencent
2026-06-26,931152,中证创新药产业,1755.05,1768.88,1701.38,1701.38,-3.07,913082526.0,35980000000.0,csindex
2026-06-26,H30007,芯片产业,5750.04,5911.56,5618.6,5789.86,-0.79,3568149992.0,416602000000.00006,csindex
2026-06-29,159915,创业板ETF,4.2,4.28,4.118,4.236,0.4982,15535904.0,6516025400.0,tencent
2026-06-29,399971,中证传媒,1188.38,1212.08,1178.78,1195.94,0.92,3307737990.0,38326000000.0,csindex
2026-06-29,510300,沪深300ETF,4.897,4.966,4.866,4.959,1.0597,14848057.0,7294621800.000001,tencent
2026-06-29,931152,中证创新药产业,1698.12,1844.53,1681.92,1839.89,8.14,1572033867.0,63437000000.0,csindex
2026-06-29,H30007,芯片产业,5822.64,6109.54,5700.67,6104.13,5.43,3694290906.0,445947999999.99994,csindex
2026-06-30,159915,创业板ETF,4.224,4.37,4.221,4.364,3.0217,11087849.0,4776124300.0,tencent
2026-06-30,399971,中证传媒,1194.84,1209.79,1175.98,1209.0,1.09,2902847669.0,33163000000.0,csindex
2026-06-30,510300,沪深300ETF,4.947,5.022,4.942,5.019,1.2099,20297213.0,10142732800.0,tencent
2026-06-30,931152,中证创新药产业,1829.98,1836.66,1797.44,1811.85,-1.52,1176346012.0,50032000000.0,csindex
2026-06-30,H30007,芯片产业,6085.51,6306.93,5984.81,6280.85,2.9,3091194356.0,402006000000.0,csindex
2026-07-01,159915,创业板ETF,4.364,4.378,4.234,4.274,-2.0623,12692150.0,5484765900.0,tencent
2026-07-01,399971,中证传媒,1207.11,1233.41,1192.07,1217.05,0.67,3332755749.0,39623000000.0,csindex
2026-07-01,510300,沪深300ETF,5.009,5.054,4.957,4.998,-0.4184,9626190.0,4820926500.0,tencent
2026-07-01,931152,中证创新药产业,1796.22,1893.94,1746.42,1893.03,4.48,1591558251.0,68321000000.0,csindex
2026-07-01,H30007,芯片产业,6268.88,6504.89,6027.9,6130.25,-2.4,3410902370.0,441708000000.0,csindex
2026-07-02,159915,创业板ETF,4.207,4.207,4.016,4.036,-5.5686,18764852.0,7700524800.0,tencent
2026-07-02,399971,中证传媒,1231.75,1246.45,1216.5,1226.87,0.81,3701152308.0,48751000000.0,csindex
2026-07-02,510300,沪深300ETF,4.955,4.96,4.835,4.85,-2.9612,13691536.0,6704066000.0,tencent
2026-07-02,931152,中证创新药产业,1882.06,1935.92,1869.01,1892.97,0.0,1392969960.0,62436000000.0,csindex
2026-07-02,H30007,芯片产业,5796.92,5938.55,5582.75,5608.39,-8.51,2966194489.0,383118000000.0,csindex
2026-07-03,159915,创业板ETF,4.002,4.13,4.0,4.037,0.0248,13752185.0,5595214399.999999,tencent
2026-07-03,399971,中证传媒,1218.19,1229.53,1192.42,1203.86,-1.88,3325847243.0,40599000000.0,csindex
2026-07-03,510300,沪深300ETF,4.83,4.927,4.828,4.876,0.5361,19983308.0,9792434500.0,tencent
2026-07-03,931152,中证创新药产业,1909.38,1948.1,1868.12,1945.15,2.76,1321602271.0,57800000000.0,csindex
2026-07-03,H30007,芯片产业,5536.63,5754.63,5427.1,5539.46,-1.23,2542256875.0,345912000000.0,csindex
2026-07-06,159915,创业板ETF,4.051,4.077,3.918,3.97,-1.6596,12422136.0,4961682400.0,tencent
2026-07-06,399971,中证传媒,1202.2,1219.8,1193.94,1194.66,-0.76,3049979986.0,35581000000.0,csindex
2026-07-06,510300,沪深300ETF,4.9,4.914,4.831,4.877,0.0205,6179918.0,3016661200.0,tencent
2026-07-06,931152,中证创新药产业,1923.13,2044.85,1913.17,1965.03,1.02,1785933334.0,78808000000.0,csindex
2026-07-06,H30007,芯片产业,5674.72,5704.01,5353.43,5599.01,1.07,2510092903.0,347349000000.0,csindex
2026-07-07,159915,创业板ETF,3.93,3.991,3.872,3.932,-0.9572,13412604.0,5277354399.999999,tencent
2026-07-07,399971,中证传媒,1192.1,1229.28,1189.98,1196.14,0.12,3205657421.0,41037000000.0,csindex
2026-07-07,510300,沪深300ETF,4.858,4.877,4.796,4.826,-1.0457,6986968.0,3378515900.0000005,tencent
2026-07-07,931152,中证创新药产业,1940.28,1940.28,1872.65,1877.29,-4.47,1321669395.0,56091000000.0,csindex
2026-07-07,H30007,芯片产业,5474.38,5709.99,5437.28,5573.64,-0.45,2628480600.0,307683000000.0,csindex
2026-07-08,159915,创业板ETF,3.948,3.98,3.842,3.867,-1.6531,16494278.0,6443919100.0,tencent
2026-07-08,399971,中证传媒,1195.39,1204.54,1169.13,1192.53,-0.3,2911424203.0,37318000000.0,csindex
2026-07-08,510300,沪深300ETF,4.836,4.872,4.793,4.798,-0.5802,4846848.0,2337287000.0,tencent
2026-07-08,931152,中证创新药产业,1880.77,1909.33,1832.35,1832.62,-2.38,1067521881.0,43711000000.0,csindex
2026-07-08,H30007,芯片产业,5635.77,5792.67,5383.92,5583.73,0.18,2895471848.0,335156000000.0,csindex
2026-07-09,159915,创业板ETF,3.904,4.048,3.831,4.04,4.4738,19492045.0,7646989100.0,tencent
2026-07-09,399971,中证传媒,1180.62,1214.1,1169.48,1200.9,0.7,3242190237.0,40974000000.0,csindex
2026-07-09,510300,沪深300ETF,4.813,4.925,4.777,4.916,2.4594,9558592.0,4636438100.0,tencent
2026-07-09,931152,中证创新药产业,1815.34,1898.93,1806.76,1866.31,1.84,1082346420.0,45378000000.0,csindex
2026-07-09,H30007,芯片产业,5701.77,6088.89,5613.29,6084.62,8.97,2971144107.0,395802000000.0,csindex
2026-07-10,159915,创业板ETF,4.046,4.088,3.86,3.862,-4.4059,19048314.0,7609789600.0,tencent
2026-07-10,399971,中证传媒,1188.02,1258.82,1179.22,1231.85,2.58,4839951206.0,58041000000.0,csindex
2026-07-10,510300,沪深300ETF,4.918,4.949,4.827,4.829,-1.7697,8242800.0,4039507199.9999995,tencent
2026-07-10,931152,中证创新药产业,1846.22,1957.66,1840.67,1925.27,3.16,1448946713.0,58982000000.00001,csindex
2026-07-10,H30007,芯片产业,6138.3,6278.6,5703.49,5703.49,-6.26,3427316440.0,461549000000.0,csindex
2026-07-13,159915,创业板ETF,3.81,3.876,3.712,3.751,-2.8742,19042355.0,7214651899.999999,tencent
2026-07-13,399971,中证传媒,1221.97,1230.44,1172.65,1177.72,-4.39,3656128888.0,41054000000.0,csindex
2026-07-13,510300,沪深300ETF,4.802,4.821,4.719,4.744,-1.7602,16190530.0,7705111600.0,tencent
2026-07-13,931152,中证创新药产业,1919.45,1939.12,1895.37,1911.83,-0.7,1330606211.0,50739000000.0,csindex
2026-07-13,H30007,芯片产业,5610.52,5813.35,5400.28,5450.11,-4.44,3183607256.0,393041000000.0,csindex
2026-07-14,159915,创业板ETF,3.739,3.874,3.693,3.867,3.0925,23142777.0,8767464800.0,tencent
2026-07-14,399971,中证传媒,1175.31,1179.1,1130.86,1155.96,-1.85,2832125817.0,31880000000.0,csindex
2026-07-14,510300,沪深300ETF,4.744,4.838,4.696,4.837,1.9604,18084400.0,8630537900.0,tencent
2026-07-14,931152,中证创新药产业,1900.07,1975.6,1881.83,1975.02,3.31,1477310813.0,58552000000.0,csindex
2026-07-14,H30007,芯片产业,5448.16,5546.06,5149.2,5511.44,1.12,3335265133.0,381517000000.0,csindex
2026-07-15,159915,创业板ETF,3.885,3.925,3.812,3.828,-1.0085,17779717.0,6879496100.0,tencent
2026-07-15,399971,中证传媒,1157.56,1208.08,1154.75,1199.61,3.78,3387519744.0,39656000000.0,csindex
2026-07-15,510300,沪深300ETF,4.829,4.87,4.819,4.838,0.0207,7220327.0,3497653900.0,tencent
2026-07-15,931152,中证创新药产业,1965.23,2105.44,1964.74,2054.51,4.02,2097368332.0,91062000000.0,csindex
2026-07-15,H30007,芯片产业,5573.31,5582.91,5177.49,5216.11,-5.36,2764530569.0,317518000000.0,csindex
2026-07-16,159915,创业板ETF,3.769,3.816,3.68,3.723,-2.7429,20748558.0,7769713700.0,tencent
2026-07-16,399971,中证传媒,1195.75,1232.74,1183.72,1218.26,1.55,3672025964.0,45258000000.0,csindex
2026-07-16,510300,沪深300ETF,4.775,4.825,4.724,4.753,-1.7569,16578228.0,7909234100.0,tencent
2026-07-16,931152,中证创新药产业,2014.52,2089.93,1980.58,2048.76,-0.28,1953600858.0,80548000000.0,csindex
2026-07-16,H30007,芯片产业,5041.58,5226.06,4868.88,4915.17,-5.77,2587214220.0,299914000000.0,csindex
2026-07-17,159915,创业板ETF,3.679,3.679,3.408,3.463,-6.9836,43622986.0,15426969200.0,tencent
2026-07-17,399971,中证传媒,1212.88,1231.82,1152.55,1153.22,-5.34,4071559449.0,46784000000.0,csindex
2026-07-17,510300,沪深300ETF,4.72,4.73,4.546,4.589,-3.4505,31647757.0,14648790600.0,tencent
2026-07-17,931152,中证创新药产业,2026.03,2031.75,1899.07,1899.07,-7.31,1684468076.0,66283000000.00001,csindex
2026-07-17,H30007,芯片产业,4855.43,4889.57,4506.58,4545.05,-7.53,2838123905.0,322971000000.0,csindex
2026-07-20,159915,创业板ETF,3.512,3.572,3.358,3.477,0.4043,56299394.0,19456636100.0,tencent
2026-07-20,399971,中证传媒,1158.53,1176.71,1138.35,1164.82,1.01,3650451699.0,38376000000.0,csindex
2026-07-20,510300,沪深300ETF,4.63,4.685,4.577,4.65,1.3293,40104538.0,18562451800.0,tencent
2026-07-20,931152,中证创新药产业,1871.67,1979.62,1871.24,1964.39,3.44,1562324148.0,61541000000.0,csindex
2026-07-20,H30007,芯片产业,4679.43,4722.41,4294.31,4444.23,-2.22,2692984560.0,303925000000.0,csindex
2026-07-21,159915,创业板ETF,3.488,3.713,3.393,3.709,6.6724,42769293.0,15265724200.0,tencent
2026-07-21,399971,中证传媒,1155.61,1186.91,1147.64,1181.94,1.47,3914447580.0,40901000000.0,csindex
2026-07-21,510300,沪深300ETF,4.677,4.789,4.617,4.787,2.9462,27388321.0,12894642100.0,tencent
2026-07-21,931152,中证创新药产业,1949.37,1982.19,1908.04,1981.92,0.89,1467232880.0,57762000000.0,csindex
2026-07-21,H30007,芯片产业,4545.53,4982.39,4271.06,4980.45,12.06,3331530077.0,363691000000.0,csindex
2026-07-22,159915,创业板ETF,3.65,3.716,3.575,3.586,-3.3163,25917736.0,9480428900.0,tencent
2026-07-22,399971,中证传媒,1166.46,1169.31,1144.35,1146.28,-3.02,3034063385.0,33107000000.0,csindex
2026-07-22,510300,沪深300ETF,4.75,4.823,4.75,4.765,-0.4596,12650379.0,6059305800.0,tencent
2026-07-22,931152,中证创新药产业,1960.09,2038.44,1956.55,1985.72,0.19,1331875276.0,54796000000.0,csindex
2026-07-22,H30007,芯片产业,4931.96,5140.44,4843.8,4915.53,-1.3,3150952701.0,365414000000.0,csindex
2026-07-23,159915,创业板ETF,3.597,3.645,3.559,3.597,0.3067,17742764.0,6389409900.0,tencent
2026-07-23,399971,中证传媒,1138.83,1138.83,1114.4,1133.8,-1.09,2558559102.0,28356000000.0,csindex
2026-07-23,510300,沪深300ETF,4.774,4.795,4.755,4.787,0.4617,5811786.0,2775499300.0,tencent
2026-07-23,931152,中证创新药产业,1970.13,2002.06,1941.16,1975.88,-0.5,1062798605.0,43592000000.0,csindex
2026-07-23,H30007,芯片产业,4963.94,4967.29,4636.89,4687.47,-4.64,2172891873.0,255044000000.0,csindex
2026-07-24,159915,创业板ETF,3.536,3.584,3.507,3.508,-2.4743,18185051.0,6442931200.0,tencent
2026-07-24,399971,中证传媒,1116.82,1126.2,1094.41,1094.41,-3.47,2495094573.0,25061000000.0,csindex
2026-07-24,510300,沪深300ETF,4.75,4.759,4.699,4.701,-1.7965,10247632.0,4844479600.0,tencent
2026-07-24,931152,中证创新药产业,1961.51,1969.76,1891.66,1894.98,-4.09,1061173168.0,41714000000.0,csindex
2026-07-24,H30007,芯片产业,4612.63,4847.91,4581.92,4733.72,0.99,2235652304.0,247801000000.00003,csindex
2026-07-27,159915,创业板ETF,3.502,3.618,3.47,3.612,2.9647,18966400.0,6740596899.999999,tencent
2026-07-27,399971,中证传媒,1091.04,1130.65,1087.39,1129.72,3.23,2545838186.0,24172000000.0,csindex
2026-07-27,510300,沪深300ETF,4.702,4.758,4.674,4.753,1.1061,9715927.0,4584814700.0,tencent
2026-07-27,931152,中证创新药产业,1893.48,1960.38,1886.24,1936.42,2.19,959241035.0,38723000000.0,csindex
2026-07-27,H30007,芯片产业,4699.64,4793.68,4503.94,4753.36,0.41,2173075245.0,243717999999.99997,csindex
2026-07-28,159915,创业板ETF,3.513,3.538,3.335,3.355,-7.1152,37337710.0,12793024800.0,tencent
2026-07-28,399971,中证传媒,1121.03,1153.74,1120.51,1137.97,0.73,2697380672.0,25895999999.999996,csindex
2026-07-28,510300,沪深300ETF,4.69,4.7,4.609,4.627,-2.651,16853987.0,7832309399.999999,tencent
2026-07-28,931152,中证创新药产业,1925.58,1936.61,1884.44,1891.77,-2.31,808095546.0,31032000000.0,csindex
2026-07-28,H30007,芯片产业,4588.94,4720.94,4371.95,4416.31,-7.09,2139044427.0,239611000000.0,csindex
2026-07-29,159915,创业板ETF,3.346,3.435,3.273,3.402,1.4009,37079183.0,12446158000.0,tencent
2026-07-29,399971,中证传媒,1143.53,1177.57,1132.76,1171.33,2.93,3412516455.0,35774000000.0,csindex
2026-07-29,510300,沪深300ETF,4.624,4.686,4.574,4.657,0.6484,15092027.0,6987965699.999999,tencent
2026-07-29,931152,中证创新药产业,1909.29,1931.53,1880.04,1912.54,1.1,950892325.0,38592000000.0,csindex
2026-07-29,H30007,芯片产业,4427.12,4443.5,4122.13,4318.61,-2.21,2394196877.0,267048999999.99997,csindex
2026-07-30,159915,创业板ETF,3.35,3.379,3.182,3.27,-3.8801,51464921.0,16874598899.999998,tencent
2026-07-30,399971,中证传媒,1167.46,1205.66,1167.42,1170.06,-0.11,4116180900.0,41645000000.0,csindex
2026-07-30,510300,沪深300ETF,4.63,4.655,4.536,4.605,-1.1166,15120389.0,6953209399.999999,tencent
2026-07-30,931152,中证创新药产业,1908.17,1920.15,1855.31,1880.0,-1.7,936981121.0,38122000000.0,csindex
2026-07-30,H30007,芯片产业,4246.92,4300.69,3972.81,4066.38,-5.84,2332828107.0,266482000000.00003,csindex
2026-07-31,159915,创业板ETF,3.437,3.486,3.367,3.368,2.9969,43947412.0,15089205600.0,tencent
2026-07-31,399971,中证传媒,1161.42,1252.13,1161.42,1243.02,6.24,5155347037.0,57695000000.00001,csindex
2026-07-31,510300,沪深300ETF,4.68,4.703,4.644,4.653,1.0423,15016263.0,7016550800.0,tencent
2026-07-31,931152,中证创新药产业,1865.79,1919.13,1865.12,1898.59,0.99,877410486.0,35564000000.0,csindex
2026-07-31,H30007,芯片产业,4454.42,4476.46,4182.29,4182.29,2.85,2436524663.0,288964000000.0,csindex
2026-08-03,159915,创业板ETF,3.323,3.365,3.3,3.325,-1.2767,19144861.0,6381406400.0,tencent
2026-08-03,399971,中证传媒,1247.54,1281.57,1240.2,1255.42,1.0,5484117302.0,61680999999.99999,csindex
2026-08-03,510300,沪深300ETF,4.624,4.638,4.591,4.599,-1.1605,9263921.0,4269964000.0,tencent
2026-08-03,931152,中证创新药产业,1895.78,1916.42,1862.92,1866.89,-1.67,753069279.0,32882000000.0,csindex
2026-08-03,H30007,芯片产业,4122.7,4126.65,3872.53,3884.33,-7.12,1848194785.0,207044999999.99997,csindex
2026-08-04,159915,创业板ETF,3.375,3.533,3.361,3.514,5.6842,27905764.0,9646117700.0,tencent
2026-08-04,399971,中证传媒,1263.87,1296.93,1256.41,1294.42,3.11,5974478675.0,65562000000.0,csindex
2026-08-04,510300,沪深300ETF,4.618,4.672,4.615,4.651,1.1307,11730429.0,5451256800.000001,tencent
2026-08-04,931152,中证创新药产业,1903.46,1940.71,1903.46,1924.22,3.07,1003313718.0,43141000000.0,csindex
2026-08-04,H30007,芯片产业,3921.05,4119.9,3877.16,4079.54,5.03,1952937729.0,210394999999.99997,csindex
2026-08-05,159915,创业板ETF,3.4,3.607,3.4,3.56,1.309,30236017.0,10611238500.0,tencent
2026-08-05,399971,中证传媒,1279.09,1311.54,1279.09,1300.63,0.48,5485891886.0,62123000000.0,csindex
2026-08-05,510300,沪深300ETF,4.62,4.737,4.613,4.714,1.3545,14245658.0,6690045400.0,tencent
2026-08-05,931152,中证创新药产业,1922.85,1961.91,1922.38,1948.06,1.24,1023283624.0,51800000000.0,csindex
2026-08-05,H30007,芯片产业,4097.27,4403.64,4094.8,4338.18,6.34,2473995750.0,261315000000.0,csindex
2026-08-06,159915,创业板ETF,3.497,3.596,3.465,3.54,-0.5618,20671227.0,7293014000.0,tencent
2026-08-06,399971,中证传媒,1288.58,1307.92,1259.86,1272.73,-2.14,4772029321.0,53572000000.0,csindex
2026-08-06,510300,沪深300ETF,4.688,4.731,4.668,4.709,-0.1061,8783560.0,4127255000.0,tencent
2026-08-06,931152,中证创新药产业,1963.78,1965.43,1914.59,1919.67,-1.46,957914066.0,45344000000.0,csindex
2026-08-06,H30007,芯片产业,4204.81,4477.4,4204.17,4393.95,1.29,2364863346.0,229602000000.0,csindex
2026-08-07,159915,创业板ETF,3.54,3.636,3.529,3.586,1.2994,21234975.0,7613154100.0,tencent
2026-08-07,399971,中证传媒,1267.35,1284.45,1240.96,1278.85,0.48,4522390409.0,53028000000.0,csindex
2026-08-07,510300,沪深300ETF,4.706,4.764,4.706,4.751,0.8919,9435356.0,4474693300.0,tencent
2026-08-07,931152,中证创新药产业,1921.21,2049.53,1915.79,2049.42,6.76,1621039716.0,69428000000.0,csindex
2026-08-07,H30007,芯片产业,4382.94,4555.53,4359.96,4535.93,3.23,2389224564.0,248078000000.00003,csindex
2026-08-10,159915,创业板ETF,3.586,3.601,3.495,3.559,-0.7529,16580700.0,5864197000.0,tencent
2026-08-10,399971,中证传媒,1278.33,1293.79,1258.85,1293.72,1.16,3701254647.0,44367000000.0,csindex
2026-08-10,510300,沪深300ETF,4.755,4.772,4.72,4.759,0.1684,5610852.0,2663755900.0000005,tencent
2026-08-10,931152,中证创新药产业,2076.76,2122.31,2047.15,2071.19,1.06,1593928926.0,80330000000.0,csindex
2026-08-10,H30007,芯片产业,4537.4,4577.4,4420.18,4511.85,-0.53,1872966391.0,221710000000.0,csindex
2026-08-11,159915,创业板ETF,3.545,3.62,3.535,3.565,0.1686,14968815.0,5356011899.999999,tencent
2026-08-11,399971,中证传媒,1293.95,1306.57,1275.73,1277.51,-1.25,3354443992.0,40906000000.0,csindex
2026-08-11,510300,沪深300ETF,4.75,4.775,4.722,4.728,-0.6514,5353219.0,2541400100.0,tencent
2026-08-11,931152,中证创新药产业,2065.29,2137.15,2061.17,2081.11,0.48,1476378474.0,70196000000.0,csindex
2026-08-11,H30007,芯片产业,4444.06,4574.24,4422.9,4452.48,-1.32,1636116200.0,189715000000.0,csindex
2026-08-12,399971,中证传媒,1282.03,1304.48,1272.14,1292.9,1.2047,30857744.0,33802290000.0,tencent
